VarName,label,Longitudinal.,IMiC_dataset,VITAL.LACTATION,ELICIT,MISAME.3,CHILD,SDTM_mapped,datlabel,VarSubCategory,NEW,variable_original_MISAME,label_original_MISAME,VISIT_MISAME,variable_original_ELICIT,label_original_ELICIT,VISIT_ELICIT,variable_original_CHILD,label_original_CHILD,VISIT_CHILD,variable_original_VITAL.L,label_original_VITAL.L,VISIT_VITAL.L
BAZ,BMI for age z-score,yes,yes,1,1,1,1,yes,Anthropometry,Child Anthropometry,NA,NA,NA,NA,NA,NA,NA,NA,NA,NA,NA,NA,NA
BMI,BMI (kg/m**2),yes,yes,1,1,1,1,yes,Anthropometry,Child Anthropometry,NA,NA,NA,NA,NA,NA,NA,NA,NA,NA,NA,NA,NA
CHCIRCM,Chest circumference (cm),yes,yes,0,0,1,0,yes,Anthropometry,Child Anthropometry,NA,d_ccc1; d_ccc2,Birth chest circumference 1; Birth chest circumference 2,Delivery; Delivery,NA,NA,NA,NA,NA,NA,NA,NA,NA
HAZ,Length/height for age z-score,yes,yes,1,1,1,1,yes,Anthropometry,Child Anthropometry,NA,NA,NA,NA,NA,NA,NA,NA,NA,NA,NA,NA,NA
HCAZ,Head circumference for age z-score,yes,yes,0,1,1,1,yes,Anthropometry,Child Anthropometry,1,NA,NA,NA,NA,NA,NA,NA,NA,NA,NA,NA,NA
HCIRCM,Head circumference (cm),yes,yes,0,1,1,1,yes,Anthropometry,Child Anthropometry,NA,d_chc1; d_chc2; pn_chc1_1; pn_chc1_2; pn_chc1_3; pn_chc1_4; pn_chc1_5; pn_chc1_6; pn_chc1_9; pn_chc2_1; pn_chc2_2; pn_chc2_3; pn_chc2_4; pn_chc2_5; pn_chc2_6; pn_chc2_9,Birth head circumference 1; Birth head circumference 2; Infant head circumference_1; Infant head circumference_1; Infant head circumference_1; Infant head circumference_1; Infant head circumference_1; Infant head circumference_1; Infant head circumference_1; Infant head circumference_2; Infant head circumference_2; Infant head circumference_2; Infant head circumference_2; Infant head circumference_2; Infant head circumference_2; Infant head circumference_2,Delivery; Delivery; Post Natal FU M01; Post Natal FU M02; Post Natal FU M03; Post Natal FU M04; Post Natal FU M05; Post Natal FU M06; Post Natal FU M09; Post Natal FU M01; Post Natal FU M02; Post Natal FU M03; Post Natal FU M04; Post Natal FU M05; Post Natal FU M06; Post Natal FU M09,IAF_HEAD_CIRCUM; HEAD_18; NA,enrollment head circumference (cm); 18 month head circumference measurment(cm); NA,Enrolment Visit; 18 Months Visit; 9 Months Visit,CHILD_11687; CHILD_97014,Baby s head circumference (cm); Anthropometrics Child s head circumference (cm),3 Months FU; 1 Year FU,NA,NA,NA
HTCM,Standing height (cm),yes,yes,0,0,0,1,yes,Anthropometry,Child Anthropometry,NA,NA,NA,NA,NA,NA,NA,CHILD_12709,Child s height What is your child s current height? (cm),2 Years FU,NA,NA,NA
LENCM,Recumbent length (cm),yes,yes,1,1,1,1,yes,Anthropometry,Child Anthropometry,NA,d_clength1; d_clength2; pn_cheight1_1; pn_cheight1_2; pn_cheight1_3; pn_cheight1_4; pn_cheight1_5; pn_cheight1_6; pn_cheight1_9; pn_cheight2_1; pn_cheight2_2; pn_cheight2_3; pn_cheight2_4; pn_cheight2_5; pn_cheight2_6; pn_cheight2_9,Birth length 1; Birth length 2; Infant height_1; Infant height_1; Infant height_1; Infant height_1; Infant height_1; Infant height_1; Infant height_1; Infant height_2; Infant height_2; Infant height_2; Infant height_2; Infant height_2; Infant height_2; Infant height_2,Delivery; Delivery; Post Natal FU M01; Post Natal FU M02; Post Natal FU M03; Post Natal FU M04; Post Natal FU M05; Post Natal FU M06; Post Natal FU M09; Post Natal FU M01; Post Natal FU M02; Post Natal FU M03; Post Natal FU M04; Post Natal FU M05; Post Natal FU M06; Post Natal FU M09,IAF_LENGTH; HEIGHT_18; NA,enrollment length (cm); 18 month length (cm); NA,Enrolment Visit; 18 Months Visit; 3 Months Visit,CHILD_11686; CHILD_97013,Baby s length (cm); Anthropometrics Child s length (cm),3 Months FU; 1 Year FU,crf3c_q9_a; crf3c_q9_b; crf3c_q10,Current lenght of the baby in cm - Reader 1; Current lenght of the baby in cm - Reader 2; System gererated average length of baby in cm,Baseline; Baseline; Baseline
MUACCM,Mid upper-arm circumference (cm),yes,yes,1,1,1,0,yes,Anthropometry,Child Anthropometry,NA,d_cmuac1; d_cmuac2; pn_cmuac1_1; pn_cmuac1_2; pn_cmuac1_3; pn_cmuac1_4; pn_cmuac1_5; pn_cmuac1_6; pn_cmuac1_9; pn_cmuac2_1; pn_cmuac2_2; pn_cmuac2_3; pn_cmuac2_4; pn_cmuac2_5; pn_cmuac2_6; pn_cmuac2_9,Birth MUAC 1; Birth MUAC 2; Infant MUAC_1; Infant MUAC_1; Infant MUAC_1; Infant MUAC_1; Infant MUAC_1; Infant MUAC_1; Infant MUAC_1; Infant MUAC_2; Infant MUAC_2; Infant MUAC_2; Infant MUAC_2; Infant MUAC_2; Infant MUAC_2; Infant MUAC_2,Delivery; Delivery; Post Natal FU M01; Post Natal FU M02; Post Natal FU M03; Post Natal FU M04; Post Natal FU M05; Post Natal FU M06; Post Natal FU M09; Post Natal FU M01; Post Natal FU M02; Post Natal FU M03; Post Natal FU M04; Post Natal FU M05; Post Natal FU M06; Post Natal FU M09,MUAC_18,18 month mid-upper arm circumference measurement (cm),18 Months Visit,NA,NA,NA,crf3c_q11_a; crf3c_q11_b; crf3c_q12,Current MUAC of the baby in grams - Reader 1; Current MUAC of the baby in grams - Reader 2; System gererated average MUAC of baby in cm,Baseline; Baseline; Baseline
MUAZ,MUAC for age z-score,yes,yes,1,1,1,0,yes,Anthropometry,Child Anthropometry,NA,NA,NA,NA,NA,NA,NA,NA,NA,NA,NA,NA,NA
WAZ,Weight for age z-score,yes,yes,1,1,1,1,yes,Anthropometry,Child Anthropometry,NA,NA,NA,NA,NA,NA,NA,NA,NA,NA,NA,NA,NA
WHZ,Weight for length/height z-score,yes,yes,1,1,1,1,yes,Anthropometry,Child Anthropometry,NA,NA,NA,NA,NA,NA,NA,NA,NA,NA,NA,NA,NA
WTKG,Weight (kg),yes,yes,1,1,1,1,yes,Anthropometry,Child Anthropometry,NA,d_cweight1; d_cweight2; pn_cweight1_1; pn_cweight1_2; pn_cweight1_3; pn_cweight1_4; pn_cweight1_5; pn_cweight1_6; pn_cweight1_9; pn_cweight2_1; pn_cweight2_2; pn_cweight2_3; pn_cweight2_4; pn_cweight2_5; pn_cweight2_6; pn_cweight2_9,Birth weight 1; Birth weight 2; Infant weight_1; Infant weight_1; Infant weight_1; Infant weight_1; Infant weight_1; Infant weight_1; Infant weight_1; Infant weight_2; Infant weight_2; Infant weight_2; Infant weight_2; Infant weight_2; Infant weight_2; Infant weight_2,Delivery; Delivery; Post Natal FU M01; Post Natal FU M02; Post Natal FU M03; Post Natal FU M04; Post Natal FU M05; Post Natal FU M06; Post Natal FU M09; Post Natal FU M01; Post Natal FU M02; Post Natal FU M03; Post Natal FU M04; Post Natal FU M05; Post Natal FU M06; Post Natal FU M09,IAF_WEIGHT; WEIGHT_18; NA,enrollment weight (kg); 18 month weight measurement (kg); NA,Enrolment Visit; 18 Months Visit; 6 Months Visit,CHILD_11685; CHILD_97012; CHILD_12706,Baby s weight (kg); Anthropometrics Child s weight (kg); Child s weight What is your child s current weight? (Kg),3 Months FU; 1 Year FU; 2 Years FU,crf2_q25; crf2_q26; crf2_q27; crf3c_q7_a; crf3c_q7_b; crf3c_q8; crf11_q26,Current weight of the child  - reader 1 (gram); Current weight of the child  - reader 2 (gram); System gererated average child weight in grams; Current weight of the baby in grams - Reader 1; Current weight of the baby in grams - Reader 2; System gererated average baby weight in grams; Current weight of the child (grams),Screening; Screening; Screening; Baseline; Baseline; Baseline; Unscheduled
HGB,Hemoglobin (g/dL),yes,yes,1,1,1,0,yes,Laboratory Test Results,Child Anthropometry,NA,pn_chemoglobin_6,Infant hemoglobine at 6 mo,Post Natal FU M06,HB_2; HB_8; HB_18,Hemoglobin (g/dL) at two months; Hemoglobin (g/dL) at eight months; Hemoglobin (g/dL) at eighteen months,Lab visit 1; Lab visit 2; Lab visit 3,NA,NA,NA,q93; q156,Infant hemoglobin level - first time-point; Infant hemoglobin level - second time-point,Follow up Day 42; Follow up Day 56
BIRTHLEN,Birth Length (cm),no,yes,1,0,1,1,yes,Subject Level Data,Child Anthropometry,NA,d_clength1; d_clength2,Birth length 1; Birth length 2,Delivery; Delivery,NA,NA,NA,CHILD_113790,Birth length (cm),Birth CBIR,NA,NA,NA
BIRTHWT,Birth Weight (grams),no,yes,1,0,1,1,yes,Subject Level Data,Child Anthropometry,NA,d_cweight1; d_cweight2,Birth weight 1; Birth weight 2,Delivery; Delivery,NA,NA,NA,CHILD_113787,Birth weight (grams),Birth CBIR,NA,NA,NA
BIRTHORD,Birth Order,no,yes,1,0,0,0,no,NA,Child Characteristics,NA,NA,NA,NA,NA,NA,NA,NA,NA,NA,NA,NA,NA
GAGEBRTH,Gestational age at birth (days),no,yes,1,0,1,1,yes,Subject Level Data,Child Characteristics,NA,cpn1_ddr_dmy; cpn1_deliverydate; d_gabirth_d; d_gabirth_lmp_d,"Date last menstruation (dd/mm/yy); Expected date of delivery; GA at birth, days; GA at birth based on LMP , days",NA; Baseline / Enrolment; NA; NA,NA,NA,NA,CHILD_113788; CHILD_113789,Gestational Age at delivery: Weeks; Gestational Age at delivery: Days,NA; NA,NA,NA,NA
SEX,Sex,no,yes,1,1,1,1,yes,Subject Level Data,Child Characteristics,NA,d_csex,Sex of newborn,NA,NA,NA,NA,CHILD_113694,Baby s sex,NA,NA,NA,NA
SEXN,Sex (numeric),no,yes,1,1,1,1,yes,Subject Level Data,Child Characteristics,NA,d_csex,Sex of newborn,NA,GENDER,Child gender,NA,NA,NA,NA,crf3b_q36,Gender of baby,
ANTI_IN_R,Injectible antibiotics (Recall Data),yes,yes,1,0,0,0,no,NA,Child Clinical Data,NA,NA,NA,NA,NA,NA,NA,NA,NA,NA,NA,NA,NA
ANTI_INJ,Injectible antibiotics,yes,yes,1,0,0,1,no,NA,Child Clinical Data,NA,NA,NA,NA,NA,NA,NA,NA,NA,NA,NA,NA,NA
ANTI_OR_R,Oral antibiotics (Recall Data),yes,yes,1,0,0,0,no,NA,Child Clinical Data,NA,NA,NA,NA,NA,NA,NA,NA,NA,NA,NA,NA,NA
ANTI_ORAL,Oral antibiotics,yes,yes,1,0,0,1,no,NA,Child Clinical Data,NA,NA,NA,NA,NA,NA,NA,NA,NA,NA,NA,NA,NA
ANTI_R,Antibiotics administered (Recall Data),yes,yes,1,1,0,0,no,NA,Child Clinical Data,NA,NA,NA,NA,NA,NA,NA,NA,NA,NA,NA,NA,NA
ANTIBIOT,Antibiotics administered,yes,yes,1,0,0,1,no,NA,Child Clinical Data,NA,NA,NA,NA,NA,NA,NA,NA,NA,NA,NA,NA,NA
HOSP,Hospital visits,yes,yes,1,0,1,1,no,NA,Child Clinical Data,NA,NA,NA,NA,NA,NA,NA,NA,NA,NA,NA,NA,NA
PHYSICAN,Physician visits,yes,yes,1,0,0,0,no,NA,Child Clinical Data,NA,NA,NA,NA,NA,NA,NA,NA,NA,NA,NA,NA,NA
COUGH,Cough,yes,yes,1,0,0,1,no,NA,Child Comorbidities,NA,NA,NA,NA,NA,NA,NA,NA,NA,NA,NA,NA,NA
COUGH_R,Cough (Recall Data),yes,yes,1,1,1,1,no,NA,Child Comorbidities,NA,NA,NA,NA,NA,NA,NA,NA,NA,NA,NA,NA,NA
DIARR,Diarrhea,yes,yes,1,0,0,0,no but present in a DDF,NA,Child Comorbidities,NA,NA,NA,NA,NA,NA,NA,NA,NA,NA,crf3b_q88_d; crf11_q18; crf11_q45, Diarrhea; Has the baby been having diarrhea?; Diarrhoea,Baseline; Unscheduled; Unscheduled
DIARR_R,Diarrhea (Recall Data),yes,yes,1,1,1,0,no but present in a DDF,NA,Child Comorbidities,NA,pn_diarrhea_report_1; pn_diarrhea_report_2; pn_diarrhea_report_3; pn_diarrhea_report_4; pn_diarrhea_report_5; pn_diarrhea_report_6; pn_diarrhea_report_9,Nr days with diarrhea over last 7 days (reported); Nr days with diarrhea over last 7 days (reported); Nr days with diarrhea over last 7 days (reported); Nr days with diarrhea over last 7 days (reported); Nr days with diarrhea over last 7 days (reported); Nr days with diarrhea over last 7 days (reported); Nr days with diarrhea over last 7 days (reported),Post Natal FU M01; Post Natal FU M02; Post Natal FU M03; Post Natal FU M04; Post Natal FU M05; Post Natal FU M06; Post Natal FU M09,NA,NA,NA,NA,NA,NA,crf3b_q65_m,Diarrhea,Baseline
FEVER,Fever,yes,yes,1,0,0,1,no,NA,Child Comorbidities,NA,NA,NA,NA,NA,NA,NA,NA,NA,NA,NA,NA,NA
FEVER_R,Fever (Recall Data),yes,yes,1,1,1,1,no,NA,Child Comorbidities,NA,NA,NA,NA,NA,NA,NA,NA,NA,NA,NA,NA,NA
VOMIT,Vomiting,yes,yes,1,0,0,1,no but present in a DDF,NA,Child Comorbidities,NA,NA,NA,NA,NA,NA,NA,NA,NA,NA,crf3b_q88_c; crf11_q17; crf11_q44, Vomiting; Has the baby had vomiting?; Persistent vomiting,Baseline; Unscheduled; Unscheduled
VOMIT_R,Vomiting (Recall Data),yes,yes,1,0,1,1,no but present in a DDF,NA,Child Comorbidities,NA,pn_vomit_report_1; pn_vomit_report_2; pn_vomit_report_3; pn_vomit_report_4; pn_vomit_report_5; pn_vomit_report_6; pn_vomit_report_9,Nr days with vomiting over last 7 days (reported); Nr days with vomiting over last 7 days (reported); Nr days with vomiting over last 7 days (reported); Nr days with vomiting over last 7 days (reported); Nr days with vomiting over last 7 days (reported); Nr days with vomiting over last 7 days (reported); Nr days with vomiting over last 7 days (reported),Post Natal FU M01; Post Natal FU M02; Post Natal FU M03; Post Natal FU M04; Post Natal FU M05; Post Natal FU M06; Post Natal FU M09,NA,NA,NA,NA,NA,NA,crf3b_q65_l,Persistant vomiting or vomit all feed,Baseline
ANMLK_R,Child fed with animal milk (recall data),yes,yes,1,0,0,0,no but present in a DDF,NA,Child Feeding,NA,NA,NA,NA,NA,NA,NA,NA,NA,NA,crf3b_q62_a,Cow/Goat/Bufallo milk,Baseline
BFDU_R,Breast-fed duration days (recall data),no,yes,0,1,0,0,no,NA,Child Feeding,NA,NA,NA,NA,NA,NA,NA,NA,NA,NA,NA,NA,NA
BFEDFL,Child breast fed on this day,yes,yes,1,0,1,1,no but present in a DDF,NA,Child Feeding,NA,d_ccolostrum1h; pn_bf_1; pn_bf_2; pn_bf_3; pn_bf_4; pn_bf_5; pn_bf_6; pn_bf_9,Colostrum within 1 hour; Currently breatfeeding; Currently breatfeeding; Currently breatfeeding; Currently breatfeeding; Currently breatfeeding; Currently breatfeeding; Currently breatfeeding,Delivery; Post Natal FU M01; Post Natal FU M02; Post Natal FU M03; Post Natal FU M04; Post Natal FU M05; Post Natal FU M06; Post Natal FU M09,NA,NA,NA,CHILD_D1810; CHILD_D1811; CHILD_D1802; CHILD_D1803; CHILD_D1804; CHILD_D1805; CHILD_D1806; CHILD_D1800; CHILD_D1801; CHILD_D1807,Was infant breastfed at all while in hospital? (Questionnaire   Chart Review) Infant feeding; Breastfeeding status while in hospital Infant feeding; Breastfeeding at 3 Months (final) Infant feeding; Breastfeeding at 6 Months (final) Infant feeding; Breastfeeding at 9 Months (final) Infant feeding; Breastfeeding at 12 Months (final) Infant feeding; Breastfeeding at 18 Months (final) Infant feeding; Exact duration of any breastfeeding (in months) Infant feeding; Implied duration of any breastfeeding (in months) Infant feeding; Breastfeeding at 24 Months (final) Infant feeding,Birth CBIR; Birth CBIR; 3 Months FU; 6 Months FU; 9 Months FU; 1 Year FU; 18 Months FU; 2 Years FU; 2 Years FU; 2 Years FU,crf3b_q58,How soon after birth was the baby given mother’s first thick yellowish milk (col,Baseline
BFEDFL_R,Child breast fed (recall data),yes,yes,0,1,0,0,no,NA,Child Feeding,NA,NA,NA,NA,NA,NA,NA,NA,NA,NA,NA,NA,NA
BFINITTM,Time to initiation of breastfeeding (hours),no,yes,1,0,1,0,no,NA,Child Feeding,NA,NA,NA,NA,NA,NA,NA,NA,NA,NA,NA,NA,NA
BFMODE,"Mode of feeding (pumped, expressed, at the breast)?",yes,yes,1,0,0,1,no,NA,Child Feeding,NA,NA,NA,NA,NA,NA,NA,NA,NA,NA,NA,NA,NA
CMFDINT,Age of introduction of complimentary foods,no,yes,1,0,1,1,no,NA,Child Feeding,NA,NA,NA,NA,NA,NA,NA,NA,NA,NA,NA,NA,NA
DUR_BF,Total duration child breast-fed (days),no,yes,1,1,1,1,no,NA,Child Feeding,NA,NA,NA,NA,NA,NA,NA,NA,NA,NA,NA,NA,NA
DUR_EBF,Total duration child exclusively breast-fed (days),no,yes,1,1,1,1,no,NA,Child Feeding,NA,NA,NA,NA,NA,NA,NA,NA,NA,NA,NA,NA,NA
EXBFDU_R,Exclusively breast-fed duration days (recall data),no,yes,0,1,0,0,no,NA,Child Feeding,NA,NA,NA,NA,NA,NA,NA,NA,NA,NA,NA,NA,NA
EXBFED_R,Exclusively breast-fed (recall data),yes,yes,0,1,0,0,no,NA,Child Feeding,NA,NA,NA,NA,NA,NA,NA,NA,NA,NA,NA,NA,NA
EXBFEDFL,Exclusively breast-fed flag on this day,yes,yes,1,0,1,1,no but present in a DDF,NA,Child Feeding,NA,pn_ebf_age_,Exclusively breastfeeding age,NA,NA,NA,NA,CHILD_D1828; CHILD_D1814; CHILD_D1816; CHILD_D1813; CHILD_D1829,Was child exclusively breastfed while in hospital? Infant feeding; Exclusive Breastfeeding at 3 Months Infant feeding; Exclusive Breastfeeding at 6 Months Infant feeding; Duration of Exclusive Breastfeeding (Months) Infant feeding; Duration of Lifetime Exclusive Breastfeeding (Months) Infant feeding,Birth CBIR; 3 Months FU; 6 Months FU; 2 Years FU; 2 Years FU,NA,NA,NA
FORMLINT,Age of introduction of formula (if any),no,yes,1,0,0,1,no,NA,Child Feeding,1,NA,NA,NA,NA,NA,NA,NA,NA,NA,NA,NA,NA
FORMLK_R,Child fed with formula (recall data),yes,yes,1,0,0,0,no but present in a DDF,NA,Child Feeding,NA,NA,NA,NA,NA,NA,NA,CHILD_D1824; CHILD_D1825,Formula before 3 Months Infant feeding; Formula before 6 Months Infant feeding,3 Months FU; 6 Months FU,crf3b_q62_f; crf3b_q63_f,"Formula milk; Formula milk was started at hospital, which was continued",Baseline; Baseline
FORMLKFL,Child fed with infant formula on this day,yes,yes,1,0,0,1,no but present in a DDF,NA,Child Feeding,NA,NA,NA,NA,NA,NA,NA,CHILD_D1809; CHILD_D1830,Was child fed any formula while in hospital? (Questionnaire   Chart Review) Infant feeding; First introduction of Formula (Months) Infant feeding,Birth CBIR; 2 Years FU,crf3b_q57_f,Baby was given formula milk at the hospital or clinic which was continued,Baseline
SLDFED_R,Child fed with solid / semi-solid (recall data),yes,yes,1,0,0,0,no but present in a DDF,NA,Child Feeding,NA,NA,NA,NA,NA,NA,NA,CHILD_D1822; CHILD_D1823,Solids before 3 Months Infant feeding; Solids before 6 Months Infant feeding,3 Months FU; 6 Months FU,crf3b_q62_h; crf3b_q62_j; crf3b_q62_k; crf3b_q62_m,Honey;  Basmati oil;  Ghutti;  Cerelac,Baseline; Baseline; Baseline; Baseline
SLDFEDFL,Child fed with solid / semi-solid on this day,yes,yes,1,0,1,1,no but present in a DDF,NA,Child Feeding,NA,pn_solid_1; pn_solid_2; pn_solid_3; pn_solid_4; pn_solid_5; pn_solid_6; pn_solid_9; pn_solid_age_,solids during breastfeeding; solids during breastfeeding; solids during breastfeeding; solids during breastfeeding; solids during breastfeeding; solids during breastfeeding; solids during breastfeeding; Age of introduction of solids,Post Natal FU M01; Post Natal FU M02; Post Natal FU M03; Post Natal FU M04; Post Natal FU M05; Post Natal FU M06; Post Natal FU M09; NA,NA,NA,NA,CHILD_D1812,First introduction of Solids (Months) Infant feeding,2 Years FU,NA,NA,NA
SOLIDINT,Age of introduction of solid foods,no,yes,1,0,1,1,no,NA,Child Feeding,1,NA,NA,NA,NA,NA,NA,NA,NA,NA,NA,NA,NA
FEEDING,Feeding during neonatal period,no,yes,1,1,1,1,yes,Subject Level Data,Child Feeding,NA,pn_ever_bf_; pn_liguid_age_,Infant ever breastfed; Age of introduction of liquids,Post Natal FU M12; NA,NA,NA,NA,CHILD_D1826; CHILD_D1827; CHILD_D1808; CHILD_D1832,"Nutrition sources for infant s diet at 3 Months: Breastmilk, formula, and/or solid food Infant feeding; Nutrition sources for infant s diet at 6 Months: Breastmilk, formula, and/or solid food Infant feeding; Was child ever breastfed in their lifetime? Infant feeding; Was the child ever fed formula in their lifetime? (after Hospital Questionnaire) Infant feeding",NA; NA; 2 Years FU; NA,NA,NA,NA
SITEID,Site ID,no,yes,1,1,1,1,yes,Identifier Variables,Geography,NA,NA,NA,NA,NA,NA,NA,StudyCenter,CHILD study site,NA,NA,NA,NA
CITYTOWN,"City, town or village",no,yes,1,0,1,1,yes,Investigational Sites,Geography,NA,NA,NA,NA,NA,NA,NA,NA,NA,NA,NA,NA,NA
NPERSON,Number of people in house,no,yes,1,1,1,1,yes,Subject Socioeconomic Status,Home Characteristics,NA,incl_hhsize,Household size,Baseline / Enrolment,CEF_NBR_PEOPLE_INHOME,How many people live in this household?,Enrolment Visit,NA,NA,NA,crf3b_q7,Number of people living in household?,Baseline
NROOMS,Number of rooms in house,no,yes,1,1,1,1,yes,Subject Socioeconomic Status,Home Characteristics,NA,incl_hhrooms,Number of living rooms,Baseline / Enrolment,CEF_ROOMS,How many rooms do they have in the house?,Enrolment Visit,NA,NA,NA,crf3b_q8,Number of rooms are in the household for sleeping?,Baseline
INCTOTU,Units of Total Income,no,yes,0,1,0,1,no,NA,Household Security Index,NA,NA,NA,NA,NA,NA,NA,NA,NA,NA,NA,NA,NA
INCTOT,Total Income,no,yes,0,1,0,1,yes,Subject Socioeconomic Status,Household Security Index,NA,NA,NA,NA,CEF_AVG_MTHLY_INCOME,What is the average monthly income for the entire household? in.usd=income in US dollars,Enrolment Visit,CHILD_98180,"Family income What is the best estimate of the total income, before taxes and deductions, of all household members, from all sources in the past 12 months?",Prenatal 18W,NA,NA,NA
ARM,Intervention description,no,yes,1,1,1,0,yes,Subject Level Data,Intervention,NA,gi_treatmentl; gi_treatment2,Prenatal intervention; Postnatal intervention,NA; NA,IRS_RAN_SUBGROUP; IRS_RAN_SUBGROUP_NIC; IRS_RAN_SUBGROUP_ANTI,Randomization arm; Nicotinamide Arm; Antibiotic Arm,NA; NA; NA,NA,NA,NA,NA,NA,NA
ARMCD,Intervention Code,no,yes,1,1,1,0,yes,Subject Level Data,Intervention,NA,gi_treatmentl; gi_treatment2,Prenatal intervention; Postnatal intervention,NA; NA,IRS_RAN_SUBGROUP; IRS_RAN_SUBGROUP_NIC; IRS_RAN_SUBGROUP_ANTI,Randomization arm; Nicotinamide Arm; Antibiotic Arm,NA; NA; NA,NA,NA,NA,q9,q9,Randomization
MCRP,Maternal C-Reactive protein level in serum,yes,yes,1,0,0,0,yes,Laboratory Test Results,Maternal Biomarkers,NA,NA,NA,NA,NA,NA,NA,NA,NA,NA,q84; q147,Maternal C-Reactive protein level - first time-point; Maternal C-Reactive protein level - second time-point,Follow up Day 42; Follow up Day 56
MFERRITIN,Maternal ferritin level in serum,yes,yes,1,0,0,0,yes,Laboratory Test Results,Maternal Biomarkers,NA,NA,NA,NA,NA,NA,NA,NA,NA,NA,q82; q145,Maternal ferritin level - first time-point; Maternal ferritin level - second time-point,Follow up Day 42; Follow up Day 56
MSTRF,Maternal transferin level in serum,yes,yes,1,0,0,0,yes,Laboratory Test Results,Maternal Biomarkers,NA,NA,NA,NA,NA,NA,NA,NA,NA,NA,q83; q146,Maternal  transferin level - first time-point; Maternal  transferin level - second time-point,Follow up Day 42; Follow up Day 56
MAGP,Maternal alpha(1)-acid glycoprotein in serum,yes,yes,1,0,0,0,yes,Microbiology Results,Maternal Biomarkers,NA,NA,NA,NA,NA,NA,NA,NA,NA,NA,q85; q148,Maternal alpha(1)-acid glycoprotein level - first time-point; Maternal alpha(1)-acid glycoprotein level - second time-point,Follow up Day 42; Follow up Day 56
MBMI,Mother BMI (kg/m**2),yes,yes,1,1,1,1,yes,Anthropometry for Relative(s),Maternal Characterisitcs,NA,bc_wbmi,Maternal body mass index,Post Natal FU,NA,NA,NA,NA,NA,NA,NA,NA,NA
MHTCM,Mother Standing height (cm),yes,yes,1,1,1,1,yes,Anthropometry for Relative(s),Maternal Characterisitcs,NA,cpn1_wheight1; cpn1_wheight2,Woman's length CPN 1 - 1st measurement; Woman's length CPN 1 - 2nd measurement,Baseline / Enrolment; Baseline / Enrolment,MTHR_HEIGHT,Height of mother num.ebf=Number of months of exclusive breastfeeding num.saes=cumulative number of serious adverse events num.sae.di=number of gastroenteritis serious adverse events num.sae.alri=number of ALRI serious adverse events num.sae.sep=number of s,Enrolment Visit,CHILD_107785,Height (cm) before spirometry (without shoes),1 Year FU,crf3c_q18,System gererated average maternal height in cm,Baseline
MMUACCM,Mother Mid upper-arm circumference (cm),yes,yes,1,0,1,0,yes,Anthropometry for Relative(s),Maternal Characterisitcs,NA,cpn1_wmuac1; cpn1_wmuac2; cpn2_wmuac1; cpn2_wmuac2; cpn3_wmuac1; cpn3_wmuac2; cpn4_wmuac1; cpn4_wmuac2; pn_wmuac1_1; pn_wmuac1_2; pn_wmuac1_3; pn_wmuac1_4; pn_wmuac1_5; pn_wmuac1_6; pn_wmuac1_9; pn_wmuac2_1; pn_wmuac2_2; pn_wmuac2_3; pn_wmuac2_4; pn_wmuac2_5; pn_wmuac2_6; pn_wmuac2_9,Woman's MUAC CPN 1 - 1st measurement; Woman's MUAC CPN 1 - 2nd measurement; Woman's MUAC CPN 2- 1st measurement; Woman's MUAC CPN 2- 2nd measurement; Woman's MUAC CPN 3- 1st measurement; Woman's MUAC CPN 3- 2nd measurement; Woman's MUAC CPN 4- 1st measurement; Woman's MUAC CPN 4- 2nd measurement; Woman MUAC_1; Woman MUAC_1; Woman MUAC_1; Woman MUAC_1; Woman MUAC_1; Woman MUAC_1; Woman MUAC_1; Woman MUAC_2; Woman MUAC_2; Woman MUAC_2; Woman MUAC_2; Woman MUAC_2; Woman MUAC_2; Woman MUAC_2,Baseline / Enrolment; Baseline / Enrolment; Antenatal Care 2; Antenatal Care 2; Antenatal Care 3; Antenatal Care 3; Antenatal Care 4; Antenatal Care 4; Post Natal FU M01; Post Natal FU M02; Post Natal FU M03; Post Natal FU M04; Post Natal FU M05; Post Natal FU M06; Post Natal FU M09; Post Natal FU M01; Post Natal FU M02; Post Natal FU M03; Post Natal FU M04; Post Natal FU M05; Post Natal FU M06; Post Natal FU M09,NA,NA,NA,NA,NA,NA,crf2_q23; q127; q128; q129; q190; q191; q192; crf3c_q20,System gererated average maternal MUAC; Day 27 maternal MUAC - reader 1 (cm); Day 27 maternal MUAC - reader 2 (cm); Day 27 average maternal MUAC; Day 56 maternal MUAC - reader 1 (cm); Day 56 maternal MUAC - reader 2 (cm); Day 56 average maternal MUAC in cm; System gererated average maternal MUAC,Screening; Follow up Day 27; Follow up Day 27; Follow up Day 27; Follow up Day 56; Follow up Day 56; Follow up Day 56; Baseline
MWTKG,Mother Weight (kg),yes,yes,1,1,1,1,yes,Anthropometry for Relative(s),Maternal Characterisitcs,NA,cpn1_wweight1; cpn1_wweight2; cpn2_wweight1; cpn2_wweight2; cpn3_wweight1; cpn3_wweight2; cpn4_wweight1; cpn4_wweight2; d_wweight_bdelivery; pn_wweight1_1; pn_wweight1_2; pn_wweight1_3; pn_wweight1_4; pn_wweight1_5; pn_wweight1_6; pn_wweight1_9; pn_wweight2_1; pn_wweight2_2; pn_wweight2_3; pn_wweight2_4; pn_wweight2_5; pn_wweight2_6; pn_wweight2_9,Woman's weight CPN 1 - 1st measurement; Woman's weight CPN 1 - 2nd measurement; Woman's weight CPN 2- 1st measurement; Woman's weight CPN 2- 2nd measurement; Woman's weight CPN 3- 1st measurement; Woman's weight CPN 3- 2nd measurement; Woman's weight CPN 4- 1st measurement; Woman's weight CPN 4- 2nd measurement; Pre-delivery weight mother; Woman weight_1; Woman weight_1; Woman weight_1; Woman weight_1; Woman weight_1; Woman weight_1; Woman weight_1; Woman weight_2; Woman weight_2; Woman weight_2; Woman weight_2; Woman weight_2; Woman weight_2; Woman weight_2,Baseline / Enrolment; Baseline / Enrolment; Antenatal Care 2; Antenatal Care 2; Antenatal Care 3; Antenatal Care 3; Antenatal Care 4; Antenatal Care 4; Delivery; Post Natal FU M01; Post Natal FU M02; Post Natal FU M03; Post Natal FU M04; Post Natal FU M05; Post Natal FU M06; Post Natal FU M09; Post Natal FU M01; Post Natal FU M02; Post Natal FU M03; Post Natal FU M04; Post Natal FU M05; Post Natal FU M06; Post Natal FU M09,MTHR_WEIGHT,Weight of mother,Enrolment Visit,CHILD_107786; CHILD_97146,"Weight (kg) before spirometry (without shoes); Mother s weight at time of pregnancy If yes, what was her approximate weight? (kg)",1 Year FU; Birth CBIR,q124; q125; q126; q187; q188; q189; crf3c_q16,Day 27 maternal weight in Kg- Reader 1; Day 27 maternal weight in Kg- Reader 2; Day 27 average maternal weight in Kg; Day 56 maternal weight in Kg- Reader 1; Day 56 maternal weight in Kg- Reader 2; Day 56 average maternal weight in Kg; System gererated average maternal weight in Kg,Follow up Day 27; Follow up Day 27; Follow up Day 27; Follow up Day 56; Follow up Day 56; Follow up Day 56; Baseline
MHGB,Maternal hemoglobin (g/dL),yes,yes,1,1,1,0,yes,Laboratory Test Results,Maternal Characterisitcs,NA,cpn1_whb; cpn3_whb,Hemoglobin CPN1; Hemoglobin concentration- CPN3,Baseline / Enrolment; Antenatal Care 3,NA,NA,NA,NA,NA,NA,q81; q144,Maternal hemoglobin level - first time-point; Maternal hemoglobin level - second time-point,Follow up Day 42; Follow up Day 56
GWTGAIN,Mother Gestational weight gain (kg),yes,yes,0,0,0,1,no but present in a DDF,NA,Maternal Characterisitcs,NA,NA,NA,NA,NA,NA,NA,CHILD_97149,"Mother s weight gain during pregnancy If yes, what was her approximate weight gain? (kg)",Birth CBIR,NA,NA,NA
MANTI_A,"Maternal antibiotics, after delivery",no,yes,0,0,0,0,no,NA,Maternal Characterisitcs,1,NA,NA,NA,NA,NA,NA,NA,NA,NA,NA,NA,NA
MANTI_D,"Maternal antibiotics, during delivery",no,yes,0,0,0,1,no,NA,Maternal Characterisitcs,1,NA,NA,NA,NA,NA,NA,NA,NA,NA,NA,NA,NA
MANTI_P,"Maternal antibiotics, during pregnancy",no,yes,0,0,0,0,no,NA,Maternal Characterisitcs,1,NA,NA,NA,NA,NA,NA,NA,NA,NA,NA,NA,NA
MANTIBOT,"Maternal antibiotics, anytime taken",no,yes,0,0,0,1,no,NA,Maternal Characterisitcs,1,NA,NA,NA,NA,NA,NA,NA,NA,NA,NA,NA,NA
POSTBMI,Postpartum BMI,no,yes,1,0,0,0,no,NA,Maternal Characterisitcs,NA,NA,NA,NA,NA,NA,NA,NA,NA,NA,NA,NA,NA
PREBMI,Pre-Pregnancy BMI,no,yes,0,0,0,0,no,NA,Maternal Characterisitcs,NA,NA,NA,NA,NA,NA,NA,NA,NA,NA,NA,NA,NA
PRIMPARITY,Primary Parity,no,yes,1,1,1,0,no,NA,Maternal Characterisitcs,NA,NA,NA,NA,NA,NA,NA,NA,NA,NA,NA,NA,NA
MAGE,Mother's age (in years),no,yes,1,1,1,1,yes,Parental Data,Maternal Characterisitcs,NA,incl_wage,Woman's age at baseline,NA,IAF_AGE,Mother`s age,NA,mother_age_child_birthY,Maternal age at child birth (age in years),NA,crf3b_q17,Age of the woman in years,
GDM,Gestational Diabetes,no,yes,0,0,0,1,yes,Pregnancy History,Maternal Characterisitcs,NA,NA,NA,NA,NA,NA,NA,NA,NA,NA,NA,NA,NA
GRAVIDA,Gravida,no,yes,1,0,1,1,yes,Pregnancy History,Maternal Characterisitcs,NA,cpn1_wpreg,Nr times pregnant,NA,NA,NA,NA,CHILD_113695,"Total number of pregnancies, including present pregnancy (Gravida)",NA,crf3b_q94; crf3b_q95,"Whether this is this first pregnancy with the this baby?; Including this pregnancy, number of times woman got pregnant",; 
NLCHILD,Maternal num of living children,no,yes,1,1,0,1,yes,Pregnancy History,Maternal Characterisitcs,NA,NA,NA,NA,CEF_NBR_CHILDREN,How many children does the mother have?,NA,CHILD_113699,Living children,NA,crf3b_q97_a; crf3b_q97_b; crf3b_q97_c; crf3b_q97_d,Total number of children currently alive including this child within age of 0-11; Total number of children currently alive within age  12-23 months; Total number of children currently alive within age 24-59 months; Total number of children currently alive within age greater than 59 months,; ; ; 
NLIVBRTH,Maternal num of live births,no,yes,1,0,1,1,yes,Pregnancy History,Maternal Characterisitcs,NA,cpn1_wchild,Nr of children,NA,NA,NA,NA,NA,NA,NA,crf3b_q96_a,Total numbers of alive births including this baby which woman had,
PARITY,Parity,no,yes,1,1,1,1,yes,Pregnancy History,Maternal Characterisitcs,NA,cpn1_wdeliv,Nr of deliveries,NA,NA,NA,NA,NA,NA,NA,crf3b_q94; crf3b_q95,"Whether this is this first pregnancy with the this baby?; Including this pregnancy, number of times woman got pregnant",; 
DVSEASON,Season of birth,no,yes,1,1,1,1,no,NA,Maternal Delivery Outcome,NA,NA,NA,NA,NA,NA,NA,NA,NA,NA,NA,NA,NA
DLVLOC,Delivery location,no,yes,1,1,1,0,yes,Pregnancy History,Maternal Delivery Outcome,NA,d_cplace,Place of delivery,NA,NA,NA,NA,NA,NA,NA,NA,NA,NA
DELIVERY,Mode of delivery,no,yes,1,0,1,1,yes,Subject Level Data,Maternal Delivery Outcome,NA,d_wbinter,Intervention at delivery,NA,NA,NA,NA,CHILD_113728; CHILD_113729,"Method of delivery Indicate method of delivery; Method of delivery If other, specify",NA; NA,crf3b_q35_j; crf3b_q44,C-section; Mode of delivery,; 
PREGOUT,Pregnancy outcome,no,yes,1,1,1,1,yes,Subject Level Data,Maternal Delivery Outcome,NA,d_calive,Nr children born alive,NA,NA,NA,NA,CHILD_113781,Pregnancy outcome,NA,NA,NA,NA
FFMINDEX,Fat-free mass index (FFM:FM ratio),yes,no,0,0,1,0,yes,Anthropometry,NA,NA,bc_cFFM_index,Neonate fat-free mass index,Post Natal FU,NA,NA,NA,NA,NA,NA,NA,NA,NA
FFMKG,Fat-free mass (kg),yes,no,0,0,1,0,yes,Anthropometry,NA,NA,bc_cFFM,Neonate fat-free mass (kg),Post Natal FU,NA,NA,NA,NA,NA,NA,NA,NA,NA
FFMPCT,Fat-free mass (% of body weight),yes,no,0,0,1,0,yes,Anthropometry,NA,NA,bc_cFFM_per,Neonate fat-free mass percentage,Post Natal FU,NA,NA,NA,NA,NA,NA,NA,NA,NA
FH,Fundal height (cm),yes,no,0,0,1,0,yes,Anthropometry,NA,NA,cpn1_hu,fundus hight,Baseline / Enrolment,NA,NA,NA,NA,NA,NA,NA,NA,NA
FMKG,Fat mass (kg),yes,no,0,0,1,0,yes,Anthropometry,NA,NA,bc_cFM,Neonate fat-mass (kg),Post Natal FU,NA,NA,NA,NA,NA,NA,NA,NA,NA
FMPCT,Fat mass (% of body weight),yes,no,0,0,1,0,yes,Anthropometry,NA,NA,bc_cFM_per,Neonate fat-mass percentage,Post Natal FU,NA,NA,NA,NA,NA,NA,NA,NA,NA
IGBHAZ,Birth len for gest age (InterGrowth Z),yes,no,1,0,1,1,yes,Anthropometry,NA,NA,NA,NA,NA,NA,NA,NA,NA,NA,NA,NA,NA,NA
IGBHCAZ,Birth hcir for gest age (InterGrowth Z),yes,no,0,0,1,1,yes,Anthropometry,NA,NA,NA,NA,NA,NA,NA,NA,NA,NA,NA,NA,NA,NA
IGBWAZ,Birth wt for gest age (InterGrowth Z),yes,no,1,0,1,1,yes,Anthropometry,NA,NA,NA,NA,NA,NA,NA,NA,NA,NA,NA,NA,NA,NA
IGBWLRAZ,Birth wt/len ratio (InterGrowth Z),yes,no,1,0,1,1,yes,Anthropometry,NA,NA,NA,NA,NA,NA,NA,NA,NA,NA,NA,NA,NA,NA
OCCFDCM,Occipito-frontal diameter (cm),yes,no,1,0,0,0,yes,Anthropometry,NA,NA,NA,NA,NA,NA,NA,NA,NA,NA,NA,crf3c_q13_a; crf3c_q13_b; crf3c_q14,Current Occipito-Frontal Head Circumference of the baby in grams - Reader 1; Current Occipito-Frontal Head Circumference of the baby in grams - Reader 2; System gererated average Occipito-Frontal Head Circumference of baby in cm,Baseline; Baseline; Baseline
PI,Ponderal (Rohrer) Index,yes,no,0,0,1,0,yes,Anthropometry,NA,NA,d_crohrer,"Ponderal index, gm/cm3",Delivery,NA,NA,NA,NA,NA,NA,NA,NA,NA
R_HAZ,Length/height for age z-score (rpt),yes,no,0,1,1,0,yes,Anthropometry,NA,NA,pn_chaz_1; pn_chaz_2; pn_chaz_3; pn_chaz_4; pn_chaz_5; pn_chaz_6; pn_chaz_9,Infant length-for-age Z-score; Infant length-for-age Z-score; Infant length-for-age Z-score; Infant length-for-age Z-score; Infant length-for-age Z-score; Infant length-for-age Z-score; Infant length-for-age Z-score,Post Natal FU M01; Post Natal FU M02; Post Natal FU M03; Post Natal FU M04; Post Natal FU M05; Post Natal FU M06; Post Natal FU M09,LAZ_0; LAZ_18; LAZ_3; LAZ_6; LAZ_9; LAZ_12; LAZ_15,length for age z score at enrollment; 18 month length for age z score; length for age z score at 3 months; length for age z score at 6 months; length for age z score at 9 months; length for age z score at 12 months; length for age z score at 15 months,Enrolment Visit; 18 Months Visit; 3 Months Visit; 6 Months Visit; 9 Months Visit; 12 Months Visit; 15 Months Visit,NA,NA,NA,NA,NA,NA
R_HCAZ,Head circum for age z-score (rpt),yes,no,0,1,0,0,yes,Anthropometry,NA,NA,NA,NA,NA,HCZ_0; HCZ_18; HCZ_3; HCZ_6; HCZ_9; HCZ_12; HCZ_15,head circumference for age z score; 18 month head circumference for age z score; head circumference  for age z score at 3 months; head circumference  for age z score at 6 months; head circumference  for age z score at 9 months; head circumference  for age z score at 12 months; head circumference  for age z score at 15 months,Enrolment Visit; 18 Months Visit; 3 Months Visit; 6 Months Visit; 9 Months Visit; 12 Months Visit; 15 Months Visit,NA,NA,NA,NA,NA,NA
R_MUAZ,MUAC for age z-score (rpt),yes,no,0,1,0,0,yes,Anthropometry,NA,NA,NA,NA,NA,MAZ_18; MAZ_3; MAZ_6; MAZ_9; MAZ_12; MAZ_15,18 month muac for age z score; Muac for age z score at 3 months; Muac for age z score at 6 months; Muac for age z score at 9 months; Muac for age z score at 12 months; Muac for age z score at 15 months,18 Months Visit; 3 Months Visit; 6 Months Visit; 9 Months Visit; 12 Months Visit; 15 Months Visit,NA,NA,NA,NA,NA,NA
R_WAZ,Weight for age z-score (rpt),yes,no,0,1,1,0,yes,Anthropometry,NA,NA,pn_cwaz_1; pn_cwaz_2; pn_cwaz_3; pn_cwaz_4; pn_cwaz_5; pn_cwaz_6; pn_cwaz_9,Infant weight-for-age Z-score; Infant weight-for-age Z-score; Infant weight-for-age Z-score; Infant weight-for-age Z-score; Infant weight-for-age Z-score; Infant weight-for-age Z-score; Infant weight-for-age Z-score,Post Natal FU M01; Post Natal FU M02; Post Natal FU M03; Post Natal FU M04; Post Natal FU M05; Post Natal FU M06; Post Natal FU M09,WAZ_0; WAZ_18; WAZ_3; WAZ_6; WAZ_9; WAZ_12; WAZ_15,weight for age z score at enrollment; 18 month weight for age z score; Weight for age z score at 3 months; Weight for age z score at 6 months; Weight for age z score at 9 months; Weight for age z score at 12 months; Weight for age z score at 15 months,Enrolment Visit; 18 Months Visit; 3 Months Visit; 6 Months Visit; 9 Months Visit; 12 Months Visit; 15 Months Visit,NA,NA,NA,NA,NA,NA
R_WHZ,Weight for length/height z-score (rpt),yes,no,0,0,1,0,yes,Anthropometry,NA,NA,pn_cwhz_1; pn_cwhz_2; pn_cwhz_3; pn_cwhz_4; pn_cwhz_5; pn_cwhz_6; pn_cwhz_9,Infant weight-for-length Z-score; Infant weight-for-length Z-score; Infant weight-for-length Z-score; Infant weight-for-length Z-score; Infant weight-for-length Z-score; Infant weight-for-length Z-score; Infant weight-for-length Z-score,Post Natal FU M01; Post Natal FU M02; Post Natal FU M03; Post Natal FU M04; Post Natal FU M05; Post Natal FU M06; Post Natal FU M09,NA,NA,NA,NA,NA,NA,NA,NA,NA
WLR,Weight/length ratio (kg/m),yes,no,1,0,1,1,yes,Anthropometry,NA,NA,NA,NA,NA,NA,NA,NA,NA,NA,NA,NA,NA,NA
M_FFMINDEX,Mother Fat-free mass index (FFM:FM ratio),yes,no,0,0,1,0,yes,Anthropometry for Relative(s),NA,NA,bc_wFFM_index,Maternal fat-free mass index,Post Natal FU,NA,NA,NA,NA,NA,NA,NA,NA,NA
M_FFMKG,Mother Fat-free mass (kg),yes,no,0,0,1,0,yes,Anthropometry for Relative(s),NA,NA,bc_wFFM,Maternal fat-free mass (kg),Post Natal FU,NA,NA,NA,NA,NA,NA,NA,NA,NA
M_FFMPCT,Mother Fat-free mass (% of body weight),yes,no,0,0,1,0,yes,Anthropometry for Relative(s),NA,NA,bc_wFFM_per,Maternal fat-free mass percentage,Post Natal FU,NA,NA,NA,NA,NA,NA,NA,NA,NA
M_FMINDEX,Mother Fat mass index,yes,no,0,0,1,0,yes,Anthropometry for Relative(s),NA,NA,bc_wFM_index,Maternal fat-mass index,Post Natal FU,NA,NA,NA,NA,NA,NA,NA,NA,NA
M_FMKG,Mother Fat mass (kg),yes,no,0,0,1,0,yes,Anthropometry for Relative(s),NA,NA,bc_wFM,Maternal fat-mass (kg),Post Natal FU,NA,NA,NA,NA,NA,NA,NA,NA,NA
M_FMPCT,Mother Fat mass (% of body weight),yes,no,0,0,1,0,yes,Anthropometry for Relative(s),NA,NA,bc_wFM_per,Maternal fat-mass percentage,Post Natal FU,NA,NA,NA,NA,NA,NA,NA,NA,NA
M_SSFTMM,Mother Subscapular skinfold thickness (mm),yes,no,0,0,1,0,yes,Anthropometry for Relative(s),NA,NA,w_ssf1incl; w_ssf2incl; w_ssf3incl,Subscapular skinfold measurement1; Subscapular skinfold measurement 2; Subscapular skinfold measurement 3,Baseline / Enrolment; Baseline / Enrolment; Baseline / Enrolment,NA,NA,NA,NA,NA,NA,NA,NA,NA
M_TSFTMM,Mother Triceps skinfold thickness (mm),yes,no,0,0,1,0,yes,Anthropometry for Relative(s),NA,NA,w_tsf1incl; w_tsf2incl; w_tsf3incl,Triceps Skinfold measurement1; Triceps Skinfold measurement 2; Triceps Skinfold measurement 3,Baseline / Enrolment; Baseline / Enrolment; Baseline / Enrolment,NA,NA,NA,NA,NA,NA,NA,NA,NA
BEPCOMP,BEP Compliance,no,no,0,0,1,0,yes,General Findings,NA,NA,comp_BEPcompliance_prenatal,BEP compliance during pregnancy (%),Treatment Compliance,NA,NA,NA,NA,NA,NA,NA,NA,NA
BFEDDUR,Breast feeding duration,no,no,0,1,0,1,yes,General Findings,NA,NA,NA,NA,NA,NA,NA,5 Month Visit,CHILD_D1800; CHILD_D1801,Exact duration of any breastfeeding (in months) Infant feeding; Implied duration of any breastfeeding (in months) Infant feeding,2 Years FU; 2 Years FU,NA,NA,NA
BFEDDUR__I,Implied duration of breastfeeding,no,no,0,0,0,1,yes,General Findings,NA,NA,NA,NA,NA,NA,NA,NA,NA,NA,NA,NA,NA,NA
BMID_A1,Breastmilk Specimen id Aliquot 1,no,no,0,0,0,1,yes,General Findings,NA,NA,NA,NA,NA,NA,NA,NA,NA,NA,NA,NA,NA,NA
BMID_A2,Breastmilk Specimen id Aliquot 2,no,no,0,0,0,1,yes,General Findings,NA,NA,NA,NA,NA,NA,NA,NA,NA,NA,NA,NA,NA,NA
BMID_A3,Breastmilk Specimen id Aliquot 3,no,no,0,0,0,1,yes,General Findings,NA,NA,NA,NA,NA,NA,NA,NA,NA,NA,NA,NA,NA,NA
COLOFEED,Feeding colostrum,yes,no,0,0,1,0,yes,General Findings,NA,NA,d_ccolostrum1h,Colostrum within 1 hour,Delivery,NA,NA,NA,NA,NA,NA,crf3b_q56,Whether the colostrum was given to the baby  immediately after birth?,Baseline
EXFEEDMT,Exclusive feeding in months,no,no,0,1,0,1,yes,General Findings,NA,NA,NA,NA,NA,NUM_EBF,num.ebf,0 to 6 months,CHILD_D1813; CHILD_D1829,Duration of Exclusive Breastfeeding (Months) Infant feeding; Duration of Lifetime Exclusive Breastfeeding (Months) Infant feeding,2 Years FU; 2 Years FU,NA,NA,NA
EXFEEDMT_L,Duration of lifetime exclusive breastfeeding,no,no,0,0,0,1,yes,General Findings,NA,NA,NA,NA,NA,NA,NA,NA,NA,NA,NA,NA,NA,NA
FACICOMP,Iron folic acid compliance,no,no,0,0,1,0,yes,General Findings,NA,NA,comp_IFAcompliance_prenatal,Iron folic acid compliance during pregnancy (%),Treatment Compliance,NA,NA,NA,NA,NA,NA,NA,NA,NA
NICOBBCL,Time that previous nicotinamide dose was taken before breastmilk collection,yes,no,0,1,0,0,yes,General Findings,NA,NA,NA,NA,NA,NA,NA,1 Month Visit,NA,NA,NA,NA,NA,NA
SCRASSET,Sum of 8 assets scores,no,no,0,1,0,0,yes,General Findings,NA,NA,NA,NA,NA,ASSET,"sum of 8 assets scores. Household has: mattress,chair,table,tv,refrigertaor,bank account,kitchen, 
< 2 people per room. Positive reponses for each of these get a score of 1 while negative responses g",Enrolment Visit,NA,NA,NA,NA,NA,NA
SCRDRKWT,Score of drinking water source,no,no,0,1,0,0,yes,General Findings,NA,NA,NA,NA,NA,NEWDRINK,"Score of drinking water source; 0  for unimproved categories, 4 for improved categories",Enrolment Visit,NA,NA,NA,NA,NA,NA
SCRSANIT,Score of sanitation,no,no,0,1,0,0,yes,General Findings,NA,NA,NA,NA,NA,IMPSAN,"Score of sanitation; 0 for unimproved categories, 4 for improved categories",Enrolment Visit,NA,NA,NA,NA,NA,NA
SCRWAMI,WAMI Score,no,no,0,1,0,0,yes,General Findings,NA,NA,NA,NA,NA,WAMI,"The wami is calculated by summing values of the following variables:
water, med.wami,
 asset, 
incat, 
and dividing the total by 32",Enrolment Visit,NA,NA,NA,NA,NA,NA
SUMIMPDR,Sum of impsan and newdrink,no,no,0,1,0,0,yes,General Findings,NA,NA,NA,NA,NA,WATER,sum of impsan and newdrink,Enrolment Visit,NA,NA,NA,NA,NA,NA
WAMIQUAR,WAMI quartiles,no,no,0,1,0,0,yes,General Findings,NA,NA,NA,NA,NA,SES,"WAMI quartiles, 4 is highest SES",Enrolment Visit,NA,NA,NA,NA,NA,NA
SUBJID_A,Alternate Original Subject Identifier,no,no,0,0,0,1,yes,Identifier Variables,NA,NA,NA,NA,NA,NA,NA,NA,NA,NA,NA,NA,NA,NA
CTRYCD,Country of investigative site (code),no,no,1,0,1,1,yes,Investigational Sites,NA,NA,NA,NA,NA,NA,NA,NA,NA,NA,NA,NA,NA,NA
ELEVATN,Elevation (feet),no,no,0,0,1,1,yes,Investigational Sites,NA,NA,NA,NA,NA,NA,NA,NA,NA,NA,NA,NA,NA,NA
LATITUDE,Latitude  (degrees),no,no,0,0,1,1,yes,Investigational Sites,NA,NA,NA,NA,NA,NA,NA,NA,NA,NA,NA,NA,NA,NA
LONGITUD,Longitude (degrees),no,no,0,0,1,1,yes,Investigational Sites,NA,NA,NA,NA,NA,NA,NA,NA,NA,NA,NA,NA,NA,NA
REGCTRY,Region within country,no,no,0,1,1,1,yes,Investigational Sites,NA,NA,NA,NA,NA,NA,NA,NA,NA,NA,NA,NA,NA,NA
REGCTYP,Type of subdivision,no,no,0,1,1,1,yes,Investigational Sites,NA,NA,NA,NA,NA,NA,NA,NA,NA,NA,NA,NA,NA,NA
AGP,Blood Alpha-1-Acid Glycoprotein (mg/dL),yes,no,1,0,0,0,yes,Laboratory Test Results,NA,NA,NA,NA,NA,NA,NA,NA,NA,NA,NA,q97; q160,Infant alpha(1)-acid glycoprotein level - first time-point; Infant alpha(1)-acid glycoprotein level - second time-point,Follow up Day 42; Follow up Day 56
ALT,Alanine Aminotransferase (U/L),yes,no,0,1,0,0,yes,Laboratory Test Results,NA,NA,NA,NA,NA,ALT_2; ALT_8; ALT_18,Alanine aminotransaminase (U/L) at two months; Alanine aminotransaminase (U/L) at eight months; Alanine aminotransaminase (U/L) at eighteen months,Lab visit 1; Lab visit 2; Lab visit 3,NA,NA,NA,NA,NA,NA
AST,Aspartate Aminotransferase (U/L),yes,no,0,1,0,0,yes,Laboratory Test Results,NA,NA,NA,NA,NA,AST_2; AST_8; AST_18,Aspartate aminotransaminase (U/L) at two months; Aspartate aminotransaminase (U/L) at eight months; Aspartate aminotransaminase (U/L) at eighteen months,Lab visit 1; Lab visit 2; Lab visit 3,NA,NA,NA,NA,NA,NA
BICARB,Bicarbonate (mmol/L),yes,no,0,1,0,0,yes,Laboratory Test Results,NA,NA,NA,NA,NA,BICARB_2; BICARB_8; BICARB_18,Bicarbonate (mmol/L) at two months; Bicarbonate (mmol/L) at eight months; Bicarbonate (mmol/L) at eighteen months,Lab visit 1; Lab visit 2; Lab visit 3,NA,NA,NA,NA,NA,NA
BILITOT,Total Bilirubin (umol/L),yes,no,0,1,0,0,yes,Laboratory Test Results,NA,NA,NA,NA,NA,BILIRUBIN_2; BILIRUBIN_8; BILIRUBIN_18,Bilirubin (umol/L) at two months; Bilirubin (umol/L) at eight months; Bilirubin (umol/L) at eighteen months,Lab visit 1; Lab visit 2; Lab visit 3,NA,NA,NA,NA,NA,NA
BUN,Blood Urea Nitrogen (mmol/L),yes,no,0,1,0,0,yes,Laboratory Test Results,NA,NA,NA,NA,NA,BUN_2; BUN_8; BUN_18,Blood urea nitrogen (mmol/L) at two months; Blood urea nitrogen (mmol/L) at eight months; Blood urea nitrogen (mmol/L) at eighteen months,Lab visit 1; Lab visit 2; Lab visit 3,NA,NA,NA,NA,NA,NA
CALP,Stool Calprotectin (�g/g),yes,no,1,0,0,0,yes,Laboratory Test Results,NA,NA,NA,NA,NA,NA,NA,NA,NA,NA,NA,q88; q151,Infant carplprotectin level - first time-point; Infant carplprotectin level - second time-point,Follow up Day 42; Follow up Day 56
CHL,Chloride (mmol/L),yes,no,0,1,0,0,yes,Laboratory Test Results,NA,NA,NA,NA,NA,CHLORIDE_2; CHLORIDE_8; CHLORIDE_18,Chloride (mmol/L) at two months; Chloride (mmol/L) at eight months; Chloride (mmol/L) at eighteen months,Lab visit 1; Lab visit 2; Lab visit 3,NA,NA,NA,NA,NA,NA
CREATN,Creatinine (mmol/L),yes,no,0,1,0,0,yes,Laboratory Test Results,NA,NA,NA,NA,NA,CREATININE_2; CREATININE_8; CREATININE_18,Creatinine (mmol/L) at two months; Creatinine (mmol/L) at eight months; Creatinine (mmol/L) at eighteen months,Lab visit 1; Lab visit 2; Lab visit 3,NA,NA,NA,NA,NA,NA
CRP,Blood C Reactive Protein (mg/dL),yes,no,1,0,0,0,yes,Laboratory Test Results,NA,NA,NA,NA,NA,NA,NA,NA,NA,NA,NA,q96; q159,Infant C-Reactive protein level - first time-point; Infant C-Rective protein level - second time-point,Follow up Day 42; Follow up Day 56
FERRITIN,Blood Ferritin (ng/mL),yes,no,1,0,0,0,yes,Laboratory Test Results,NA,NA,NA,NA,NA,NA,NA,NA,NA,NA,NA,q94; q157,Infant ferritin level - first time-point; Infant ferritin level - second time-point,Follow up Day 42; Follow up Day 56
HCT,Hematocrit (%),yes,no,0,1,0,0,yes,Laboratory Test Results,NA,NA,NA,NA,NA,HCT_2; HCT_8; HCT_18,Hematocrit (%) at two months; Hematocrit (%) at eight months; Hematocrit (%) at eighteen months,Lab visit 1; Lab visit 2; Lab visit 3,NA,NA,NA,NA,NA,NA
LIPOCAL2,Stool Lipocalin-2 (ng/g),yes,no,1,0,0,0,yes,Laboratory Test Results,NA,NA,NA,NA,NA,NA,NA,NA,NA,NA,NA,q89; q152,Infant lipokalin-2 level - first time-point; Infant lipokalin-2 level - second time-point,Follow up Day 42; Follow up Day 56
MPO,Stool Myeloperoxidase (ng/mL),yes,no,1,0,0,0,yes,Laboratory Test Results,NA,NA,NA,NA,NA,NA,NA,NA,NA,NA,NA,q90; q153,Infant MPO level - first time-point; Infant MPO level - second time-point,Follow up Day 42; Follow up Day 56
PLAT,Platelets (platelets/uL),yes,no,0,1,0,0,yes,Laboratory Test Results,NA,NA,NA,NA,NA,PLATELETS_2; PLATELETS_8; PLATELETS_18,Platelets (platelets/uL) at two months; Platelets (platelets/uL) at eight months; Platelets (platelets/uL) at eighteen months,Lab visit 1; Lab visit 2; Lab visit 3,NA,NA,NA,NA,NA,NA
RRNA16S,Stool rRNA 16s (Arbitrary Unit (CT)),yes,no,1,0,0,0,yes,Laboratory Test Results,NA,NA,NA,NA,NA,NA,NA,NA,NA,NA,NA,q205_1; q206_1,16S; 16S,Follow up Day 42; Follow up Day 56
SOD,Sodium (mmol/L),yes,no,0,1,0,0,yes,Laboratory Test Results,NA,NA,NA,NA,NA,SODIUM_2; SODIUM_8; SODIUM_18,Sodium (mmol/L) at two months; Sodium (mmol/L) at eight months; Sodium (mmol/L) at eighteen months,Lab visit 1; Lab visit 2; Lab visit 3,NA,NA,NA,NA,NA,NA
STRF,Blood Soluble Transferrin Receptor (mg/L),yes,no,1,0,0,0,yes,Laboratory Test Results,NA,NA,NA,NA,NA,NA,NA,NA,NA,NA,NA,q95; q158,Infant  transferin level - first time-point; Infant  transferin level - second time-point,Follow up Day 42; Follow up Day 56
WBC,White Blood Cells (1000 cells/u),yes,no,0,1,0,0,yes,Laboratory Test Results,NA,NA,NA,NA,NA,WBC_2; WBC_8; WBC_18,White blood cell count (1000 cells/uL) at two months; White blood cell count (1000 cells/uL) at eight months; White blood cell count (1000 cells/uL) at eight months,Lab visit 1; Lab visit 2; Lab visit 3,NA,NA,NA,NA,NA,NA
ADEN4041,Stool Adenovirus 40/41 (Arbitrary Unit (CT)),yes,no,1,0,0,0,yes,Microbiology Results,NA,NA,NA,NA,NA,NA,NA,NA,NA,NA,NA,q205_2; q206_2,Adenovirus_40_41; Adenovirus_40_41,Follow up Day 42; Follow up Day 56
AEROMNS,Stool Aeromonas (Arbitrary Unit (CT)),yes,no,1,0,0,0,yes,Microbiology Results,NA,NA,NA,NA,NA,NA,NA,NA,NA,NA,NA,q205_3; q206_3,Aeromonas; Aeromonas,Follow up Day 42; Follow up Day 56
ASTRO,Stool Astrovirus (Arbitrary Unit (CT)),yes,no,1,0,0,0,yes,Microbiology Results,NA,NA,NA,NA,NA,NA,NA,NA,NA,NA,NA,q205_6; q206_6,Astrovirus; Astrovirus,Follow up Day 42; Follow up Day 56
BLONGIN,Stool Bifidobacterium longum Infantalis (Arbitrary Unit (CT)),yes,no,1,0,0,0,yes,Microbiology Results,NA,NA,NA,NA,NA,NA,NA,NA,NA,NA,NA,q207_3; q207_4; q209_3; q209_4,B.longum Spp. Infantis Results (Ct Value)   Infant TimePoint1; B.longum Spp. Infantis Results (Pos/Neg)   Infant TimePoint1; B.longum Spp. Infantis Results (Ct Value)   Infant Timepoint2; B.longum Spp. Infantis Results (Pos/Neg)   Infant Timepoint2,Follow up Day 42; Follow up Day 42; Follow up Day 56; Follow up Day 56
BLONGIN_C,Stool Bifidobacterium longum Infantalis (Arbitrary Unit (CT)),yes,no,1,0,0,0,yes,Microbiology Results,NA,NA,NA,NA,NA,NA,NA,NA,NA,NA,NA,NA,NA,NA
BLONGUM,Stool Bifidobacterium longum (Arbitrary Unit (CT)),yes,no,1,0,0,0,yes,Microbiology Results,NA,NA,NA,NA,NA,NA,NA,NA,NA,NA,NA,q207_1; q207_2; q209_1; q209_2,B.longum Results (Ct Value)   Infant TimePoint1; B.longum Results (Pos/Neg)   Infant TimePoint1; B.longum Results (Ct Value)   Infant Timepoint2; B.longum Results (Pos/Neg)   Infant Timepoint2,Follow up Day 42; Follow up Day 42; Follow up Day 56; Follow up Day 56
BLONGUM_C,Stool Bifidobacterium longum (Arbitrary Unit (CT)),yes,no,1,0,0,0,yes,Microbiology Results,NA,NA,NA,NA,NA,NA,NA,NA,NA,NA,NA,NA,NA,NA
CA23S75A,Stool Campylobacter23S 2075A (Arbitrary Unit (CT)),yes,no,1,0,0,0,yes,Microbiology Results,NA,NA,NA,NA,NA,NA,NA,NA,NA,NA,NA,q205_9; q206_9,Campy23S2075A; Campy23S2075A,Follow up Day 42; Follow up Day 56
CA23S75G,Stool Campylobacter23S 2075G (Arbitrary Unit (CT)),yes,no,1,0,0,0,yes,Microbiology Results,NA,NA,NA,NA,NA,NA,NA,NA,NA,NA,NA,q205_10; q206_10,Campy23S2075G; Campy23S2075G,Follow up Day 42; Follow up Day 56
CAMP16S,Stool Campylobacter16S (Arbitrary Unit (CT)),yes,no,1,0,0,0,yes,Microbiology Results,NA,NA,NA,NA,NA,NA,NA,NA,NA,NA,NA,q205_8; q206_8,Campy16S; Campy16S,Follow up Day 42; Follow up Day 56
CAMPCOL,Stool Campylobacter coli (Arbitrary Unit (CT)),yes,no,1,0,0,0,yes,Microbiology Results,NA,NA,NA,NA,NA,NA,NA,NA,NA,NA,NA,q205_11; q206_11,Campylobacter_coli; Campylobacter_coli,Follow up Day 42; Follow up Day 56
CAMPJC,Stool Campylobacter jejuni/coli (Arbitrary Unit (CT)),yes,no,1,0,0,0,yes,Microbiology Results,NA,NA,NA,NA,NA,NA,NA,NA,NA,NA,NA,q205_13; q206_13,Campylobacter_jejuni_coli; Campylobacter_jejuni_coli,Follow up Day 42; Follow up Day 56
CAMPJJN,Stool Campylobacter jejuni (Arbitrary Unit (CT)),yes,no,1,0,0,0,yes,Microbiology Results,NA,NA,NA,NA,NA,NA,NA,NA,NA,NA,NA,q205_12; q206_12,Campylobacter_jejuni; Campylobacter_jejuni,Follow up Day 42; Follow up Day 56
CAMPPAN,Stool Campylobacter pancolitis (Arbitrary Unit (CT)),yes,no,1,0,0,0,yes,Microbiology Results,NA,NA,NA,NA,NA,NA,NA,NA,NA,NA,NA,q205_14; q206_14,Campylobacter_pan; Campylobacter_pan,Follow up Day 42; Follow up Day 56
CDIFFIC,Stool Clostridium difficile (Arbitrary Unit (CT)),yes,no,1,0,0,0,yes,Microbiology Results,NA,NA,NA,NA,NA,NA,NA,NA,NA,NA,NA,q205_7; q206_7,C_difficile; C_difficile,Follow up Day 42; Follow up Day 56
CRYPTO,Stool Cryptosporidium (Arbitrary Unit (CT)),yes,no,1,0,0,0,yes,Microbiology Results,NA,NA,NA,NA,NA,NA,NA,NA,NA,NA,NA,q205_15; q206_15,Cryptosporidium; Cryptosporidium,Follow up Day 42; Follow up Day 56
CTXM129,Stool Ctx_M_1_2_9 gene (Arbitrary Unit (CT)),yes,no,1,0,0,0,yes,Microbiology Results,NA,NA,NA,NA,NA,NA,NA,NA,NA,NA,NA,q205_16; q206_16,ctx_M_1_2_9; ctx_M_1_2_9,Follow up Day 42; Follow up Day 56
CTXM825,Stool Ctx_M_8_25 gene (Arbitrary Unit (CT)),yes,no,1,0,0,0,yes,Microbiology Results,NA,NA,NA,NA,NA,NA,NA,NA,NA,NA,NA,q205_17; q206_17,ctx_M_8_25; ctx_M_8_25,Follow up Day 42; Follow up Day 56
EAECAAIC,Stool Enteroaggregative Escherichia coli aaIC (Arbitrary Unit (CT)),yes,no,1,0,0,0,yes,Microbiology Results,NA,NA,NA,NA,NA,NA,NA,NA,NA,NA,NA,q205_23; q206_23,EAEC_aaiC; EAEC_aaiC,Follow up Day 42; Follow up Day 56
EAECAATA,Stool Enteroaggregative Escherichia coli aatA (Arbitrary Unit (CT)),yes,no,1,0,0,0,yes,Microbiology Results,NA,NA,NA,NA,NA,NA,NA,NA,NA,NA,NA,q205_24; q206_24,EAEC_aatA; EAEC_aatA,Follow up Day 42; Follow up Day 56
EINTEST,Stool Encephalitozoon intestinalis (Arbitrary Unit (CT)),yes,no,1,0,0,0,yes,Microbiology Results,NA,NA,NA,NA,NA,NA,NA,NA,NA,NA,NA,q205_22; q206_22,E_intestinalis; E_intestinalis,Follow up Day 42; Follow up Day 56
EPECBFPA,Stool Enteropathic E coli - bfpA (Arbitrary Unit (CT)),yes,no,1,0,0,0,yes,Microbiology Results,NA,NA,NA,NA,NA,NA,NA,NA,NA,NA,NA,q205_25; q206_25,EPEC_bfpA; EPEC_bfpA,Follow up Day 42; Follow up Day 56
EPECEAE,Stool Enteropathic E coli - eae (Arbitrary Unit (CT)),yes,no,1,0,0,0,yes,Microbiology Results,NA,NA,NA,NA,NA,NA,NA,NA,NA,NA,NA,q205_26; q206_26,EPEC_eae; EPEC_eae,Follow up Day 42; Follow up Day 56
ETECCFA,Stool etec_cfa (Arbitrary Unit (CT)),yes,no,1,0,0,0,yes,Microbiology Results,NA,NA,NA,NA,NA,NA,NA,NA,NA,NA,NA,q205_27; q206_27,ETEC_CFA_I; ETEC_CFA_I,Follow up Day 42; Follow up Day 56
ETECCS1,Stool etec_cs1 (Arbitrary Unit (CT)),yes,no,1,0,0,0,yes,Microbiology Results,NA,NA,NA,NA,NA,NA,NA,NA,NA,NA,NA,q205_28; q206_28,ETEC_CS1; ETEC_CS1,Follow up Day 42; Follow up Day 56
ETECCS2,Stool etec_cs2 (Arbitrary Unit (CT)),yes,no,1,0,0,0,yes,Microbiology Results,NA,NA,NA,NA,NA,NA,NA,NA,NA,NA,NA,q205_29; q206_29,ETEC_CS2; ETEC_CS2,Follow up Day 42; Follow up Day 56
ETECCS3,Stool etec_cs3 (Arbitrary Unit (CT)),yes,no,1,0,0,0,yes,Microbiology Results,NA,NA,NA,NA,NA,NA,NA,NA,NA,NA,NA,q205_30; q206_30,ETEC_CS3; ETEC_CS3,Follow up Day 42; Follow up Day 56
ETECCS6,Stool etec_cs6 (Arbitrary Unit (CT)),yes,no,1,0,0,0,yes,Microbiology Results,NA,NA,NA,NA,NA,NA,NA,NA,NA,NA,NA,q205_32; q206_32,ETEC_CS6; ETEC_CS6,Follow up Day 42; Follow up Day 56
ETECLT,Stool Enterotoxic E coli  heat-labile (Arbitrary Unit (CT)),yes,no,1,0,0,0,yes,Microbiology Results,NA,NA,NA,NA,NA,NA,NA,NA,NA,NA,NA,q205_33; q206_33,ETEC_LT; ETEC_LT,Follow up Day 42; Follow up Day 56
ETECSTH,Stool Enterotoxic E coli  STh (Arbitrary Unit (CT)),yes,no,1,0,0,0,yes,Microbiology Results,NA,NA,NA,NA,NA,NA,NA,NA,NA,NA,NA,q205_34; q206_34,ETEC_STh; ETEC_STh,Follow up Day 42; Follow up Day 56
ETECSTP,Stool Enterotoxic E coli  STp (Arbitrary Unit (CT)),yes,no,1,0,0,0,yes,Microbiology Results,NA,NA,NA,NA,NA,NA,NA,NA,NA,NA,NA,q205_35; q206_35,ETEC_STp; ETEC_STp,Follow up Day 42; Follow up Day 56
GIARDIA,Stool Giardia (Arbitrary Unit (CT)),yes,no,1,0,0,0,yes,Microbiology Results,NA,NA,NA,NA,NA,NA,NA,NA,NA,NA,NA,q205_36; q206_36,Giardia; Giardia,Follow up Day 42; Follow up Day 56
HPYLORI,Stool Helicobacter pylori (Arbitrary Unit (CT)),yes,no,1,0,0,0,yes,Microbiology Results,NA,NA,NA,NA,NA,NA,NA,NA,NA,NA,NA,q205_37; q206_37,H_pylori; H_pylori,Follow up Day 42; Follow up Day 56
HS9901S1,Stool Hs99999901_s1 (Arbitrary Unit (CT)),yes,no,1,0,0,0,yes,Microbiology Results,NA,NA,NA,NA,NA,NA,NA,NA,NA,NA,NA,q205_38; q206_38,Hs99999901_s1; Hs99999901_s1,Follow up Day 42; Follow up Day 56
M_ADEN4041,Mother's Stool Adenovirus 40/41 (Arbitrary Unit (CT)),yes,no,1,0,0,0,yes,Microbiology Results,NA,NA,NA,NA,NA,NA,NA,NA,NA,NA,NA,q203_2; q204_2,Adenovirus_40_41; Adenovirus_40_41,Follow up Day 42; Follow up Day 56
M_AEROMNS,Mother's Stool Aeromonas (Arbitrary Unit (CT)),yes,no,1,0,0,0,yes,Microbiology Results,NA,NA,NA,NA,NA,NA,NA,NA,NA,NA,NA,q203_3; q204_3,Aeromonas; Aeromonas,Follow up Day 42; Follow up Day 56
M_ASCARIS,Mother's Stool Ascaris (Arbitrary Unit (CT)),yes,no,1,0,0,0,yes,Microbiology Results,NA,NA,NA,NA,NA,NA,NA,NA,NA,NA,NA,q203_5; q204_5,Ascaris; Ascaris,Follow up Day 42; Follow up Day 56
M_ASTRO,Mother's Stool Astrovirus (Arbitrary Unit (CT)),yes,no,1,0,0,0,yes,Microbiology Results,NA,NA,NA,NA,NA,NA,NA,NA,NA,NA,NA,q203_6; q204_6,Astrovirus; Astrovirus,Follow up Day 42; Follow up Day 56
M_BLONGIN,Mother's Stool Bifidobacterium longum Infantalis (Arbitrary Unit (CT)),yes,no,1,0,0,0,yes,Microbiology Results,NA,NA,NA,NA,NA,NA,NA,NA,NA,NA,NA,q208_3; q208_4; q210_3; q210_4,B.longum Spp. Infantis Results (Ct Value)   LW TimePoint1; B.longum Spp. Infantis Results (Pos/Neg)   LW TimePoint1; B.longum Spp. Infantis Results (Ct Value)   LW Timepoint2; B.longum Spp. Infantis Results (Pos/Neg)   LW Timepoint2,Follow up Day 42; Follow up Day 42; Follow up Day 56; Follow up Day 56
M_BLONGIN_C,Mother's Stool Bifidobacterium longum Infantalis (Arbitrary Unit (CT)),yes,no,1,0,0,0,yes,Microbiology Results,NA,NA,NA,NA,NA,NA,NA,NA,NA,NA,NA,NA,NA,NA
M_BLONGUM,Mother's Stool Bifidobacterium longum (Arbitrary Unit (CT)),yes,no,1,0,0,0,yes,Microbiology Results,NA,NA,NA,NA,NA,NA,NA,NA,NA,NA,NA,q208_1; q208_2; q210_1; q210_2,B.longum Results (Ct Value)   LW TimePoint1; B.longum Results (Pos/Neg)   LW TimePoint1; B.longum Results (Ct Value)   LW Timepoint2; B.longum Results (Pos/Neg)   LW Timepoint2,Follow up Day 42; Follow up Day 42; Follow up Day 56; Follow up Day 56
M_BLONGUM_C,Mother's Stool Bifidobacterium longum (Arbitrary Unit (CT)),yes,no,1,0,0,0,yes,Microbiology Results,NA,NA,NA,NA,NA,NA,NA,NA,NA,NA,NA,NA,NA,NA
M_CA23S75A,Mother's Stool Campylobacter23S 2075A (Arbitrary Unit (CT)),yes,no,1,0,0,0,yes,Microbiology Results,NA,NA,NA,NA,NA,NA,NA,NA,NA,NA,NA,q203_9; q204_9,Campy23S2075A; Campy23S2075A,Follow up Day 42; Follow up Day 56
M_CA23S75G,Mother's Stool Campylobacter23S 2075G (Arbitrary Unit (CT)),yes,no,1,0,0,0,yes,Microbiology Results,NA,NA,NA,NA,NA,NA,NA,NA,NA,NA,NA,q203_10; q204_10,Campy23S2075G; Campy23S2075G,Follow up Day 42; Follow up Day 56
M_CALP,Mother's Stool Calprotectin (�g/g),yes,no,1,0,0,0,yes,Microbiology Results,NA,NA,NA,NA,NA,NA,NA,NA,NA,NA,NA,q74; q137,Maternal carplprotectin level - first time-point; Maternal carplprotectin level - second time-point,Follow up Day 42; Follow up Day 56
M_CAMP16S,Mother's Stool Campylobacter16S (Arbitrary Unit (CT)),yes,no,1,0,0,0,yes,Microbiology Results,NA,NA,NA,NA,NA,NA,NA,NA,NA,NA,NA,q203_8; q204_8,Campy16S; Campy16S,Follow up Day 42; Follow up Day 56
M_CAMPCOL,Mother's Stool Campylobacter coli (Arbitrary Unit (CT)),yes,no,1,0,0,0,yes,Microbiology Results,NA,NA,NA,NA,NA,NA,NA,NA,NA,NA,NA,q203_11; q204_11,Campylobacter_coli; Campylobacter_coli,Follow up Day 42; Follow up Day 56
M_CAMPJC,Mother's Stool Campylobacter jejuni/coli (Arbitrary Unit (CT)),yes,no,1,0,0,0,yes,Microbiology Results,NA,NA,NA,NA,NA,NA,NA,NA,NA,NA,NA,q203_13; q204_13,Campylobacter_jejuni_coli; Campylobacter_jejuni_coli,Follow up Day 42; Follow up Day 56
M_CAMPJJN,Mother's Stool Campylobacter jejuni (Arbitrary Unit (CT)),yes,no,1,0,0,0,yes,Microbiology Results,NA,NA,NA,NA,NA,NA,NA,NA,NA,NA,NA,q203_12; q204_12,Campylobacter_jejuni; Campylobacter_jejuni,Follow up Day 42; Follow up Day 56
M_CAMPPAN,Mother's Stool Campylobacter pancolitis (Arbitrary Unit (CT)),yes,no,1,0,0,0,yes,Microbiology Results,NA,NA,NA,NA,NA,NA,NA,NA,NA,NA,NA,q203_14; q204_14,Campylobacter_pan; Campylobacter_pan,Follow up Day 42; Follow up Day 56
M_CDIFFIC,Mother's Stool Clostridium difficile (Arbitrary Unit (CT)),yes,no,1,0,0,0,yes,Microbiology Results,NA,NA,NA,NA,NA,NA,NA,NA,NA,NA,NA,q203_7; q204_7,C_difficile; C_difficile,Follow up Day 42; Follow up Day 56
M_CRYPTO,Mother's Stool Cryptosporidium (Arbitrary Unit (CT)),yes,no,1,0,0,0,yes,Microbiology Results,NA,NA,NA,NA,NA,NA,NA,NA,NA,NA,NA,q203_15; q204_15,Cryptosporidium; Cryptosporidium,Follow up Day 42; Follow up Day 56
M_CTXM129,Mother's Stool Ctx_M_1_2_9 gene (Arbitrary Unit (CT)),yes,no,1,0,0,0,yes,Microbiology Results,NA,NA,NA,NA,NA,NA,NA,NA,NA,NA,NA,q203_16; q204_16,ctx_M_1_2_9; ctx_M_1_2_9,Follow up Day 42; Follow up Day 56
M_CTXM825,Mother's Stool Ctx_M_8_25 gene (Arbitrary Unit (CT)),yes,no,1,0,0,0,yes,Microbiology Results,NA,NA,NA,NA,NA,NA,NA,NA,NA,NA,NA,q203_17; q204_17,ctx_M_8_25; ctx_M_8_25,Follow up Day 42; Follow up Day 56
M_EAECAAIC,Mother's Stool Enteroaggregative Escherichia coli aaIC (Arbitrary Unit (CT)),yes,no,1,0,0,0,yes,Microbiology Results,NA,NA,NA,NA,NA,NA,NA,NA,NA,NA,NA,q203_23; q204_23,EAEC_aaiC; EAEC_aaiC,Follow up Day 42; Follow up Day 56
M_EAECAATA,Mother's Stool Enteroaggregative Escherichia coli aatA (Arbitrary Unit (CT)),yes,no,1,0,0,0,yes,Microbiology Results,NA,NA,NA,NA,NA,NA,NA,NA,NA,NA,NA,q203_24; q204_24,EAEC_aatA; EAEC_aatA,Follow up Day 42; Follow up Day 56
M_EBIENSI,Mother's Stool Enterocytozoon bieneusi (Arbitrary Unit (CT)),yes,no,1,0,0,0,yes,Microbiology Results,NA,NA,NA,NA,NA,NA,NA,NA,NA,NA,NA,q203_19; q204_19,E_bieneusi; E_bieneusi,Follow up Day 42; Follow up Day 56
M_EINTEST,Mother's Stool Encephalitozoon intestinalis (Arbitrary Unit (CT)),yes,no,1,0,0,0,yes,Microbiology Results,NA,NA,NA,NA,NA,NA,NA,NA,NA,NA,NA,q203_22; q204_22,E_intestinalis; E_intestinalis,Follow up Day 42; Follow up Day 56
M_ENTAHISH,Mother's Stool Entamoeba histolytica hartmanni (Arbitrary Unit (CT)),yes,no,1,0,0,0,yes,Microbiology Results,NA,NA,NA,NA,NA,NA,NA,NA,NA,NA,NA,q203_21; q204_21,E_histolytica_H; E_histolytica_H,Follow up Day 42; Follow up Day 56
M_ENTAHIST,Mother's Stool Entamoeba histolytica (Arbitrary Unit (CT)),yes,no,1,0,0,0,yes,Microbiology Results,NA,NA,NA,NA,NA,NA,NA,NA,NA,NA,NA,q203_20; q204_20,E_histolytica; E_histolytica,Follow up Day 42; Follow up Day 56
M_EPECBFPA,Mother's Stool Enteropathic E coli - bfpA (Arbitrary Unit (CT)),yes,no,1,0,0,0,yes,Microbiology Results,NA,NA,NA,NA,NA,NA,NA,NA,NA,NA,NA,q203_25; q204_25,EPEC_bfpA; EPEC_bfpA,Follow up Day 42; Follow up Day 56
M_EPECEAE,Mother's Stool Enteropathic E coli - eae (Arbitrary Unit (CT)),yes,no,1,0,0,0,yes,Microbiology Results,NA,NA,NA,NA,NA,NA,NA,NA,NA,NA,NA,q203_26; q204_26,EPEC_eae; EPEC_eae,Follow up Day 42; Follow up Day 56
M_ETECCFA,Mother's Stool etec_cfa (Arbitrary Unit (CT)),yes,no,1,0,0,0,yes,Microbiology Results,NA,NA,NA,NA,NA,NA,NA,NA,NA,NA,NA,q203_27; q204_27,ETEC_CFA_I; ETEC_CFA_I,Follow up Day 42; Follow up Day 56
M_ETECCS1,Mother's Stool etec_cs1 (Arbitrary Unit (CT)),yes,no,1,0,0,0,yes,Microbiology Results,NA,NA,NA,NA,NA,NA,NA,NA,NA,NA,NA,q203_28; q204_28,ETEC_CS1; ETEC_CS1,Follow up Day 42; Follow up Day 56
M_ETECCS2,Mother's Stool etec_cs2 (Arbitrary Unit (CT)),yes,no,1,0,0,0,yes,Microbiology Results,NA,NA,NA,NA,NA,NA,NA,NA,NA,NA,NA,q203_29; q204_29,ETEC_CS2; ETEC_CS2,Follow up Day 42; Follow up Day 56
M_ETECCS3,Mother's Stool etec_cs3 (Arbitrary Unit (CT)),yes,no,1,0,0,0,yes,Microbiology Results,NA,NA,NA,NA,NA,NA,NA,NA,NA,NA,NA,q203_30; q204_30,ETEC_CS3; ETEC_CS3,Follow up Day 42; Follow up Day 56
M_ETECCS5,Mother's Stool etec_cs5 (Arbitrary Unit (CT)),yes,no,1,0,0,0,yes,Microbiology Results,NA,NA,NA,NA,NA,NA,NA,NA,NA,NA,NA,q203_31; q204_31,ETEC_CS5; ETEC_CS5,Follow up Day 42; Follow up Day 56
M_ETECCS6,Mother's Stool etec_cs6 (Arbitrary Unit (CT)),yes,no,1,0,0,0,yes,Microbiology Results,NA,NA,NA,NA,NA,NA,NA,NA,NA,NA,NA,q203_32; q204_32,ETEC_CS6; ETEC_CS6,Follow up Day 42; Follow up Day 56
M_ETECLT,Mother's Stool Enterotoxic E coli  heat-labile (Arbitrary Unit (CT)),yes,no,1,0,0,0,yes,Microbiology Results,NA,NA,NA,NA,NA,NA,NA,NA,NA,NA,NA,q203_33; q204_33,ETEC_LT; ETEC_LT,Follow up Day 42; Follow up Day 56
M_ETECSTH,Mother's Stool Enterotoxic E coli  STh (Arbitrary Unit (CT)),yes,no,1,0,0,0,yes,Microbiology Results,NA,NA,NA,NA,NA,NA,NA,NA,NA,NA,NA,q203_34; q204_34,ETEC_STh; ETEC_STh,Follow up Day 42; Follow up Day 56
M_ETECSTP,Mother's Stool Enterotoxic E coli  STp (Arbitrary Unit (CT)),yes,no,1,0,0,0,yes,Microbiology Results,NA,NA,NA,NA,NA,NA,NA,NA,NA,NA,NA,q203_35; q204_35,ETEC_STp; ETEC_STp,Follow up Day 42; Follow up Day 56
M_GIARDIA,Mother's Stool Giardia (Arbitrary Unit (CT)),yes,no,1,0,0,0,yes,Microbiology Results,NA,NA,NA,NA,NA,NA,NA,NA,NA,NA,NA,q203_36; q204_36,Giardia; Giardia,Follow up Day 42; Follow up Day 56
M_HPYLORI,Mother's Stool Helicobacter pylori (Arbitrary Unit (CT)),yes,no,1,0,0,0,yes,Microbiology Results,NA,NA,NA,NA,NA,NA,NA,NA,NA,NA,NA,q203_37; q204_37,H_pylori; H_pylori,Follow up Day 42; Follow up Day 56
M_HS9901S1,Mother's Stool Hs99999901_s1 (Arbitrary Unit (CT)),yes,no,1,0,0,0,yes,Microbiology Results,NA,NA,NA,NA,NA,NA,NA,NA,NA,NA,NA,q203_38; q204_38,Hs99999901_s1; Hs99999901_s1,Follow up Day 42; Follow up Day 56
M_ISOSPORA,Mother's Stool Isospora (Arbitrary Unit (CT)),yes,no,1,0,0,0,yes,Microbiology Results,NA,NA,NA,NA,NA,NA,NA,NA,NA,NA,NA,q203_39; q204_39,Isospora; Isospora,Follow up Day 42; Follow up Day 56
M_LIPOCAL2,Mother's Stool Lipocalin-2 (ng/g),yes,no,1,0,0,0,yes,Microbiology Results,NA,NA,NA,NA,NA,NA,NA,NA,NA,NA,NA,q75; q138,Maternal lipokalin-2 level - first time-point; Maternal lipokalin-2 level - second time-point,Follow up Day 42; Follow up Day 56
M_MPHA,Mother's Stool Gene mphA (Arbitrary Unit (CT)),yes,no,1,0,0,0,yes,Microbiology Results,NA,NA,NA,NA,NA,NA,NA,NA,NA,NA,NA,q203_41; q204_41,mphA; mphA,Follow up Day 42; Follow up Day 56
M_MPO,Mother's Stool Myeloperoxidase (ng/mL),yes,no,1,0,0,0,yes,Microbiology Results,NA,NA,NA,NA,NA,NA,NA,NA,NA,NA,NA,q76; q139,Maternal MPO level - first time-point; Maternal MPO level - second time-point,Follow up Day 42; Follow up Day 56
M_MS2,Mother's Stool Bacteriophage MS2 (Arbitrary Unit (CT)),yes,no,1,0,0,0,yes,Microbiology Results,NA,NA,NA,NA,NA,NA,NA,NA,NA,NA,NA,q203_42; q204_42,MS2; MS2,Follow up Day 42; Follow up Day 56
M_MS22B,Mother's Stool MS2-2 Bacteriophage (Arbitrary Unit (CT)),yes,no,1,0,0,0,yes,Microbiology Results,NA,NA,NA,NA,NA,NA,NA,NA,NA,NA,NA,q203_43; q204_43,MS2_2; MS2_2,Follow up Day 42; Follow up Day 56
M_MTB,Mother's Stool Mycobacterium tuberculosis (Arbitrary Unit (CT)),yes,no,1,0,0,0,yes,Microbiology Results,NA,NA,NA,NA,NA,NA,NA,NA,NA,NA,NA,q203_40; q204_40,M_tuberculosis; M_tuberculosis,Follow up Day 42; Follow up Day 56
M_NORO1,Mother's Stool Norovirus type I (Arbitrary Unit (CT)),yes,no,1,0,0,0,yes,Microbiology Results,NA,NA,NA,NA,NA,NA,NA,NA,NA,NA,NA,q203_45; q204_45,Norovirus_GI; Norovirus_GI,Follow up Day 42; Follow up Day 56
M_NORO2,Mother's Stool Norovirus type II (Arbitrary Unit (CT)),yes,no,1,0,0,0,yes,Microbiology Results,NA,NA,NA,NA,NA,NA,NA,NA,NA,NA,NA,q203_46; q204_46,Norovirus_GII; Norovirus_GII,Follow up Day 42; Follow up Day 56
M_NTOR,Mother's Stool Necator (Arbitrary Unit (CT)),yes,no,1,0,0,0,yes,Microbiology Results,NA,NA,NA,NA,NA,NA,NA,NA,NA,NA,NA,q203_44; q204_44,Necator; Necator,Follow up Day 42; Follow up Day 56
M_PHHV,Mother's Stool Phocine herpesvirus (Arbitrary Unit (CT)),yes,no,1,0,0,0,yes,Microbiology Results,NA,NA,NA,NA,NA,NA,NA,NA,NA,NA,NA,q203_47; q204_47,PhHV; PhHV,Follow up Day 42; Follow up Day 56
M_PHHV2,Mother's Stool Phocine herpesvirus 2 (Arbitrary Unit (CT)),yes,no,1,0,0,0,yes,Microbiology Results,NA,NA,NA,NA,NA,NA,NA,NA,NA,NA,NA,q203_48; q204_48,PhHV_2; PhHV_2,Follow up Day 42; Follow up Day 56
M_PLESIO,Mother's Stool Plesiomonas (Arbitrary Unit (CT)),yes,no,1,0,0,0,yes,Microbiology Results,NA,NA,NA,NA,NA,NA,NA,NA,NA,NA,NA,q203_49; q204_49,Plesiomonas; Plesiomonas,Follow up Day 42; Follow up Day 56
M_ROTA,Mother's Stool Rotavirus (Arbitrary Unit (CT)),yes,no,1,0,0,0,yes,Microbiology Results,NA,NA,NA,NA,NA,NA,NA,NA,NA,NA,NA,q203_50; q204_50,Rotavirus; Rotavirus,Follow up Day 42; Follow up Day 56
M_RRNA16S,Mother's Stool rRNA 16s (Arbitrary Unit (CT)),yes,no,1,0,0,0,yes,Microbiology Results,NA,NA,NA,NA,NA,NA,NA,NA,NA,NA,NA,q203_1; q204_1,16S; 16S,Follow up Day 42; Follow up Day 56
M_SALMNL,Mother's Stool Salmonella (Arbitrary Unit (CT)),yes,no,1,0,0,0,yes,Microbiology Results,NA,NA,NA,NA,NA,NA,NA,NA,NA,NA,NA,q203_51; q204_51,Salmonella; Salmonella,Follow up Day 42; Follow up Day 56
M_SAPOI_IV,Mother's Stool Sapovirus_I_II_IV (Arbitrary Unit (CT)),yes,no,1,0,0,0,yes,Microbiology Results,NA,NA,NA,NA,NA,NA,NA,NA,NA,NA,NA,q203_52; q204_52,Sapovirus_I_II_IV; Sapovirus_I_II_IV,Follow up Day 42; Follow up Day 56
M_SAPOV,Mother's Stool Sapovirus_V (Arbitrary Unit (CT)),yes,no,1,0,0,0,yes,Microbiology Results,NA,NA,NA,NA,NA,NA,NA,NA,NA,NA,NA,q203_53; q204_53,Sapovirus_V; Sapovirus_V,Follow up Day 42; Follow up Day 56
M_SGYRA83L,Mother's Stool ShEgyrA83L (Arbitrary Unit (CT)),yes,no,1,0,0,0,yes,Microbiology Results,NA,NA,NA,NA,NA,NA,NA,NA,NA,NA,NA,q203_54; q204_54,ShEgyrA83L; ShEgyrA83L,Follow up Day 42; Follow up Day 56
M_SGYRA83S,Mother's Stool ShEgyrA83S (Arbitrary Unit (CT)),yes,no,1,0,0,0,yes,Microbiology Results,NA,NA,NA,NA,NA,NA,NA,NA,NA,NA,NA,q203_55; q204_55,ShEgyrA83S; ShEgyrA83S,Follow up Day 42; Follow up Day 56
M_SHIGCL1,Mother's Stool Shigella clade 1 (Arbitrary Unit (CT)),yes,no,1,0,0,0,yes,Microbiology Results,NA,NA,NA,NA,NA,NA,NA,NA,NA,NA,NA,q203_58; q204_58,Shigella_clade_1; Shigella_clade_1,Follow up Day 42; Follow up Day 56
M_SHIGEIEC,Mother's Stool Shigella EIEC (Arbitrary Unit (CT)),yes,no,1,0,0,0,yes,Microbiology Results,NA,NA,NA,NA,NA,NA,NA,NA,NA,NA,NA,q203_59; q204_59,Shigella_EIEC; Shigella_EIEC,Follow up Day 42; Follow up Day 56
M_SHIGFLN6,Mother's Stool Shigella flexneri non 6 (Arbitrary Unit (CT)),yes,no,1,0,0,0,yes,Microbiology Results,NA,NA,NA,NA,NA,NA,NA,NA,NA,NA,NA,q203_61; q204_61,Shigella_flexneri_non6; Shigella_flexneri_non6,Follow up Day 42; Follow up Day 56
M_SHIGFLX6,Mother's Stool Shigella flexneri 6 (Arbitrary Unit (CT)),yes,no,1,0,0,0,yes,Microbiology Results,NA,NA,NA,NA,NA,NA,NA,NA,NA,NA,NA,q203_60; q204_60,Shigella_flexneri_6; Shigella_flexneri_6,Follow up Day 42; Follow up Day 56
M_SHIGSNN,Mother's Stool Shigella sonnei (Arbitrary Unit (CT)),yes,no,1,0,0,0,yes,Microbiology Results,NA,NA,NA,NA,NA,NA,NA,NA,NA,NA,NA,q203_62; q204_62,Shigella_sonnei; Shigella_sonnei,Follow up Day 42; Follow up Day 56
M_SPARC80L,Mother's Stool ShEparC80I (Arbitrary Unit (CT)),yes,no,1,0,0,0,yes,Microbiology Results,NA,NA,NA,NA,NA,NA,NA,NA,NA,NA,NA,q203_56; q204_56,ShEparC80I; ShEparC80I,Follow up Day 42; Follow up Day 56
M_SPARC80S,Mother's Stool ShEparC80S (Arbitrary Unit (CT)),yes,no,1,0,0,0,yes,Microbiology Results,NA,NA,NA,NA,NA,NA,NA,NA,NA,NA,NA,q203_57; q204_57,ShEparC80S; ShEparC80S,Follow up Day 42; Follow up Day 56
M_STECSTX1,Mother's Stool Shiga toxin-producing E coli - STX1 (Arbitrary Unit (CT)),yes,no,1,0,0,0,yes,Microbiology Results,NA,NA,NA,NA,NA,NA,NA,NA,NA,NA,NA,q203_63; q204_63,STEC_stx1; STEC_stx1,Follow up Day 42; Follow up Day 56
M_STECSTX2,Mother's Stool Shiga toxin-producing E coli - STX2 (Arbitrary Unit (CT)),yes,no,1,0,0,0,yes,Microbiology Results,NA,NA,NA,NA,NA,NA,NA,NA,NA,NA,NA,q203_64; q204_64,STEC_stx2; STEC_stx2,Follow up Day 42; Follow up Day 56
M_VCHL,Mother's Stool Vibrio cholerae (Arbitrary Unit (CT)),yes,no,1,0,0,0,yes,Microbiology Results,NA,NA,NA,NA,NA,NA,NA,NA,NA,NA,NA,q203_67; q204_67,V_cholerae; V_cholerae,Follow up Day 42; Follow up Day 56
MPHA,Stool Gene mphA (Arbitrary Unit (CT)),yes,no,1,0,0,0,yes,Microbiology Results,NA,NA,NA,NA,NA,NA,NA,NA,NA,NA,NA,q205_41; q206_41,mphA; mphA,Follow up Day 42; Follow up Day 56
MS2,Stool Bacteriophage MS2 (Arbitrary Unit (CT)),yes,no,1,0,0,0,yes,Microbiology Results,NA,NA,NA,NA,NA,NA,NA,NA,NA,NA,NA,q205_42; q206_42,MS2; MS2,Follow up Day 42; Follow up Day 56
MS22B,Stool MS2-2 Bacteriophage (Arbitrary Unit (CT)),yes,no,1,0,0,0,yes,Microbiology Results,NA,NA,NA,NA,NA,NA,NA,NA,NA,NA,NA,q205_43; q206_43,MS2_2; MS2_2,Follow up Day 42; Follow up Day 56
MTB,Stool Mycobacterium tuberculosis (Arbitrary Unit (CT)),yes,no,1,0,0,0,yes,Microbiology Results,NA,NA,NA,NA,NA,NA,NA,NA,NA,NA,NA,q205_40; q206_40,M_tuberculosis; M_tuberculosis,Follow up Day 42; Follow up Day 56
NORO1,Stool Norovirus type I (Arbitrary Unit (CT)),yes,no,1,0,0,0,yes,Microbiology Results,NA,NA,NA,NA,NA,NA,NA,NA,NA,NA,NA,q205_45; q206_45,Norovirus_GI; Norovirus_GI,Follow up Day 42; Follow up Day 56
NORO2,Stool Norovirus type II (Arbitrary Unit (CT)),yes,no,1,0,0,0,yes,Microbiology Results,NA,NA,NA,NA,NA,NA,NA,NA,NA,NA,NA,q205_46; q206_46,Norovirus_GII; Norovirus_GII,Follow up Day 42; Follow up Day 56
PHHV,Stool Phocine herpesvirus (Arbitrary Unit (CT)),yes,no,1,0,0,0,yes,Microbiology Results,NA,NA,NA,NA,NA,NA,NA,NA,NA,NA,NA,q205_47; q206_47,PhHV; PhHV,Follow up Day 42; Follow up Day 56
PHHV2,Stool Phocine herpesvirus 2 (Arbitrary Unit (CT)),yes,no,1,0,0,0,yes,Microbiology Results,NA,NA,NA,NA,NA,NA,NA,NA,NA,NA,NA,q205_48; q206_48,PhHV_2; PhHV_2,Follow up Day 42; Follow up Day 56
PLESIO,Stool Plesiomonas (Arbitrary Unit (CT)),yes,no,1,0,0,0,yes,Microbiology Results,NA,NA,NA,NA,NA,NA,NA,NA,NA,NA,NA,q205_49; q206_49,Plesiomonas; Plesiomonas,Follow up Day 42; Follow up Day 56
ROTA,Stool Rotavirus (Arbitrary Unit (CT)),yes,no,1,0,0,0,yes,Microbiology Results,NA,NA,NA,NA,NA,NA,NA,NA,NA,NA,NA,q205_50; q206_50,Rotavirus; Rotavirus,Follow up Day 42; Follow up Day 56
SALMNL,Stool Salmonella (Arbitrary Unit (CT)),yes,no,1,0,0,0,yes,Microbiology Results,NA,NA,NA,NA,NA,NA,NA,NA,NA,NA,NA,q205_51; q206_51,Salmonella; Salmonella,Follow up Day 42; Follow up Day 56
SAPOI_IV,Stool Sapovirus_I_II_IV (Arbitrary Unit (CT)),yes,no,1,0,0,0,yes,Microbiology Results,NA,NA,NA,NA,NA,NA,NA,NA,NA,NA,NA,q205_52; q206_52,Sapovirus_I_II_IV; Sapovirus_I_II_IV,Follow up Day 42; Follow up Day 56
SAPOV,Stool Sapovirus_V (Arbitrary Unit (CT)),yes,no,1,0,0,0,yes,Microbiology Results,NA,NA,NA,NA,NA,NA,NA,NA,NA,NA,NA,q205_53; q206_53,Sapovirus_V; Sapovirus_V,Follow up Day 42; Follow up Day 56
SGYRA83L,Stool ShEgyrA83L (Arbitrary Unit (CT)),yes,no,1,0,0,0,yes,Microbiology Results,NA,NA,NA,NA,NA,NA,NA,NA,NA,NA,NA,q205_54; q206_54,ShEgyrA83L; ShEgyrA83L,Follow up Day 42; Follow up Day 56
SGYRA83S,Stool ShEgyrA83S (Arbitrary Unit (CT)),yes,no,1,0,0,0,yes,Microbiology Results,NA,NA,NA,NA,NA,NA,NA,NA,NA,NA,NA,q205_55; q206_55,ShEgyrA83S; ShEgyrA83S,Follow up Day 42; Follow up Day 56
SHIGCL1,Stool Shigella clade 1 (Arbitrary Unit (CT)),yes,no,1,0,0,0,yes,Microbiology Results,NA,NA,NA,NA,NA,NA,NA,NA,NA,NA,NA,q205_58; q206_58,Shigella_clade_1; Shigella_clade_1,Follow up Day 42; Follow up Day 56
SHIGEIEC,Stool Shigella EIEC (Arbitrary Unit (CT)),yes,no,1,0,0,0,yes,Microbiology Results,NA,NA,NA,NA,NA,NA,NA,NA,NA,NA,NA,q205_59; q206_59,Shigella_EIEC; Shigella_EIEC,Follow up Day 42; Follow up Day 56
SHIGFLN6,Stool Shigella flexneri non 6 (Arbitrary Unit (CT)),yes,no,1,0,0,0,yes,Microbiology Results,NA,NA,NA,NA,NA,NA,NA,NA,NA,NA,NA,q205_61; q206_61,Shigella_flexneri_non6; Shigella_flexneri_non6,Follow up Day 42; Follow up Day 56
SHIGFLX6,Stool Shigella flexneri 6 (Arbitrary Unit (CT)),yes,no,1,0,0,0,yes,Microbiology Results,NA,NA,NA,NA,NA,NA,NA,NA,NA,NA,NA,q205_60; q206_60,Shigella_flexneri_6; Shigella_flexneri_6,Follow up Day 42; Follow up Day 56
SPARC80L,Stool ShEparC80I (Arbitrary Unit (CT)),yes,no,1,0,0,0,yes,Microbiology Results,NA,NA,NA,NA,NA,NA,NA,NA,NA,NA,NA,q205_56; q206_56,ShEparC80I; ShEparC80I,Follow up Day 42; Follow up Day 56
SPARC80S,Stool ShEparC80S (Arbitrary Unit (CT)),yes,no,1,0,0,0,yes,Microbiology Results,NA,NA,NA,NA,NA,NA,NA,NA,NA,NA,NA,q205_57; q206_57,ShEparC80S; ShEparC80S,Follow up Day 42; Follow up Day 56
STECSTX1,Stool Shiga toxin-producing E coli - STX1 (Arbitrary Unit (CT)),yes,no,1,0,0,0,yes,Microbiology Results,NA,NA,NA,NA,NA,NA,NA,NA,NA,NA,NA,q205_63; q206_63,STEC_stx1; STEC_stx1,Follow up Day 42; Follow up Day 56
STRNGLD,Stool Strongyloides (Arbitrary Unit (CT)),yes,no,1,0,0,0,yes,Microbiology Results,NA,NA,NA,NA,NA,NA,NA,NA,NA,NA,NA,q205_65; q206_65,Strongyloides; Strongyloides,Follow up Day 42; Follow up Day 56
VCHL,Stool Vibrio cholerae (Arbitrary Unit (CT)),yes,no,1,0,0,0,yes,Microbiology Results,NA,NA,NA,NA,NA,NA,NA,NA,NA,NA,NA,q205_67; q206_67,V_cholerae; V_cholerae,Follow up Day 42; Follow up Day 56
AZRES,Azithromycin Resistance,yes,no,0,1,0,0,yes,Microbiology Susceptibility,NA,NA,NA,NA,NA,AMR_AZI_ETEST_80; AMR_AZI_ETEST_100; AMR_AZI_ETEST_210,amr_azi_etest.80; amr_azi_etest.100; amr_azi_etest.210,6.5 Months Visit; 9 Months Visit; 18 Months Visit,NA,NA,NA,NA,NA,NA
MMARITN,Mothers marital status (num),no,no,0,0,1,1,yes,Parental Data,NA,NA,incl_wmarital,Marital status pregnant woman,NA,NA,NA,NA,NA,NA,NA,NA,NA,NA
MPREG,Mother pregnant during study?,no,no,1,0,1,1,yes,Parental Data,NA,NA,NA,NA,NA,NA,NA,NA,NA,NA,NA,NA,NA,NA
MTRIBE,Maternal Tribe,no,no,0,1,0,0,yes,Parental Data,NA,NA,NA,NA,NA,CEF_TRIBAL_GROUP,What tribal group is the mother a member of?,NA,NA,NA,NA,NA,NA,NA
MWORK,Mother type or work,no,no,1,0,1,0,yes,Parental Data,NA,NA,incl_wwork; incl_wworkoptions__1; incl_wworkoptions__2; incl_wworkoptions__3; incl_wworkoptions__4; incl_wworkoptions__5; incl_wworkoptions__6; incl_wworkoptions__7; incl_wworkoptions__8; incl_wworkoptions__9; incl_wworkoptions__88,"Job pregnant woman; Formal employment (salary); Small business / retail and trade; Shop; Wholesale; Craftswoman (tailor, jeweler); Services (hairdresser, electrician, medical job); Gardening / breeding; Gold mining; Day worker; Other job",NA; NA; NA; NA; NA; NA; NA; NA; NA; NA; NA,NA,NA,NA,NA,NA,NA,crf2_q33,Whether woman is working outside  home due to which she is  not able to breastfe,
ABORTHX,Previous Abortions,no,no,0,0,0,1,yes,Pregnancy History,NA,NA,NA,NA,NA,NA,NA,NA,CHILD_113698,Abortions (both surgical abortions and miscarriages),NA,NA,NA,NA
ABT,Index pregnancy induced abortion?,no,no,1,1,1,1,yes,Pregnancy History,NA,NA,NA,NA,NA,NA,NA,NA,NA,NA,NA,NA,NA,NA
ANEMIA,Pregnancy-related anemia?,no,no,1,0,0,1,yes,Pregnancy History,NA,NA,NA,NA,NA,NA,NA,NA,NA,NA,NA,crf3b_q28_j; crf3b_q32_c, SEVERE ANEMIA (PALE OR SHORTNESS OF BREATH);  SEVERE ANEMIA,Baseline; Baseline
ANTEHC,Received Antenatal Care,no,no,1,0,0,0,yes,Pregnancy History,NA,NA,NA,NA,NA,NA,NA,NA,NA,NA,NA,crf3b_q22,During pregnancy did the woman seek care for routine antenatal care?,
COMPRISK,Pregnancy complications/risk factors,no,no,1,0,0,0,yes,Pregnancy History,NA,NA,NA,NA,NA,NA,NA,NA,NA,NA,NA,crf3b_q28_c; crf3b_q28_k; crf3b_q28_o; crf3b_q28_v; crf3b_q32_k; crf3b_q32_l; crf3b_q32_o; crf3b_q32_p; crf3b_q32_q,BLEEDING FROM VAGNIA; SEVERE BLEEDING FROM VAGINA DURING LABOUR PAIN;  PREMATURE LABOR PAIN; SPOTTING;  VAGINAL BLEEDING BEFORE LABOR; EXCESSIVE BLEEDING; EARLY/PRETERM LABOR (LESS THAN 9 MONTHS); WATER BROKE 6 HOURS OR MORE BEFORE LABOR; LABOR PAIN 12 HOURS OR MORE,Baseline; Baseline; Baseline; Baseline; Baseline; Baseline; Baseline; Baseline; Baseline
CSECTYN,Index pregnancy a C-section?,no,no,1,0,1,1,yes,Pregnancy History,NA,NA,d_wbinter,Intervention at delivery,NA,NA,NA,NA,NA,NA,NA,crf3b_q35_j; crf3b_q44,C-section; Mode of delivery,; 
DLVLOCN,Location of delivery (num),no,no,1,1,1,0,yes,Pregnancy History,NA,NA,d_cplace,Place of delivery,NA,IAF_BORNINHOSP,Was the child born in the hospital?,NA,NA,NA,NA,crf3b_q37,Place of delivery,
DLVPSN,Person conducting the delivery,no,no,1,0,1,0,yes,Pregnancy History,NA,NA,d_wbresp,Deliv before responsable,NA,NA,NA,NA,NA,NA,NA,NA,NA,NA
DLVPSNN,Person conducting the delivery (num),no,no,1,0,1,0,yes,Pregnancy History,NA,NA,d_wbresp,Deliv before responsable,NA,NA,NA,NA,NA,NA,NA,crf3b_q43,Provider who assisted woman delivery at the facility?,
DM,Diabetes M (not specifically gestation),no,no,1,0,1,1,yes,Pregnancy History,NA,NA,incl_wdiabetes,Do you suffer from diabetes (sugar disease)?,Baseline / Enrolment,NA,NA,NA,NA,NA,NA,crf3b_q28_m; crf3b_q32_d, DIABETES; Diabetes,Baseline; Baseline
FACID,Folic acid during pregnancy,no,no,1,0,1,0,yes,Pregnancy History,NA,NA,comp_IFAcompliance_prenatal,Iron folic acid compliance during pregnancy (%),Treatment Compliance,NA,NA,NA,NA,NA,NA,crf3b_q35_h,Oral folic acid,Baseline
GAGEHX,Gest age at end of pregnancy (days),no,no,1,0,1,1,yes,Pregnancy History,NA,NA,NA,NA,NA,NA,NA,NA,NA,NA,NA,NA,NA,NA
HTN,Htn (not specifically gestational),no,no,1,0,0,0,yes,Pregnancy History,NA,NA,NA,NA,NA,NA,NA,NA,NA,NA,NA,crf3b_q32_b, HIGH BLOOD PRESSURE,Baseline
LVBRTH,Index pregnancy ended in live birth?,no,no,1,1,1,1,yes,Pregnancy History,NA,NA,NA,NA,NA,NA,NA,NA,NA,NA,NA,NA,NA,NA
LVBRTHHX,Previous Live Birth,no,no,1,1,0,1,yes,Pregnancy History,NA,NA,NA,NA,NA,CEF_NBR_CHILDREN; FIRSTBORN,How many children does the mother have?; Derived based on cef_nbr_children,NA; NA,CHILD_113696; CHILD_113697,Term deliveries; Preterm deliveries,NA; NA,crf3b_q96_a,Total numbers of alive births including this baby which woman had,
MAGE1ST,Maternal age (yrs) time of 1st delivery,no,no,0,1,0,0,yes,Pregnancy History,NA,NA,NA,NA,NA,CEF_MOTHER_AGE_FIRSTCHILD,How old was the mother when she had her first child?,NA,NA,NA,NA,NA,NA,NA
MISCRHX,Previous Miscarriages,no,no,1,0,1,0,yes,Pregnancy History,NA,NA,cpn1_wmc,nr of miscarriages,NA,NA,NA,NA,NA,NA,NA,crf3b_q96_c,Total number of miscarriages or abortions which woman had,
MSCR,Index pregnancy ended in miscarriage?,no,no,1,1,1,1,yes,Pregnancy History,NA,NA,NA,NA,NA,NA,NA,NA,NA,NA,NA,NA,NA,NA
NABT,Maternal num of abortions,no,no,0,0,0,1,yes,Pregnancy History,NA,NA,NA,NA,NA,NA,NA,NA,NA,NA,NA,NA,NA,NA
NCSECT,Maternal num of previous C-sections,no,no,0,0,1,0,yes,Pregnancy History,NA,NA,cpn1_wcs,Nr of c-sections,NA,NA,NA,NA,NA,NA,NA,NA,NA,NA
NDCHILD,Maternal num of deceased children,no,no,0,0,1,0,yes,Pregnancy History,NA,NA,incl_wchild_mortality,N° of previous child death,NA,NA,NA,NA,NA,NA,NA,NA,NA,NA
NMSCR,Maternal num of miscarriages,no,no,1,0,1,0,yes,Pregnancy History,NA,NA,cpn1_wmc,nr of miscarriages,NA,NA,NA,NA,NA,NA,NA,crf3b_q96_c,Total number of miscarriages or abortions which woman had,
NSTLBRTH,Maternal num of still births,no,no,1,0,1,0,yes,Pregnancy History,NA,NA,cpn1_wsb,nr of stillbirths,NA,NA,NA,NA,NA,NA,NA,crf3b_q96_b,Total number of stillbirths which woman had,
NUMHCVIS,Number of antenatal health care visits,no,no,1,0,0,0,yes,Pregnancy History,NA,NA,NA,NA,NA,NA,NA,NA,NA,NA,NA,crf3b_q24,Number of ANC visit perfomed from provider 1-5 in Q31,
PREGNUM,Pregnancy Number,no,no,1,1,1,1,yes,Pregnancy History,NA,NA,NA,NA,NA,NA,NA,NA,NA,NA,NA,NA,NA,NA
PREMIEHX,Previous Premature Baby,no,no,0,0,0,1,yes,Pregnancy History,NA,NA,NA,NA,NA,NA,NA,NA,NA,NA,NA,NA,NA,NA
PRETRMHX,Number of previous preterm Births,no,no,0,0,0,1,yes,Pregnancy History,NA,NA,NA,NA,NA,NA,NA,NA,NA,NA,NA,NA,NA,NA
STLBRTH,Index pregnancy ended in still birth?,no,no,1,1,1,1,yes,Pregnancy History,NA,NA,d_calive,Nr children born alive,NA,NA,NA,NA,NA,NA,NA,NA,NA,NA
STLBRTHX,Previous Stillbirths,no,no,1,0,1,0,yes,Pregnancy History,NA,NA,cpn1_wsb,nr of stillbirths,NA,NA,NA,NA,NA,NA,NA,crf3b_q96_b,Total number of stillbirths which woman had,
AGEDTH,Age on day of death (days),no,no,1,0,1,1,yes,Subject Level Data,NA,NA,NA,NA,NA,NA,NA,NA,NA,NA,NA,NA,NA,NA
APGAR1,APGAR Score 1 min after birth,no,no,0,0,1,0,yes,Subject Level Data,NA,NA,d_apgar1,Apgar score at delivery(1 min),NA,NA,NA,NA,NA,NA,NA,NA,NA,NA
BIRTHHC,Birth head circumference (cm),no,no,0,0,1,1,yes,Subject Level Data,NA,NA,d_chc1; d_chc2,Birth head circumference 1; Birth head circumference 2,Delivery; Delivery,NA,NA,NA,CHILD_113791,Birth head circumference (cm),Birth CBIR,NA,NA,NA
BRTHPRES,Birth presentation,no,no,1,0,0,0,yes,Subject Level Data,NA,NA,NA,NA,NA,NA,NA,NA,NA,NA,NA,crf3b_q48,Part of the baby which came out first?,
CAUSEDTH,Cause of death,no,no,1,0,1,1,yes,Subject Level Data,NA,NA,NA,NA,NA,NA,NA,NA,NA,NA,NA,NA,NA,NA
CRY,Child cried after birth ?,no,no,1,0,0,0,yes,Subject Level Data,NA,NA,NA,NA,NA,NA,NA,NA,NA,NA,NA,crf3b_q50,How long (in minutes) after birth did the baby begin breathing and/or crying?,
DEAD,Child is dead,no,no,1,0,1,1,yes,Subject Level Data,NA,NA,NA,NA,NA,NA,NA,NA,NA,NA,NA,crf2_q10,Baby currently alive,
ETHNIC,Ethnicity,no,no,1,0,0,0,yes,Subject Level Data,NA,NA,NA,NA,NA,NA,NA,NA,NA,NA,NA,crf3b_q5,Ethnicity,
FEEDINGN,Feeding practice (numeric),no,no,1,1,1,1,yes,Subject Level Data,NA,NA,pn_ever_bf_; pn_solid_age_; pn_liguid_age_,Infant ever breastfed; Age of introduction of solids; Age of introduction of liquids,Post Natal FU M12; NA; NA,NUM_EBF,num.ebf,0 to 6 months,NA,NA,NA,crf3b_q57_f; crf3b_q58; crf3b_q62_f; crf3b_q62_h; crf3b_q62_j; crf3b_q62_k; crf3b_q62_m; crf3b_q63_f,"Baby was given formula milk at the hospital or clinic which was continued; How soon after birth was the baby given mother’s first thick yellowish milk (col; Formula milk; Honey;  Basmati oil;  Ghutti;  Cerelac; Formula milk was started at hospital, which was continued",Baseline; Baseline; Baseline; Baseline; Baseline; Baseline; Baseline; Baseline
GAGELMP,Gestational age at birth (days) per LMP,no,no,1,0,1,0,yes,Subject Level Data,NA,NA,cpn1_ddr_dmy; d_gabirth_lmp_d,"Date last menstruation (dd/mm/yy); GA at birth based on LMP , days",NA; NA,NA,NA,NA,NA,NA,NA,crf2_q12; crf2_q17,First day of Last Menstrual Periods (this data is collected from pregnancy surve; Last Menstrual Periods according to ultrasound,; 
GAGERW,"Gestational Age (days), raw data",no,no,0,0,1,1,yes,Subject Level Data,NA,NA,d_gabirth_d,"GA at birth, days",NA,NA,NA,NA,NA,NA,NA,NA,NA,NA
GAGERWSP,"Gestational Age (days) specify, raw data",no,no,0,0,1,1,yes,Subject Level Data,NA,NA,NA,NA,NA,NA,NA,NA,NA,NA,NA,NA,NA,NA
GAGEUS,"Gestational Age at birth (days), US",no,no,1,0,0,0,yes,Subject Level Data,NA,NA,NA,NA,NA,NA,NA,NA,NA,NA,NA,crf2_q18,Weeks of pregnancy according to ultrasound at which baby was born,
MULTBRTH,Child of multiple births?,no,no,1,0,1,1,yes,Subject Level Data,NA,NA,d_cnr; d_twin,Number of children born; Twin delivery,NA; NA,NA,NA,NA,NA,NA,NA,crf2_q6,Type of pregnancy,
PREGOUTN,Pregnancy outcome (num),no,no,1,1,1,1,yes,Subject Level Data,NA,NA,d_calive,Nr children born alive,NA,NA,NA,NA,NA,NA,NA,crf2_q7,Number of outcome type,
AINDEX,Asset score,no,no,0,0,1,0,yes,Subject Socioeconomic Status,NA,NA,incl_hhasset1comp,Household asset score using cmponent 1,Baseline / Enrolment,NA,NA,NA,NA,NA,NA,NA,NA,NA
ARMCHAIR,Household has armchair,no,no,0,0,1,0,yes,Subject Socioeconomic Status,NA,NA,incl_hharmchairY,Household has armchair,Baseline / Enrolment,NA,NA,NA,NA,NA,NA,NA,NA,NA
AXE,Axe,no,no,0,0,1,0,yes,Subject Socioeconomic Status,NA,NA,incl_hhaxe,nr of axes,Baseline / Enrolment,NA,NA,NA,NA,NA,NA,NA,NA,NA
BARRELS,Cans/barrels,no,no,0,0,1,0,yes,Subject Socioeconomic Status,NA,NA,incl_hhcan,nr of cans/barrels,Baseline / Enrolment,NA,NA,NA,NA,NA,NA,NA,NA,NA
BATTERY,Battery,no,no,0,0,1,0,yes,Subject Socioeconomic Status,NA,NA,incl_hhbattery,nr of batteries,Baseline / Enrolment,NA,NA,NA,NA,NA,NA,NA,NA,NA
BED,Bed,no,no,0,0,1,0,yes,Subject Socioeconomic Status,NA,NA,incl_hhbedY,Household has bed,Baseline / Enrolment,NA,NA,NA,NA,NA,NA,NA,NA,NA
BEDNET,Bed Net,no,no,0,0,1,0,yes,Subject Socioeconomic Status,NA,NA,incl_hhnet; incl_hhnet_impr,Sleeping under bednet; Impregnated bednet,Baseline / Enrolment; Baseline / Enrolment,NA,NA,NA,NA,NA,NA,NA,NA,NA
BENCH,Bench in the home,no,no,0,0,1,0,yes,Subject Socioeconomic Status,NA,NA,incl_hhbenchY,Household has bench,Baseline / Enrolment,NA,NA,NA,NA,NA,NA,NA,NA,NA
BICYCLE,Bicycle,no,no,0,0,1,0,yes,Subject Socioeconomic Status,NA,NA,incl_hhbike,nr of bicycles,Baseline / Enrolment,NA,NA,NA,NA,NA,NA,NA,NA,NA
BOWL,Bowl,no,no,0,0,1,0,yes,Subject Socioeconomic Status,NA,NA,incl_hhbowl,nr of bowls,Baseline / Enrolment,NA,NA,NA,NA,NA,NA,NA,NA,NA
CAR,Car,no,no,0,0,1,0,yes,Subject Socioeconomic Status,NA,NA,incl_hhcar,nr of cars/trucks,Baseline / Enrolment,NA,NA,NA,NA,NA,NA,NA,NA,NA
CARPET,Carpet,no,no,0,0,1,0,yes,Subject Socioeconomic Status,NA,NA,incl_hhcarpet,nr of carpets,Baseline / Enrolment,NA,NA,NA,NA,NA,NA,NA,NA,NA
CART,Cart (animal pulled),no,no,0,0,1,0,yes,Subject Socioeconomic Status,NA,NA,incl_hhcart,nr of carts,Baseline / Enrolment,NA,NA,NA,NA,NA,NA,NA,NA,NA
CDPLAY,CD Player,no,no,0,0,1,0,yes,Subject Socioeconomic Status,NA,NA,incl_hhcdY,Household has cd,Baseline / Enrolment,NA,NA,NA,NA,NA,NA,NA,NA,NA
CHAIR,Chair in the home,no,no,0,1,1,0,yes,Subject Socioeconomic Status,NA,NA,incl_hhchairY,Household has chair,Baseline / Enrolment,CEF_OWN_CHAIR_OR_BENCH,Does the household own a chair or bench?,Enrolment Visit,NA,NA,NA,NA,NA,NA
COMPUTER,Computer,no,no,0,0,1,0,yes,Subject Socioeconomic Status,NA,NA,incl_hhpc,nr of computers,Baseline / Enrolment,NA,NA,NA,NA,NA,NA,NA,NA,NA
COOKFUEL,Type of cooking fuel,no,no,1,0,1,1,yes,Subject Socioeconomic Status,NA,NA,incl_hhencook,Energy for cooking HH,Baseline / Enrolment,NA,NA,NA,CHILD_108739; CHILD_108740; CHILD_108741; CHILD_108742; CHILD_108745; CHILD_116591; CHILD_116592; CHILD_116593; CHILD_116594; CHILD_116595; CHILD_116597; CHILD_117132; CHILD_117133; CHILD_117134; CHILD_117135; CHILD_117136; CHILD_117138,"What type of fuel heats your home? Gas/Propane; What type of fuel heats your home? Oil; What type of fuel heats your home? Electric; What type of fuel heats your home? Wood/Pellet; What type of fuel heats your home? If other type of fuel, specify:; What type of fuel heats your home? Gas/Propane; What type of fuel heats your home? Wood/Pellet; What type of fuel heats your home? Oil; What type of fuel heats your home? Other; What type of fuel heats your home? Electric; What type of fuel heats your home? If Other type of fuel, specify:; What type of fuel heats your home? Gas/Propane; What type of fuel heats your home? Wood/Pellet; What type of fuel heats your home? Oil; What type of fuel heats your home? Other; What type of fuel heats your home? Electric; What type of fuel heats your home? If Other type of fuel, specify:",Prenatal 18W; Prenatal 18W; Prenatal 18W; Prenatal 18W; Prenatal 18W; 3 Months FU; 3 Months FU; 3 Months FU; 3 Months FU; 3 Months FU; 3 Months FU; 1 Year FU; 1 Year FU; 1 Year FU; 1 Year FU; 1 Year FU; 1 Year FU,crf3b_q10,Type fuel is used for cooking in this house?,Baseline
COOKSTOV,Type of cooking stove,yes,no,0,0,0,1,yes,Subject Socioeconomic Status,NA,NA,NA,NA,NA,NA,NA,NA,CHILD_108777; CHILD_108778; CHILD_116517; CHILD_116518; CHILD_116519; CHILD_116521; CHILD_117056; CHILD_117057; CHILD_117058; CHILD_117060,"Stove used for cooking What kind of STOVE do you cook on?; Stove used for cooking If other kind of stove, specify:; If Yes, what type of cooking appliance(s) do you have? Gas/Propane stove; If Yes, what type of cooking appliance(s) do you have? Wood burning stove; If Yes, what type of cooking appliance(s) do you have? Electric stove; If Yes, what type of cooking appliance(s) do you have? If other, specify; If Yes, what type of cooking appliance(s) do you have? Gas/Propane stove/oven; If Yes, what type of cooking appliance(s) do you have? Wood burning stove/oven; If Yes, what type of cooking appliance(s) do you have? Electric stove/oven; If Yes, what type of cooking appliance(s) do you have? If other cooking appliance, specify:",Prenatal 18W; Prenatal 18W; 3 Months FU; 3 Months FU; 3 Months FU; 3 Months FU; 1 Year FU; 1 Year FU; 1 Year FU; 1 Year FU,NA,NA,NA
COOKUT,Cooking utensils,no,no,0,0,1,0,yes,Subject Socioeconomic Status,NA,NA,incl_hhcooktools,nr of cooking utensils,Baseline / Enrolment,NA,NA,NA,NA,NA,NA,NA,NA,NA
COW,Cow,no,no,0,0,1,0,yes,Subject Socioeconomic Status,NA,NA,incl_hhcow,nr of cows,Baseline / Enrolment,NA,NA,NA,NA,NA,NA,NA,NA,NA
CUPS,Cups,no,no,0,0,1,0,yes,Subject Socioeconomic Status,NA,NA,incl_hhcup,nr of cups,Baseline / Enrolment,NA,NA,NA,NA,NA,NA,NA,NA,NA
EQUINE,Donkeys and horses,no,no,0,0,1,0,yes,Subject Socioeconomic Status,NA,NA,incl_hhdonkeyhorse,nr of donkeys and horses,Baseline / Enrolment,NA,NA,NA,NA,NA,NA,NA,NA,NA
FLOORAGE,Age of floor in child's most used rooms,yes,no,0,0,0,1,yes,Subject Socioeconomic Status,NA,NA,NA,NA,NA,NA,NA,NA,CHILD_102810,Age of floor in child s most-used living space,3 Months FU,NA,NA,NA
FRIG,Refrigerator,no,no,0,1,0,0,yes,Subject Socioeconomic Status,NA,NA,NA,NA,NA,CEF_REFRIGERATOR,Does the household own a refrigerator?,Enrolment Visit,NA,NA,NA,NA,NA,NA
FURNACE,Household has furnace,no,no,0,0,1,0,yes,Subject Socioeconomic Status,NA,NA,incl_hhfurnaceY,Household has furnace,Baseline / Enrolment,NA,NA,NA,NA,NA,NA,NA,NA,NA
GOAT,Goats,no,no,0,0,1,0,yes,Subject Socioeconomic Status,NA,NA,incl_hhgoat,nr of goats,Baseline / Enrolment,NA,NA,NA,NA,NA,NA,NA,NA,NA
GUINEAFL,Guinea fowl,no,no,0,0,1,0,yes,Subject Socioeconomic Status,NA,NA,incl_hhquinea,nr of guinea fowl,Baseline / Enrolment,NA,NA,NA,NA,NA,NA,NA,NA,NA
H2OCAN,Watering can,no,no,0,0,1,0,yes,Subject Socioeconomic Status,NA,NA,incl_hhwateringcan,nb of watering cans,Baseline / Enrolment,NA,NA,NA,NA,NA,NA,NA,NA,NA
H2ODIS,Distance to drinking water,no,no,0,0,1,0,yes,Subject Socioeconomic Status,NA,NA,incl_hht_water,Time to water source,Baseline / Enrolment,NA,NA,NA,NA,NA,NA,NA,NA,NA
H2OLOC,Location of water source,no,no,0,0,1,0,yes,Subject Socioeconomic Status,NA,NA,incl_hhl_water,Location principal water source,Baseline / Enrolment,NA,NA,NA,NA,NA,NA,NA,NA,NA
H2OSRC,Water source,no,no,0,0,1,0,yes,Subject Socioeconomic Status,NA,NA,incl_hhwater; incl_hhwater_tap; incl_hhwater_pit,Water source; Type of tap for water; Type of water pit,Baseline / Enrolment; Baseline / Enrolment; Baseline / Enrolment,NA,NA,NA,NA,NA,NA,NA,NA,NA
H2OSRCC,Source of cooking water,no,no,1,0,0,0,yes,Subject Socioeconomic Status,NA,NA,NA,NA,NA,NA,NA,NA,NA,NA,NA,crf3b_q16,Source of water for cooking and hand washing etc?,Baseline
H2OTIME,Time to retrieve water,no,no,0,1,0,0,yes,Subject Socioeconomic Status,NA,NA,NA,NA,NA,CEF_WALK_10MINS_PRIM_WATERSRC,Do they have to walk more than 10 minutes to get to the primary water source?,Enrolment Visit,NA,NA,NA,NA,NA,NA
H2OTRTP,Method treat drinking water,no,no,1,1,1,0,yes,Subject Socioeconomic Status,NA,NA,incl_hhh2_water__1; incl_hhh2_water__2; incl_hhh2_water__3; incl_hhh2_water__4; incl_hhh2_water__5; incl_hhh2_water__6; incl_hhh2_water__7; incl_hhh2_water__88; incl_hhh2_water__99,Water treatment options: boiling; Water treatment options: add bleach / chlorine; Water treatment options: sprinkle cement on the surface of the water; Water treatment options: filter it through a cloth; Water treatment options: use a filter (ceramic / sand / composite / etc.); Water treatment options: solar disinfection; Water treatment options: let it rest; Water treatment options: other; Water treatment options: don't know,Baseline / Enrolment; Baseline / Enrolment; Baseline / Enrolment; Baseline / Enrolment; Baseline / Enrolment; Baseline / Enrolment; Baseline / Enrolment; Baseline / Enrolment; Baseline / Enrolment,CEF_TREAT_WATER; CEF_TREAT_WATER_HOW,"Do they treat their water in any way to make it safer to drink?  If no, proceed to question 17.; What does the family usually   do to the water to make it safer to   drink?",Enrolment Visit; Enrolment Visit,NA,NA,NA,crf3b_q15,Technique which is use to make water suitable for drinking?,Baseline
H2OUNTRT,Drinking un-treated water,no,no,0,0,1,0,yes,Subject Socioeconomic Status,NA,NA,incl_hhh1_water,Water treatment,Baseline / Enrolment,NA,NA,NA,NA,NA,NA,NA,NA,NA
H2OWSHST,Water present at washing station,no,no,0,0,1,0,yes,Subject Socioeconomic Status,NA,NA,incl_hhhyg_water,Observation: water present at washing station,Baseline / Enrolment,NA,NA,NA,NA,NA,NA,NA,NA,NA
HFCRCLOE,Limit food intake as no food?,no,no,0,0,1,0,yes,Subject Socioeconomic Status,NA,NA,hh_hfias_q5,Smaller meals,Baseline / Enrolment,NA,NA,NA,NA,NA,NA,NA,NA,NA
HFIASENF,No food to eat?,no,no,0,0,1,0,yes,Subject Socioeconomic Status,NA,NA,hh_hfias_q7,No food,Baseline / Enrolment,NA,NA,NA,NA,NA,NA,NA,NA,NA
HFIASFM,Fewer Meals-Not enough food?,no,no,0,0,1,0,yes,Subject Socioeconomic Status,NA,NA,hh_hfias_q6,Fewer meals,Baseline / Enrolment,NA,NA,NA,NA,NA,NA,NA,NA,NA
HFIASLF,How often eat limited variety of foods,no,no,0,0,1,0,yes,Subject Socioeconomic Status,NA,NA,hh_hfias_q3a,Frequency limited diversity,Baseline / Enrolment,NA,NA,NA,NA,NA,NA,NA,NA,NA
HFIASLV,Limited variety food-lack of resource?,no,no,0,0,1,0,yes,Subject Socioeconomic Status,NA,NA,hh_hfias_q3,Limited food diversity,Baseline / Enrolment,NA,NA,NA,NA,NA,NA,NA,NA,NA
HFIASNDF,No food night and day,no,no,0,0,1,0,yes,Subject Socioeconomic Status,NA,NA,hh_hfias_q9,No food night and day,Baseline / Enrolment,NA,NA,NA,NA,NA,NA,NA,NA,NA
HFIASNEF,Not have enough food?,no,no,0,0,1,0,yes,Subject Socioeconomic Status,NA,NA,hh_hfias_q1,Fear insufficient food,Baseline / Enrolment,NA,NA,NA,NA,NA,NA,NA,NA,NA
HFIASNFF,How often you worry not have enough food,no,no,0,0,1,0,yes,Subject Socioeconomic Status,NA,NA,hh_hfias_q1a,Frequency fear insufficient food,Baseline / Enrolment,NA,NA,NA,NA,NA,NA,NA,NA,NA
HFIASSH,Sleep Hungry-Not enough food?,no,no,0,0,1,0,yes,Subject Socioeconomic Status,NA,NA,hh_hfias_q8,To bed without eating,Baseline / Enrolment,NA,NA,NA,NA,NA,NA,NA,NA,NA
HFIASUDF,Undesirable food,no,no,0,0,1,0,yes,Subject Socioeconomic Status,NA,NA,hh_hfias_q4,Undesirable food,Baseline / Enrolment,NA,NA,NA,NA,NA,NA,NA,NA,NA
HFIASUF,Eat non-preferred food-Lack of resrc?,no,no,0,0,1,0,yes,Subject Socioeconomic Status,NA,NA,hh_hfias_q2,Not eating preferred foods,Baseline / Enrolment,NA,NA,NA,NA,NA,NA,NA,NA,NA
HFRFSNFF,How often not able to eat preferred food,no,no,0,0,1,0,yes,Subject Socioeconomic Status,NA,NA,hh_hfias_q2a,Frequency not eating preferred foods,Baseline / Enrolment,NA,NA,NA,NA,NA,NA,NA,NA,NA
HHHSC,Household hunger score,no,no,0,0,1,0,yes,Subject Socioeconomic Status,NA,NA,hh_hfias_score,Household Food Insecurity Access Scale (HFIAS) score,Baseline / Enrolment,NA,NA,NA,NA,NA,NA,NA,NA,NA
HHHSCAT,Household hunger Score Category,no,no,0,0,1,0,yes,Subject Socioeconomic Status,NA,NA,hh_hfias,HFIA Category,Baseline / Enrolment,NA,NA,NA,NA,NA,NA,NA,NA,NA
HOUSE,House,yes,no,0,0,0,1,yes,Subject Socioeconomic Status,NA,NA,NA,NA,NA,NA,NA,NA,CHILD_98179,Does your family own or rent your house/apartment:,Prenatal 18W,NA,NA,NA
INCGOVT,Income from Government Sources,yes,no,0,0,0,1,yes,Subject Socioeconomic Status,NA,NA,NA,NA,NA,NA,NA,NA,CHILD_103870,"Family income Of this total income, approximately what percentage is derived from government sources?",Prenatal 18W,NA,NA,NA
INVERTER,Solar panel/Electric inverter,no,no,0,0,1,0,yes,Subject Socioeconomic Status,NA,NA,incl_hhsolar,nr of solar panels or generators,Baseline / Enrolment,NA,NA,NA,NA,NA,NA,NA,NA,NA
IRONBOX,Iron Box,no,no,0,0,1,0,yes,Subject Socioeconomic Status,NA,NA,incl_hhiron,nr of irons,Baseline / Enrolment,NA,NA,NA,NA,NA,NA,NA,NA,NA
JEWELRY,Jewelry,no,no,0,0,1,0,yes,Subject Socioeconomic Status,NA,NA,incl_hhjewelry,nr of jewelry,Baseline / Enrolment,NA,NA,NA,NA,NA,NA,NA,NA,NA
LAMP,Lamp,no,no,0,0,1,0,yes,Subject Socioeconomic Status,NA,NA,incl_hhlampY,Household has lamp,Baseline / Enrolment,NA,NA,NA,NA,NA,NA,NA,NA,NA
LIGHTSRC,Source of Light,no,no,0,0,1,0,yes,Subject Socioeconomic Status,NA,NA,incl_hhenlight,Energy for lightning,Baseline / Enrolment,NA,NA,NA,NA,NA,NA,NA,NA,NA
MATTRESS,Mattress,no,no,0,1,1,0,yes,Subject Socioeconomic Status,NA,NA,incl_hhmatrasY,Household has matras,Baseline / Enrolment,CEF_HAVE_MATTRESS,Does the household have a mattress?,Enrolment Visit,NA,NA,NA,NA,NA,NA
MCYCLE,Motorcycle,no,no,0,0,1,0,yes,Subject Socioeconomic Status,NA,NA,incl_hhmoto,nr de mobylettes/motos,Baseline / Enrolment,NA,NA,NA,NA,NA,NA,NA,NA,NA
MILLS,Mills,no,no,0,0,1,0,yes,Subject Socioeconomic Status,NA,NA,incl_hhmill,nr of mills,Baseline / Enrolment,NA,NA,NA,NA,NA,NA,NA,NA,NA
MOBILE,Mobile phone,no,no,0,1,1,0,yes,Subject Socioeconomic Status,NA,NA,incl_hhmob,nr of mobile phones,Baseline / Enrolment,CEF_MOBILE_TELEPHONE,Does the household own a mobile telephone?,Enrolment Visit,NA,NA,NA,NA,NA,NA
NADULT,Number of adults in the house,yes,no,0,0,0,1,yes,Subject Socioeconomic Status,NA,NA,NA,NA,NA,NA,NA,NA,CHILD_108718; CHILD_116212; CHILD_116747,How many people live in your home? Adults; How many people currently live in your home? Adults; How many people currently live in your home? Adults,Prenatal 18W; 3 Months FU; 1 Year FU,NA,NA,NA
NBEDROOM,Number of bedrooms,yes,no,0,0,0,1,yes,Subject Socioeconomic Status,NA,NA,NA,NA,NA,NA,NA,NA,CHILD_108737; CHILD_116211; CHILD_116746,How many bedrooms are there in your home? (including in basement if it is your living space); How many bedrooms are there in your home? (including in basement if it is your living space); How many bedrooms are there in your home? (including in basement if it is your living space),Prenatal 18W; 3 Months FU; 1 Year FU,NA,NA,NA
NCHLD,Number of children in the home,yes,no,0,0,0,1,yes,Subject Socioeconomic Status,NA,NA,NA,NA,NA,NA,NA,NA,CHILD_108719; CHILD_116213; CHILD_116748,How many people live in your home? Children; How many people currently live in your home? Children; How many people currently live in your home? Children,Prenatal 18W; 3 Months FU; 1 Year FU,NA,NA,NA
NCHLDLT5,Number of children <5 in house,no,no,0,0,1,0,yes,Subject Socioeconomic Status,NA,NA,incl_hhchild5,Number of under five children in HH,Baseline / Enrolment,NA,NA,NA,NA,NA,NA,NA,NA,NA
NPERLAT,Total no of people who use the latrine,no,no,0,0,1,0,yes,Subject Socioeconomic Status,NA,NA,incl_hhnr_toilet,nr of HH using these toilets,Baseline / Enrolment,NA,NA,NA,NA,NA,NA,NA,NA,NA
PICKAXE,Pickaxe,no,no,0,0,1,0,yes,Subject Socioeconomic Status,NA,NA,incl_hhpickaxe,nr of pickaxes,Baseline / Enrolment,NA,NA,NA,NA,NA,NA,NA,NA,NA
PIGS,Pigs,no,no,0,0,1,0,yes,Subject Socioeconomic Status,NA,NA,incl_hhpork,nr of pigs,Baseline / Enrolment,NA,NA,NA,NA,NA,NA,NA,NA,NA
PLOW,Plow,no,no,0,0,1,0,yes,Subject Socioeconomic Status,NA,NA,incl_hhplow,nr of plows,Baseline / Enrolment,NA,NA,NA,NA,NA,NA,NA,NA,NA
POULTRY,Poultry,no,no,0,0,1,0,yes,Subject Socioeconomic Status,NA,NA,incl_hhchicken,nr of poultry,Baseline / Enrolment,NA,NA,NA,NA,NA,NA,NA,NA,NA
PUMP,Irrigation pumps,no,no,0,0,1,0,yes,Subject Socioeconomic Status,NA,NA,incl_hhmotorpomp,nr of motorpumps,Baseline / Enrolment,NA,NA,NA,NA,NA,NA,NA,NA,NA
RADIO,Radio,no,no,0,0,1,0,yes,Subject Socioeconomic Status,NA,NA,incl_hhradioY,Household has radio,Baseline / Enrolment,NA,NA,NA,NA,NA,NA,NA,NA,NA
RAKE,Rake,no,no,0,0,1,0,yes,Subject Socioeconomic Status,NA,NA,incl_hhrake,nr of rakes,Baseline / Enrolment,NA,NA,NA,NA,NA,NA,NA,NA,NA
ROOF,Type of roof over home,no,no,0,0,1,0,yes,Subject Socioeconomic Status,NA,NA,incl_hhroof,Roof material HH,Baseline / Enrolment,NA,NA,NA,NA,NA,NA,NA,NA,NA
SANITATN,Type of sanitary facility,no,no,0,1,1,0,yes,Subject Socioeconomic Status,NA,NA,incl_hhtoilet; incl_hhtoilet_fosse; incl_hhs_toilet,Toilet; Options pit; Sharing toilets with other HH,Baseline / Enrolment; Baseline / Enrolment; Baseline / Enrolment,CEF_TOILET,What kind of toilet facility do members of the family usually use?,Enrolment Visit,NA,NA,NA,NA,NA,NA
SEEDER,Seeder,no,no,0,0,1,0,yes,Subject Socioeconomic Status,NA,NA,incl_hhseeder,seeder,Baseline / Enrolment,NA,NA,NA,NA,NA,NA,NA,NA,NA
SEWING,Sewing machine,no,no,0,0,1,0,yes,Subject Socioeconomic Status,NA,NA,incl_hhsewing,nr of sewing machines,Baseline / Enrolment,NA,NA,NA,NA,NA,NA,NA,NA,NA
SHEEP,Sheep,no,no,0,0,1,0,yes,Subject Socioeconomic Status,NA,NA,incl_hhsheep,nr of sheep,Baseline / Enrolment,NA,NA,NA,NA,NA,NA,NA,NA,NA
SHOVEL,Shovel,no,no,0,0,1,0,yes,Subject Socioeconomic Status,NA,NA,incl_hhshovel,nr of shovels,Baseline / Enrolment,NA,NA,NA,NA,NA,NA,NA,NA,NA
SICKLE,Sickle,no,no,0,0,1,0,yes,Subject Socioeconomic Status,NA,NA,incl_hhsickle,nr of sickles,Baseline / Enrolment,NA,NA,NA,NA,NA,NA,NA,NA,NA
SOPWSHST,Soap present at washing station,no,no,0,0,1,0,yes,Subject Socioeconomic Status,NA,NA,incl_hhhyg_soap,Observation: Soap present at washing station,Baseline / Enrolment,NA,NA,NA,NA,NA,NA,NA,NA,NA
STOVE,Stove,no,no,0,0,1,0,yes,Subject Socioeconomic Status,NA,NA,incl_hhstoveY,Household has stove,Baseline / Enrolment,NA,NA,NA,NA,NA,NA,NA,NA,NA
TABLE,Table in the home,no,no,0,1,1,0,yes,Subject Socioeconomic Status,NA,NA,incl_hhtableY,Household has table,Baseline / Enrolment,CEF_OWN_TABLE,Does the household own a table?,Enrolment Visit,NA,NA,NA,NA,NA,NA
TORCH,Torch,no,no,0,0,1,0,yes,Subject Socioeconomic Status,NA,NA,incl_hhtorcheY,Household has torche,Baseline / Enrolment,NA,NA,NA,NA,NA,NA,NA,NA,NA
TRACTOR,Tractor,no,no,0,0,1,0,yes,Subject Socioeconomic Status,NA,NA,incl_hhtractor,Nr of tractors,Baseline / Enrolment,NA,NA,NA,NA,NA,NA,NA,NA,NA
TV,Television,no,no,0,1,1,0,yes,Subject Socioeconomic Status,NA,NA,incl_hhtvY,Household has tv,Baseline / Enrolment,CEF_TELEVISION,Does the household own a television?,Enrolment Visit,NA,NA,NA,NA,NA,NA
VCR,Video Cassette Recorder,no,no,0,0,1,0,yes,Subject Socioeconomic Status,NA,NA,incl_hhvideoY,Household has video,Baseline / Enrolment,NA,NA,NA,NA,NA,NA,NA,NA,NA
WALL,Type walls in house,no,no,1,0,1,0,yes,Subject Socioeconomic Status,NA,NA,incl_hhwall,Wall material HH,Baseline / Enrolment,NA,NA,NA,NA,NA,NA,crf3b_q12,Material is used for the wall of the house?,Baseline
WATCH,Watch in the home,no,no,0,0,1,0,yes,Subject Socioeconomic Status,NA,NA,incl_hhwatch,nr of watches,Baseline / Enrolment,NA,NA,NA,NA,NA,NA,NA,NA,NA
WBARROW,Wheel Barrow,no,no,0,0,1,0,yes,Subject Socioeconomic Status,NA,NA,incl_hhbarrow,nr of barrows,Baseline / Enrolment,NA,NA,NA,NA,NA,NA,NA,NA,NA
WDSTVFRQ,How often wood burning stove used,yes,no,0,0,0,1,yes,Subject Socioeconomic Status,NA,NA,NA,NA,NA,NA,NA,NA,CHILD_108759,Wood burning stove or fireplace: How often do you use a wood burning stove or fireplace:,Prenatal 18W,NA,NA,NA
WOODSTOR,Wood supply stored in house,yes,no,0,0,0,1,yes,Subject Socioeconomic Status,NA,NA,NA,NA,NA,NA,NA,NA,CHILD_108760,"Wood burning stove or fireplace: If used, how many days supply of wood do you store inside your home?",Prenatal 18W,NA,NA,NA
FHR,Fetal Heart Rate (beats/min),yes,no,0,0,1,0,yes,Vital Signs,NA,NA,cpn2_fetalheartfreq; cpn3_fetalheartfreq; cpn4_fetalheartfreq,Fetal heart beat frequency- CPN 2; Fetal heart beat frequency- CPN 3; Fetal heart beat frequency- CPN 4,Antenatal Care 2; Antenatal Care 3; Antenatal Care 4,NA,NA,NA,NA,NA,NA,NA,NA,NA
FM,Fetal Movement,yes,no,0,0,1,0,yes,Vital Signs,NA,NA,cpn1_fetalmouv; cpn2_fetalmouv; cpn3_fetalmouv; cpn4_fetalmouv,Active fetal movement; Actif Fetal Mouvement- CPN 2; Actif Fetal Mouvement- CPN 3; Actif Fetal Mouvement- CPN 4,Baseline / Enrolment; Antenatal Care 2; Antenatal Care 3; Antenatal Care 4,NA,NA,NA,NA,NA,NA,NA,NA,NA
HR_3,Heart Rate (beats/min) Physician Assessment Reading 1,yes,no,1,0,0,0,yes,Vital Signs,NA,NA,NA,NA,NA,NA,NA,NA,NA,NA,NA,NA,NA,NA
M_DIABP,Diastolic Blood Pressure (mmHg) (Mother),yes,no,0,0,1,0,yes,Vital Signs,NA,NA,cpn1_dbp; cpn2_dbp; cpn3_dbp; cpn4_dbp,Diatelic blood pressure; Diatelic blood pressure- CPN 2; Diatelic blood pressure- CPN 3; Diatelic blood pressure- CPN 4,Baseline / Enrolment; Antenatal Care 2; Antenatal Care 3; Antenatal Care 4,NA,NA,NA,NA,NA,NA,NA,NA,NA
M_SYSBP,Systolic Blood Pressure (mmHg) (Mother),yes,no,0,0,1,0,yes,Vital Signs,NA,NA,cpn1_sbp; cpn2_sbp; cpn3_sbp; cpn4_sbp,Systolic blood pressure; Systolic blood pressure- CPN 2; Systolic blood pressure- CPN 3; Systolic blood pressure- CPN 4,Baseline / Enrolment; Antenatal Care 2; Antenatal Care 3; Antenatal Care 4,NA,NA,NA,NA,NA,NA,NA,NA,NA
M_TEMP,Temperature (C) (Mother),yes,no,0,0,1,0,yes,Vital Signs,NA,NA,cpn1_temperature; cpn2_temperature; cpn3_temperature; cpn4_temperature,Temperature; Temperature - CPN 2; Temperature - CPN 3; Temperature - CPN 4,Baseline / Enrolment; Antenatal Care 2; Antenatal Care 3; Antenatal Care 4,NA,NA,NA,NA,NA,NA,NA,NA,NA
RESP_1,Respiratory Rate (breaths/min) Reading 1,yes,no,1,0,0,0,yes,Vital Signs,NA,NA,NA,NA,NA,NA,NA,NA,NA,NA,NA,NA,NA,NA
RESP_2,Respiratory Rate (breaths/min) Reading 2,yes,no,1,0,0,0,yes,Vital Signs,NA,NA,NA,NA,NA,NA,NA,NA,NA,NA,NA,NA,NA,NA
RESP_3,Respiratory Rate (breaths/min) Physician Assessment Reading 1,yes,no,1,0,0,0,yes,Vital Signs,NA,NA,NA,NA,NA,NA,NA,NA,NA,NA,NA,NA,NA,NA
RESP_4,Respiratory Rate (breaths/min) Physician Assessment Reading 2,yes,no,1,0,0,0,yes,Vital Signs,NA,NA,NA,NA,NA,NA,NA,NA,NA,NA,NA,NA,NA,NA
SPO2_3,Oxygen Saturation (%) Physician Assessment Reading 1,yes,no,1,0,0,0,yes,Vital Signs,NA,NA,NA,NA,NA,NA,NA,NA,NA,NA,NA,NA,NA,NA
TEMP,Temperature (C),yes,no,0,0,1,1,yes,Vital Signs,NA,NA,pn_body_temp_1; pn_body_temp_2; pn_body_temp_3; pn_body_temp_4; pn_body_temp_5; pn_body_temp_6; pn_body_temp_9,Body temperature measured; Body temperature measured; Body temperature measured; Body temperature measured; Body temperature measured; Body temperature measured; Body temperature measured,Post Natal FU M01; Post Natal FU M02; Post Natal FU M03; Post Natal FU M04; Post Natal FU M05; Post Natal FU M06; Post Natal FU M09,NA,NA,NA,CHILD_11766; CHILD_11963; CHILD_12409,"Highest fever temperature If Yes, what was the highest fever temperature recorded? (celsius); Fever If Yes, what was the highest fever temperature recorded? (Celsuis); Fever in last 6 months If Yes, what was the highest fever temperature recorded? (Celsuis)",3 Months FU; 6 Months FU; 1 Year FU,crf3b_q75_a; crf3b_q75_b; crf11_q31a; crf11_q31b,Axillary temperature; Axillary temperature; Axillary temperature Reading 1; Axillary temperature Reading 2,Baseline; Baseline; Unscheduled; Unscheduled
TEMP_1,Auxillary Temperature (C) Reading 1,yes,no,1,0,0,0,yes,Vital Signs,NA,NA,NA,NA,NA,NA,NA,NA,NA,NA,NA,NA,NA,NA
TEMP_2,Auxillary Temperature (C) Reading 2,yes,no,1,0,0,0,yes,Vital Signs,NA,NA,NA,NA,NA,NA,NA,NA,NA,NA,NA,NA,NA,NA
TEMP_3,Auxillary Temperature (C) Physician Assessment Reading 1,yes,no,1,0,0,0,yes,Vital Signs,NA,NA,NA,NA,NA,NA,NA,NA,NA,NA,NA,NA,NA,NA
TEMP_4,Auxillary Temperature (C) Physician Assessment Reading 2,yes,no,1,0,0,0,yes,Vital Signs,NA,NA,NA,NA,NA,NA,NA,NA,NA,NA,NA,NA,NA,NA
FEDUCYRS,Father's education (years),no,yes,0,0,0,1,yes,Parental Data,Socioeconomic Status,NA,NA,NA,NA,NA,NA,NA,CHILD_98185,Father s education How many years of education has your child s father had?,NA,NA,NA,NA
MEDUCYRS,Mother's education (years),no,yes,1,1,1,1,yes,Parental Data,Socioeconomic Status,NA,incl_wschool,Highest education achieved,NA,CEF_MOTHER_SCHOOL_YEARS,How many total years of school did the mother attend?,NA,CHILD_98178,Mother s education How many years of education have you had?,NA,crf3b_q20,Total years of education completed?,
MMARIT,Marital Status,no,yes,0,0,1,1,yes,Parental Data,Socioeconomic Status,NA,incl_wmarital,Marital status pregnant woman,NA,NA,NA,NA,CHILD_97447,What is your marital status?,NA,NA,NA,NA
COOKPLAC,Place of cooking,no,yes,1,1,0,0,yes,Subject Socioeconomic Status,Socioeconomic Status,NA,NA,NA,NA,CEF_SEPARATE_KITCHEN,Does the household have a separate room which is used as a kitchen?,Enrolment Visit,NA,NA,NA,crf3b_q9,Household have a separate room/space for cooking?,Baseline
FLOOR,Type of floor in house,no,yes,1,0,1,1,yes,Subject Socioeconomic Status,Socioeconomic Status,NA,incl_hhfloor,Floor material house,Baseline / Enrolment,NA,NA,NA,CHILD_102801; CHILD_102802; CHILD_102803; CHILD_102804; CHILD_102805; CHILD_102806; CHILD_102807; CHILD_102808; CHILD_102809,"Type of flooring in child s most-used living space Installed carpet; Type of flooring in child s most-used living space Hard vinyl (tiles); Type of flooring in child s most-used living space Laminate; Type of flooring in child s most-used living space Area rug(s); Type of flooring in child s most-used living space Soft vinyl (tiles/sheet); Type of flooring in child s most-used living space Hardwood; Type of flooring in child s most-used living space Other; Type of flooring in child s most-used living space Ceramic tiles; Type of flooring in child s most-used living space If Other (cork, unfinished wood), specify:",3 Months FU; 3 Months FU; 3 Months FU; 3 Months FU; 3 Months FU; 3 Months FU; 3 Months FU; 3 Months FU; 3 Months FU,crf3b_q11,Material is used for the floor of the house?,Baseline
H2OSRCP,Water source,no,yes,1,1,1,0,yes,Subject Socioeconomic Status,Socioeconomic Status,NA,NA,NA,NA,CEF_MAIN_SRC_DRINKING,What is the main source of drinking water for members of the household?,Enrolment Visit,NA,NA,NA,crf3b_q13,Main source of drinking water for the household members?,Baseline
AGEDAYS,Age since birth at examination (days),yes,yes,1,1,1,1,yes,Identifier Variables,Timing Variables,NA,incl_date_inclusion; cpn2_date_sp; cpn2_datecpn; cpn3_date_sp; cpn3_datecpn; cpn4_date_sp; cpn4_datecpn; d_cdob; pn_date_1; pn_date_2; pn_date_3; pn_date_4; pn_date_5; pn_date_6; pn_date_9; pn_cage_1; pn_cage_2; pn_cage_3; pn_cage_4; pn_cage_5; pn_cage_6; pn_cage_9; pn_solid_age_; pn_ebf_age_; bc_measurement_days; end_date; IMiC_date_1421; IMiC_date_12; IMiC_date_34,Date of study inclusion;  Date SP taken- CPN 2; CPN date;  Date SP taken- CPN 3; CPN date;  Date SP taken- CPN 4; CPN date; Date of birth; Date of assessment; Date of assessment; Date of assessment; Date of assessment; Date of assessment; Date of assessment; Date of assessment; Age infant; Age infant; Age infant; Age infant; Age infant; Age infant; Age infant; Age of introduction of solids; Exclusively breastfeeding age; Number of days after birth body composition was measured; date end of study; Time & date of sample storage between 14 and 21 days postnatally; Time & date of sample storage between 1 & 2 months postnatally; Time & date of sample storage between 3 & 4 months postnatally,various,CHILD_AGE; ENTRY_DATE; DOB; AGEDAYS_LAZ_0; AGEDAYS_WAZ_0; AGEDAYS_HCZ_0; AGEDAYS_LAZ_18; AGEDAYS_WAZ_18; AGEDAYS_HCZ_18; AGEDAYS_MAZ_18; AGEDAYS_WAZ_3; AGEDAYS_WAZ_6; AGEDAYS_WAZ_9; AGEDAYS_WAZ_12; AGEDAYS_WAZ_15; AGEDAYS_LAZ_3; AGEDAYS_LAZ_6; AGEDAYS_LAZ_9; AGEDAYS_LAZ_12; AGEDAYS_LAZ_15; AGEDAYS_HCZ_3; AGEDAYS_HCZ_6; AGEDAYS_HCZ_9; AGEDAYS_HCZ_12; AGEDAYS_HCZ_15; AGEDAYS_MAZ_3; AGEDAYS_MAZ_6; AGEDAYS_MAZ_9; AGEDAYS_MAZ_12; AGEDAYS_MAZ_15; NA; NA,Age at enrollment; Date of initial visit; Child date of birth; Age in days at enrollment length measurement; Age in days at enrollment weight; age in days at enrollment head circumference measurement; age in days at final length measurment; age in days at final weight measurement; age in days at 18 month head circumference for age measurement; age in days at 18 month mid upper arm circumference measurement; Age in days at 3 month weight measurement; Age in days at 6 month weight measurement; Age in days at 9 month weight measurement; Age in days at 12 month weight measurement; Age in days at 15 month weight measurement; Age in days at 3 month length measurement; Age in days at 6 month length measurement; Age in days at 9 month length measurement; Age in days at 12 month length measurement; Age in days at 15 month length measurement; Age in days at 3 month head circumference  measurement; Age in days at 6 month head circumference  measurement; Age in days at 9 month head circumference  measurement; Age in days at 12 month head circumference  measurement; Age in days at 15 month head circumference  measurement; Age in days at 3 month Muac measurement; Age in days at 6 month Muac measurement; Age in days at 9 month Muac measurement; Age in days at 12 month Muac measurement; Age in days at 15 month Muac measurement; NA; NA,various,CHILD_144157; CHILD_144069; CHILD_143537; CHILD_146892; exact_age_years; CHILD_143549; CHILD_143637; CHILD_143809; Atbx_time; medication_start_date,"Date/age at time of questionnaire completion Date (month and year); Date/age at time of questionnaire completion Date (month and year); Date/age at time of questionnaire completion Date (month and year); Date/age at time of questionnaire completion Subject s age at questionnaire completion (gestational weeks); Infant age at milk sample collection (age in years); Date/age at time of questionnaire completion Date (month and year); Date/age at time of questionnaire completion Date (month and year); Date/age at time of questionnaire completion Date (month and year); time when antibiotic course started, in days; MEDICATION_START_DATE",various,crf2_q2; crf3b_q3; q73; q80; q87; q92; q103; q136; q143; q150; q155; q166; crf3b_q58; q170; crf3c_q3; crf11_q3; crf11_q5,Date; Date; Date of maternal stool collection; Date of maternal blood collection; Date of infant stool collection; Date of infant blood collection; Date of visit; Date of maternal stool collection; Date of maternal blood collection; Date of infant stool collection; Date of infant blood collection; Date of visit; How soon after birth was the baby given mother’s first thick yellowish milk (col; Current age of child (System generated); Date; age; Date,various
GAGEDAYS,Gestational age at examination (days),yes,yes,1,0,1,1,yes,Identifier Variables,Timing Variables,NA,NA,NA,NA,NA,NA,NA,CHILD_147348,Date/age at time of questionnaire completion Subject s age at questionnaire completion (gestational weeks),Prenatal 18W,NA,NA,NA
DELIVRDT,Delivery Date,no,yes,1,1,1,1,no,NA,Timing Variables,NA,NA,NA,NA,NA,NA,NA,NA,NA,NA,NA,NA,NA
BRTHWEEK,Birth Week,no,yes,1,1,1,1,yes,Subject Level Data,Timing Variables,NA,d_cdob,Date of birth,Delivery,DOB,Child date of birth,Enrolment Visit,childbirthM,Child s birth month,Birth CBIR,crf2_q8; crf11_q4,Date of birth of child; dob,; 
BRTHYR,Birth Year,no,yes,1,1,1,1,yes,Subject Level Data,Timing Variables,NA,d_cdob,Date of birth,Delivery,DOB,Child date of birth,Enrolment Visit,childbirthY,Child s birth year,NA,crf2_q8; crf11_q4,Date of birth of child; dob,; 