"","VARNAME","variable_original","seq_original","label_original","MEMNAME","VISIT_ddf","TARGETVR_ddf","TESTCD_ddf","RELTIVE_ddf","N_ddf","Matched_Full"
"405","GI_CSPS_N","gi_csps_n",2,"Study health center: without label","MISAME3_WIDE",NA,NA,NA,NA,290,"missing"
"404","GI_BLOCK","gi_block",3,"Randomization blocks","MISAME3_WIDE",NA,NA,NA,NA,290,"missing"
"407","GI_TREATMENTL","gi_treatmentl",4,"Prenatal intervention","MISAME3_WIDE",NA,"ARM, ARMCD",NA,NA,290,"yes"
"406","GI_TREATMENT2","gi_treatment2",5,"Postnatal intervention","MISAME3_WIDE",NA,"ARM, ARMCD",NA,NA,290,"yes"
"1351","SECTION_01","SECTION_01",6,"SECTION_01","MISAME3_WIDE",NA,NA,NA,NA,290,"missing"
"443","INCL_DATE_BASELINE","incl_date_baseline",7,"Date of baseline interview","MISAME3_WIDE",NA,NA,NA,NA,290,"missing"
"444","INCL_DATE_INCLUSION","incl_date_inclusion",8,"Date of study inclusion","MISAME3_WIDE","Baseline / Enrolment","AGEDAYS",NA,NA,290,"yes"
"554","INCL_HHSIZE","incl_hhsize",9,"Household size","MISAME3_WIDE","Baseline / Enrolment","SSSTRESN","NPERSON",NA,289,"yes"
"474","INCL_HHCHILD5","incl_hhchild5",10,"Number of under five children in HH","MISAME3_WIDE","Baseline / Enrolment","SSSTRESN","NCHLDLT5",NA,289,"yes"
"517","INCL_HHNET","incl_hhnet",11,"Sleeping under bednet","MISAME3_WIDE","Baseline / Enrolment","SSSTRESC, SSSTRESN","BEDNET",NA,290,"yes"
"519","INCL_HHNET_IMPR","incl_hhnet_impr",12,"Impregnated bednet","MISAME3_WIDE","Baseline / Enrolment","SSSTRESC, SSSTRESN","BEDNET",NA,290,"yes"
"518","INCL_HHNET_FREQ","incl_hhnet_freq",13,"Frequency bednet use","MISAME3_WIDE",NA,NA,NA,NA,290,"missing"
"522","INCL_HHNET_REASON","incl_hhnet_reason",14,"Reasons for not having a bednet","MISAME3_WIDE",NA,NA,NA,NA,290,"missing"
"571","INCL_HHWATER","incl_hhwater",15,"Water source","MISAME3_WIDE","Baseline / Enrolment","SSSTRESC","H2OSRC",NA,290,"yes"
"575","INCL_HHWATER_TAP","incl_hhwater_tap",16,"Type of tap for water","MISAME3_WIDE","Baseline / Enrolment","SSSTRESC","H2OSRC",NA,290,"yes"
"573","INCL_HHWATER_PIT","incl_hhwater_pit",17,"Type of water pit","MISAME3_WIDE","Baseline / Enrolment","SSSTRESC","H2OSRC",NA,290,"yes"
"574","INCL_HHWATER_SOURCE","incl_hhwater_source",18,"Type of water source","MISAME3_WIDE",NA,NA,NA,NA,0,"missing"
"572","INCL_HHWATER_OTHER","incl_hhwater_other",19,"Other source of water","MISAME3_WIDE",NA,NA,NA,NA,0,"missing"
"509","INCL_HHL_WATER","incl_hhl_water",20,"Location principal water source","MISAME3_WIDE","Baseline / Enrolment","SSSTRESC","H2OLOC",NA,290,"yes"
"558","INCL_HHT_WATER","incl_hht_water",21,"Time to water source","MISAME3_WIDE","Baseline / Enrolment","SSSTRESN","H2ODIS",NA,290,"yes"
"489","INCL_HHH1_WATER","incl_hhh1_water",22,"Water treatment","MISAME3_WIDE","Baseline / Enrolment","SSSTRESC","H2OUNTRT",NA,290,"yes"
"490","INCL_HHH2_WATER__1","incl_hhh2_water__1",23,"Water treatment options: boiling","MISAME3_WIDE","Baseline / Enrolment","SSSTRESC","H2OTRTP",NA,290,"yes"
"491","INCL_HHH2_WATER__2","incl_hhh2_water__2",24,"Water treatment options: add bleach / chlorine","MISAME3_WIDE","Baseline / Enrolment","SSSTRESC","H2OTRTP",NA,290,"yes"
"492","INCL_HHH2_WATER__3","incl_hhh2_water__3",25,"Water treatment options: sprinkle cement on the surface of the water","MISAME3_WIDE","Baseline / Enrolment","SSSTRESC","H2OTRTP",NA,290,"yes"
"493","INCL_HHH2_WATER__4","incl_hhh2_water__4",26,"Water treatment options: filter it through a cloth","MISAME3_WIDE","Baseline / Enrolment","SSSTRESC","H2OTRTP",NA,290,"yes"
"494","INCL_HHH2_WATER__5","incl_hhh2_water__5",27,"Water treatment options: use a filter (ceramic / sand / composite / etc.)","MISAME3_WIDE","Baseline / Enrolment","SSSTRESC","H2OTRTP",NA,290,"yes"
"495","INCL_HHH2_WATER__6","incl_hhh2_water__6",28,"Water treatment options: solar disinfection","MISAME3_WIDE","Baseline / Enrolment","SSSTRESC","H2OTRTP",NA,290,"yes"
"496","INCL_HHH2_WATER__7","incl_hhh2_water__7",29,"Water treatment options: let it rest","MISAME3_WIDE","Baseline / Enrolment","SSSTRESC","H2OTRTP",NA,290,"yes"
"497","INCL_HHH2_WATER__88","incl_hhh2_water__88",30,"Water treatment options: other","MISAME3_WIDE","Baseline / Enrolment","SSSTRESC","H2OTRTP",NA,290,"yes"
"498","INCL_HHH2_WATER__99","incl_hhh2_water__99",31,"Water treatment options: don't know","MISAME3_WIDE","Baseline / Enrolment","SSSTRESC","H2OTRTP",NA,290,"yes"
"499","INCL_HHH2_WATER_OTHER","incl_hhh2_water_other",32,"Other water treatment options","MISAME3_WIDE",NA,NA,NA,NA,0,"missing"
"560","INCL_HHTOILET","incl_hhtoilet",33,"Toilet","MISAME3_WIDE","Baseline / Enrolment","SSSTRESC","SANITATN",NA,290,"yes"
"563","INCL_HHTOILET_OTHER","incl_hhtoilet_other",34,"Other toilet options","MISAME3_WIDE",NA,NA,NA,NA,0,"missing"
"561","INCL_HHTOILET_CHASSE","incl_hhtoilet_chasse",35,"Options flush","MISAME3_WIDE",NA,NA,NA,NA,0,"missing"
"562","INCL_HHTOILET_FOSSE","incl_hhtoilet_fosse",36,"Options pit","MISAME3_WIDE","Baseline / Enrolment","SSSTRESC","SANITATN",NA,290,"yes"
"545","INCL_HHS_TOILET","incl_hhs_toilet",37,"Sharing toilets with other HH","MISAME3_WIDE","Baseline / Enrolment","SSSTRESC","SANITATN",NA,290,"yes"
"524","INCL_HHNR_TOILET","incl_hhnr_toilet",38,"nr of HH using these toilets","MISAME3_WIDE","Baseline / Enrolment","SSSTRESN","NPERLAT",NA,151,"yes"
"502","INCL_HHHYG_WATER","incl_hhhyg_water",39,"Observation: water present at washing station","MISAME3_WIDE","Baseline / Enrolment","SSSTRESC","H2OWSHST",NA,290,"yes"
"501","INCL_HHHYG_SOAP","incl_hhhyg_soap",40,"Observation: Soap present at washing station","MISAME3_WIDE","Baseline / Enrolment","SSSTRESC","SOPWSHST",NA,290,"yes"
"479","INCL_HHDISPO","incl_hhdispo",41,"Head of household present?","MISAME3_WIDE",NA,NA,NA,NA,289,"missing"
"520","INCL_HHNET_LF","incl_hhnet_lf",42,"Frequency low bednet use","MISAME3_WIDE",NA,NA,NA,NA,0,"missing"
"521","INCL_HHNET_LF_OTHER","incl_hhnet_lf_other",43,"Other reason","MISAME3_WIDE",NA,NA,NA,NA,0,"missing"
"547","INCL_HHSCHOOL_LEVEL","incl_hhschool_level",44,"School level HH","MISAME3_WIDE",NA,NA,NA,NA,290,"missing"
"525","INCL_HHOCCUPATION1","incl_hhoccupation1",45,"1st occupation HH","MISAME3_WIDE",NA,NA,NA,NA,290,"missing"
"526","INCL_HHOCCUPATION2","incl_hhoccupation2",46,"2nd occupation HH","MISAME3_WIDE",NA,NA,NA,NA,290,"missing"
"527","INCL_HHOCCUPATION3","incl_hhoccupation3",47,"3rd occupation HH","MISAME3_WIDE",NA,NA,NA,NA,290,"missing"
"523","INCL_HHNR_OCCUPATION","incl_hhnr_occupation",48,"nr of jobs HH","MISAME3_WIDE",NA,NA,NA,NA,290,"missing"
"556","INCL_HHSTATUT","incl_hhstatut",49,"Marital status HH","MISAME3_WIDE",NA,NA,NA,NA,290,"missing"
"536","INCL_HHPREGNANTWOMAN","incl_hhpregnantwoman",50,"Pregnant woman is head of household","MISAME3_WIDE",NA,NA,NA,NA,290,"missing"
"451","INCL_HHAGE","incl_hhage",51,"Age of head of HH","MISAME3_WIDE",NA,NA,NA,NA,200,"missing"
"546","INCL_HHSCHOOL","incl_hhschool",52,"Education head of household","MISAME3_WIDE",NA,NA,NA,NA,289,"missing"
"548","INCL_HHSCHOOLOTHER","incl_hhschoolother",53,"other schooling head HH","MISAME3_WIDE",NA,NA,NA,NA,19,"missing"
"445","INCL_HHACT1","incl_hhact1",54,"Primary activity of HH head","MISAME3_WIDE",NA,NA,NA,NA,290,"missing"
"446","INCL_HHACT1OTHER","incl_hhact1other",55,"Primary activity of HH headother","MISAME3_WIDE",NA,NA,NA,NA,18,"missing"
"447","INCL_HHACT2","incl_hhact2",56,"Secondary activity of HH head","MISAME3_WIDE",NA,NA,NA,NA,290,"missing"
"448","INCL_HHACT2OTHER","incl_hhact2other",57,"Secondary activity of HH headother","MISAME3_WIDE",NA,NA,NA,NA,43,"missing"
"449","INCL_HHACT3","incl_hhact3",58,"Tertiary activity of HH head","MISAME3_WIDE",NA,NA,NA,NA,239,"missing"
"450","INCL_HHACT3OTHER","incl_hhact3other",59,"Tertiary activity of HH headother","MISAME3_WIDE",NA,NA,NA,NA,9,"missing"
"452","INCL_HHAGRI","incl_hhagri",60,"Head of agricultural exploitation","MISAME3_WIDE",NA,NA,NA,NA,290,"missing"
"504","INCL_HHIMPR_WATER","incl_hhimpr_water",61,"Improved primary water source","MISAME3_WIDE",NA,NA,NA,NA,290,"missing"
"503","INCL_HHIMPR_SANITATION","incl_hhimpr_sanitation",62,"Improved sanitation facility","MISAME3_WIDE",NA,NA,NA,NA,290,"missing"
"532","INCL_HHPOLYGAMOUS","incl_hhpolygamous",63,"Houshold is a polygamous family","MISAME3_WIDE",NA,NA,NA,NA,109,"missing"
"475","INCL_HHCOMP","incl_hhcomp",64,"nr of (co-)wives HH","MISAME3_WIDE",NA,NA,NA,NA,170,"missing"
"485","INCL_HHFLOOR","incl_hhfloor",65,"Floor material house","MISAME3_WIDE","Baseline / Enrolment","SSSTRESC","FLOOR",NA,290,"yes"
"486","INCL_HHFLOOROTHER","incl_hhfloorother",66,"Floor material HH other","MISAME3_WIDE","Baseline / Enrolment","SSSTRESC","FLOOR",NA,0,"missing"
"542","INCL_HHROOF","incl_hhroof",67,"Roof material HH","MISAME3_WIDE","Baseline / Enrolment","SSSTRESC","ROOF",NA,290,"yes"
"543","INCL_HHROOFOTHER","incl_hhroofother",68,"Roof material HH other","MISAME3_WIDE","Baseline / Enrolment","SSSTRESC","ROOF",NA,0,"missing"
"568","INCL_HHWALL","incl_hhwall",69,"Wall material HH","MISAME3_WIDE","Baseline / Enrolment","SSSTRESC","WALL",NA,290,"yes"
"569","INCL_HHWALLOTHER","incl_hhwallother",70,"Wall material HH other","MISAME3_WIDE","Baseline / Enrolment","SSSTRESC","WALL",NA,0,"missing"
"544","INCL_HHROOMS","incl_hhrooms",71,"Number of living rooms","MISAME3_WIDE","Baseline / Enrolment","SSSTRESN","NROOMS",NA,290,"yes"
"481","INCL_HHENCOOK","incl_hhencook",72,"Energy for cooking HH","MISAME3_WIDE","Baseline / Enrolment","SSSTRESC","COOKFUEL",NA,290,"yes"
"482","INCL_HHENCOOKOTHER","incl_hhencookother",73,"Energy for cooking HH other","MISAME3_WIDE",NA,NA,NA,NA,0,"missing"
"483","INCL_HHENLIGHT","incl_hhenlight",74,"Energy for lightning","MISAME3_WIDE","Baseline / Enrolment","SSSTRESC","LIGHTSRC",NA,290,"yes"
"484","INCL_HHENLIGHTOTHER","incl_hhenlightother",75,"Energy for lightning other","MISAME3_WIDE","Baseline / Enrolment","SSSTRESC","LIGHTSRC",NA,1,"missing"
"528","INCL_HHOWN","incl_hhown",76,"House ownership HH","MISAME3_WIDE",NA,NA,NA,NA,290,"missing"
"505","INCL_HHINF","incl_hhinf",77,"Best informed person on assets","MISAME3_WIDE",NA,NA,NA,NA,290,"missing"
"506","INCL_HHINFOTHER","incl_hhinfother",78,"Best informed person on assets other","MISAME3_WIDE",NA,NA,NA,NA,3,"missing"
"540","INCL_HHRESP","incl_hhresp",79,"Respondent assets HH","MISAME3_WIDE",NA,NA,NA,NA,290,"missing"
"541","INCL_HHRESPOTHER","incl_hhrespother",80,"Other respondent assets","MISAME3_WIDE",NA,NA,NA,NA,8,"missing"
"570","INCL_HHWATCH","incl_hhwatch",81,"nr of watches","MISAME3_WIDE","Baseline / Enrolment","SSSTRESC, SSSTRESN","WATCH",NA,290,"yes"
"508","INCL_HHJEWELRY","incl_hhjewelry",82,"nr of jewelry","MISAME3_WIDE","Baseline / Enrolment","SSSTRESC, SSSTRESN","JEWELRY",NA,290,"yes"
"555","INCL_HHSOLAR","incl_hhsolar",83,"nr of solar panels or generators","MISAME3_WIDE","Baseline / Enrolment","SSSTRESC, SSSTRESN","INVERTER",NA,290,"yes"
"460","INCL_HHBATTERY","incl_hhbattery",84,"nr of batteries","MISAME3_WIDE","Baseline / Enrolment","SSSTRESC, SSSTRESN","BATTERY",NA,290,"yes"
"539","INCL_HHRAKE","incl_hhrake",85,"nr of rakes","MISAME3_WIDE","Baseline / Enrolment","SSSTRESC, SSSTRESN","RAKE",NA,290,"yes"
"552","INCL_HHSHOVEL","incl_hhshovel",86,"nr of shovels","MISAME3_WIDE","Baseline / Enrolment","SSSTRESC, SSSTRESN","SHOVEL",NA,290,"yes"
"553","INCL_HHSICKLE","incl_hhsickle",87,"nr of sickles","MISAME3_WIDE","Baseline / Enrolment","SSSTRESC, SSSTRESN","SICKLE",NA,290,"yes"
"530","INCL_HHPICKAXE","incl_hhpickaxe",88,"nr of pickaxes","MISAME3_WIDE","Baseline / Enrolment","SSSTRESC, SSSTRESN","PICKAXE",NA,290,"yes"
"458","INCL_HHAXE","incl_hhaxe",89,"nr of axes","MISAME3_WIDE","Baseline / Enrolment","SSSTRESC, SSSTRESN","AXE",NA,290,"yes"
"531","INCL_HHPLOW","incl_hhplow",90,"nr of plows","MISAME3_WIDE","Baseline / Enrolment","SSSTRESC, SSSTRESN","PLOW",NA,290,"yes"
"549","INCL_HHSEEDER","incl_hhseeder",91,"seeder","MISAME3_WIDE","Baseline / Enrolment","SSSTRESC, SSSTRESN","SEEDER",NA,290,"yes"
"459","INCL_HHBARROW","incl_hhbarrow",92,"nr of barrows","MISAME3_WIDE","Baseline / Enrolment","SSSTRESC, SSSTRESN","WBARROW",NA,290,"yes"
"453","INCL_HHAGRIOTHER","incl_hhagriother",93,"nr other agricultural equipment","MISAME3_WIDE",NA,NA,NA,NA,290,"missing"
"469","INCL_HHCART","incl_hhcart",94,"nr of carts","MISAME3_WIDE","Baseline / Enrolment","SSSTRESC, SSSTRESN","CART",NA,290,"yes"
"515","INCL_HHMOTO","incl_hhmoto",95,"nr de mobylettes/motos","MISAME3_WIDE","Baseline / Enrolment","SSSTRESC, SSSTRESN","MCYCLE",NA,290,"yes"
"477","INCL_HHCOW","incl_hhcow",96,"nr of cows","MISAME3_WIDE","Baseline / Enrolment","SSSTRESC, SSSTRESN","COW",NA,290,"yes"
"551","INCL_HHSHEEP","incl_hhsheep",97,"nr of sheep","MISAME3_WIDE","Baseline / Enrolment","SSSTRESC, SSSTRESN","SHEEP",NA,290,"yes"
"488","INCL_HHGOAT","incl_hhgoat",98,"nr of goats","MISAME3_WIDE","Baseline / Enrolment","SSSTRESC, SSSTRESN","GOAT",NA,290,"yes"
"480","INCL_HHDONKEYHORSE","incl_hhdonkeyhorse",99,"nr of donkeys and horses","MISAME3_WIDE","Baseline / Enrolment","SSSTRESC, SSSTRESN","EQUINE",NA,290,"yes"
"533","INCL_HHPORK","incl_hhpork",100,"nr of pigs","MISAME3_WIDE","Baseline / Enrolment","SSSTRESC, SSSTRESN","PIGS",NA,290,"yes"
"473","INCL_HHCHICKEN","incl_hhchicken",101,"nr of poultry","MISAME3_WIDE","Baseline / Enrolment","SSSTRESC, SSSTRESN","POULTRY",NA,290,"yes"
"537","INCL_HHQUINEA","incl_hhquinea",102,"nr of guinea fowl","MISAME3_WIDE","Baseline / Enrolment","SSSTRESC, SSSTRESN","GUINEAFL",NA,290,"yes"
"538","INCL_HHRADIOY","incl_hhradioY",103,"Household has radio","MISAME3_WIDE","Baseline / Enrolment","SSSTRESC, SSSTRESN","RADIO",NA,290,"yes"
"566","INCL_HHTVY","incl_hhtvY",104,"Household has tv","MISAME3_WIDE","Baseline / Enrolment","SSSTRESC, SSSTRESN","TV",NA,290,"yes"
"567","INCL_HHVIDEOY","incl_hhvideoY",105,"Household has video","MISAME3_WIDE","Baseline / Enrolment","SSSTRESC, SSSTRESN","VCR",NA,290,"yes"
"472","INCL_HHCHANELY","incl_hhchanelY",106,"Household has chanel","MISAME3_WIDE",NA,NA,NA,NA,290,"missing"
"470","INCL_HHCDY","incl_hhcdY",107,"Household has cd","MISAME3_WIDE","Baseline / Enrolment","SSSTRESC, SSSTRESN","CDPLAY",NA,290,"yes"
"510","INCL_HHLAMPY","incl_hhlampY",108,"Household has lamp","MISAME3_WIDE","Baseline / Enrolment","SSSTRESC, SSSTRESN","LAMP",NA,290,"yes"
"564","INCL_HHTORCHEY","incl_hhtorcheY",109,"Household has torche","MISAME3_WIDE","Baseline / Enrolment","SSSTRESC, SSSTRESN","TORCH",NA,290,"yes"
"461","INCL_HHBEDY","incl_hhbedY",110,"Household has bed","MISAME3_WIDE","Baseline / Enrolment","SSSTRESC, SSSTRESN","BED",NA,290,"yes"
"512","INCL_HHMATRASY","incl_hhmatrasY",111,"Household has matras","MISAME3_WIDE","Baseline / Enrolment","SSSTRESC, SSSTRESN","MATTRESS",NA,290,"yes"
"559","INCL_HHTABLEY","incl_hhtableY",112,"Household has table","MISAME3_WIDE","Baseline / Enrolment","SSSTRESC, SSSTRESN","TABLE",NA,290,"yes"
"471","INCL_HHCHAIRY","incl_hhchairY",113,"Household has chair","MISAME3_WIDE","Baseline / Enrolment","SSSTRESC, SSSTRESN","CHAIR",NA,290,"yes"
"455","INCL_HHARMCHAIRY","incl_hharmchairY",114,"Household has armchair","MISAME3_WIDE","Baseline / Enrolment","SSSTRESC, SSSTRESN","ARMCHAIR",NA,290,"yes"
"462","INCL_HHBENCHY","incl_hhbenchY",115,"Household has bench","MISAME3_WIDE","Baseline / Enrolment","SSSTRESC, SSSTRESN","BENCH",NA,290,"yes"
"557","INCL_HHSTOVEY","incl_hhstoveY",116,"Household has stove","MISAME3_WIDE","Baseline / Enrolment","SSSTRESC, SSSTRESN","STOVE",NA,290,"yes"
"487","INCL_HHFURNACEY","incl_hhfurnaceY",117,"Household has furnace","MISAME3_WIDE","Baseline / Enrolment","SSSTRESC, SSSTRESN","FURNACE",NA,290,"yes"
"465","INCL_HHCALABASHY","incl_hhcalabashY",118,"Household has calabash","MISAME3_WIDE",NA,NA,NA,NA,290,"missing"
"514","INCL_HHMOB","incl_hhmob",119,"nr of mobile phones","MISAME3_WIDE","Baseline / Enrolment","SSSTRESC, SSSTRESN","MOBILE",NA,290,"yes"
"529","INCL_HHPC","incl_hhpc",120,"nr of computers","MISAME3_WIDE","Baseline / Enrolment","SSSTRESC, SSSTRESN","COMPUTER",NA,290,"yes"
"468","INCL_HHCARPET","incl_hhcarpet",121,"nr of carpets","MISAME3_WIDE","Baseline / Enrolment","SSSTRESC, SSSTRESN","CARPET",NA,290,"yes"
"511","INCL_HHMAT","incl_hhmat",122,"nr or sleeping mats","MISAME3_WIDE",NA,NA,NA,NA,290,"missing"
"535","INCL_HHPRAYERMAT","incl_hhprayermat",123,"nr of prayer mats","MISAME3_WIDE",NA,NA,NA,NA,290,"missing"
"478","INCL_HHCUP","incl_hhcup",124,"nr of cups","MISAME3_WIDE","Baseline / Enrolment","SSSTRESC, SSSTRESN","CUPS",NA,290,"yes"
"534","INCL_HHPOT","incl_hhpot",125,"marmite","MISAME3_WIDE",NA,NA,NA,NA,290,"missing"
"464","INCL_HHBOWL","incl_hhbowl",126,"nr of bowls","MISAME3_WIDE","Baseline / Enrolment","SSSTRESC, SSSTRESN","BOWL",NA,290,"yes"
"476","INCL_HHCOOKTOOLS","incl_hhcooktools",127,"nr of cooking utensils","MISAME3_WIDE","Baseline / Enrolment","SSSTRESC, SSSTRESN","COOKUT",NA,290,"yes"
"466","INCL_HHCAN","incl_hhcan",128,"nr of cans/barrels","MISAME3_WIDE","Baseline / Enrolment","SSSTRESC, SSSTRESN","BARRELS",NA,290,"yes"
"507","INCL_HHIRON","incl_hhiron",129,"nr of irons","MISAME3_WIDE","Baseline / Enrolment","SSSTRESC, SSSTRESN","IRONBOX",NA,290,"yes"
"550","INCL_HHSEWING","incl_hhsewing",130,"nr of sewing machines","MISAME3_WIDE","Baseline / Enrolment","SSSTRESC, SSSTRESN","SEWING",NA,290,"yes"
"500","INCL_HHHOE","incl_hhhoe",131,"nr of hoes/daba","MISAME3_WIDE",NA,NA,NA,NA,290,"missing"
"576","INCL_HHWATERINGCAN","incl_hhwateringcan",132,"nb of watering cans","MISAME3_WIDE","Baseline / Enrolment","SSSTRESC, SSSTRESN","H2OCAN",NA,290,"yes"
"513","INCL_HHMILL","incl_hhmill",133,"nr of mills","MISAME3_WIDE","Baseline / Enrolment","SSSTRESC, SSSTRESN","MILLS",NA,290,"yes"
"516","INCL_HHMOTORPOMP","incl_hhmotorpomp",134,"nr of motorpumps","MISAME3_WIDE","Baseline / Enrolment","SSSTRESC, SSSTRESN","PUMP",NA,290,"yes"
"454","INCL_HHAGRIOTHERNAMES","incl_hhagriothernames",135,"Other agricultural equipment","MISAME3_WIDE",NA,NA,NA,NA,102,"missing"
"463","INCL_HHBIKE","incl_hhbike",136,"nr of bicycles","MISAME3_WIDE","Baseline / Enrolment","SSSTRESC, SSSTRESN","BICYCLE",NA,290,"yes"
"467","INCL_HHCAR","incl_hhcar",137,"nr of cars/trucks","MISAME3_WIDE","Baseline / Enrolment","SSSTRESC, SSSTRESN","CAR",NA,290,"yes"
"565","INCL_HHTRACTOR","incl_hhtractor",138,"Nr of tractors","MISAME3_WIDE","Baseline / Enrolment","SSSTRESC, SSSTRESN","TRACTOR",NA,290,"yes"
"456","INCL_HHASSET1COMP","incl_hhasset1comp",139,"Household asset score using cmponent 1","MISAME3_WIDE","Baseline / Enrolment","SSSTRESN","AINDEX",NA,290,"yes"
"457","INCL_HHASSET1COMP_10","incl_hhasset1comp_10",140,"Household asset score recapped between 0-10","MISAME3_WIDE",NA,NA,NA,NA,290,"missing"
"588","INCL_WMARITAL","incl_wmarital",141,"Marital status pregnant woman","MISAME3_WIDE",NA,"MMARIT, MMARITN",NA,NA,290,"yes"
"589","INCL_WMARITALOTHER","incl_wmaritalother",142,"Other marital status pregnant woman","MISAME3_WIDE",NA,NA,NA,NA,0,"missing"
"579","INCL_WCOWIVES","incl_wcowives",143,"nr of cowives","MISAME3_WIDE",NA,NA,NA,NA,175,"missing"
"597","INCL_WRANK","incl_wrank",144,"Rank of pregnant women in poly HH","MISAME3_WIDE",NA,NA,NA,NA,175,"missing"
"593","INCL_WPRESENT","incl_wpresent",145,"Check if pregnant woman is available for interview","MISAME3_WIDE",NA,NA,NA,NA,290,"missing"
"598","INCL_WREASONABSENCE","incl_wreasonabsence",146,"Reason of absence pregnant woman","MISAME3_WIDE",NA,NA,NA,NA,2,"missing"
"599","INCL_WREASONABSENCEOTHER","incl_wreasonabsenceother",147,"other reason pregnant woman absent","MISAME3_WIDE",NA,NA,NA,NA,2,"missing"
"586","INCL_WLANGUAGE","incl_wlanguage",148,"Interview language","MISAME3_WIDE",NA,NA,NA,NA,290,"missing"
"587","INCL_WLANGUAGEOTHER","incl_wlanguageother",149,"Other language of interview","MISAME3_WIDE",NA,NA,NA,NA,0,"missing"
"605","INCL_WSCHOOL","incl_wschool",150,"Highest education achieved","MISAME3_WIDE",NA,"MEDUCYRS",NA,NA,288,"yes"
"607","INCL_WSCHOOLOTHER","incl_wschoolother",151,"Other school","MISAME3_WIDE",NA,NA,NA,NA,10,"missing"
"603","INCL_WRELIGION","incl_wreligion",152,"Religion pregnant woman","MISAME3_WIDE",NA,NA,NA,NA,290,"missing"
"604","INCL_WRELIGIONOTHER","incl_wreligionother",153,"Other religion pregnant woman","MISAME3_WIDE",NA,NA,NA,NA,0,"missing"
"582","INCL_WETNICITY","incl_wetnicity",154,"Ethnic group pregnant woman","MISAME3_WIDE",NA,NA,NA,NA,290,"missing"
"583","INCL_WETNICITYOTHER","incl_wetnicityother",155,"Other ethnic group pregnant woman","MISAME3_WIDE",NA,NA,NA,NA,4,"missing"
"611","INCL_WWORK","incl_wwork",156,"Job pregnant woman","MISAME3_WIDE",NA,"MWORK",NA,NA,288,"yes"
"612","INCL_WWORKOPTIONS__1","incl_wworkoptions__1",157,"Formal employment (salary)","MISAME3_WIDE",NA,"MWORK",NA,NA,119,"yes"
"613","INCL_WWORKOPTIONS__2","incl_wworkoptions__2",158,"Small business / retail and trade","MISAME3_WIDE",NA,"MWORK",NA,NA,119,"yes"
"614","INCL_WWORKOPTIONS__3","incl_wworkoptions__3",159,"Shop","MISAME3_WIDE",NA,"MWORK",NA,NA,119,"yes"
"615","INCL_WWORKOPTIONS__4","incl_wworkoptions__4",160,"Wholesale","MISAME3_WIDE",NA,"MWORK",NA,NA,119,"yes"
"616","INCL_WWORKOPTIONS__5","incl_wworkoptions__5",161,"Craftswoman (tailor, jeweler)","MISAME3_WIDE",NA,"MWORK",NA,NA,119,"yes"
"617","INCL_WWORKOPTIONS__6","incl_wworkoptions__6",162,"Services (hairdresser, electrician, medical job)","MISAME3_WIDE",NA,"MWORK",NA,NA,119,"yes"
"618","INCL_WWORKOPTIONS__7","incl_wworkoptions__7",163,"Gardening / breeding","MISAME3_WIDE",NA,"MWORK",NA,NA,119,"yes"
"619","INCL_WWORKOPTIONS__8","incl_wworkoptions__8",164,"Gold mining","MISAME3_WIDE",NA,"MWORK",NA,NA,119,"yes"
"621","INCL_WWORKOPTIONS__9","incl_wworkoptions__9",165,"Day worker","MISAME3_WIDE",NA,"MWORK",NA,NA,119,"yes"
"620","INCL_WWORKOPTIONS__88","incl_wworkoptions__88",166,"Other job","MISAME3_WIDE",NA,"MWORK",NA,NA,119,"yes"
"622","INCL_WWORKOPTIONSOTHER","incl_wworkoptionsother",167,"Other RGA pregnant woman","MISAME3_WIDE",NA,"MWORK",NA,NA,0,"missing"
"577","INCL_WAGE","incl_wage",168,"Woman's age at baseline","MISAME3_WIDE",NA,"MAGE",NA,NA,290,"yes"
"594","INCL_WPRIMIPARITY","incl_wprimiparity",169,"Women has primiparous pregnancy","MISAME3_WIDE",NA,NA,NA,NA,290,"missing"
"584","INCL_WGRAVIDITY","incl_wgravidity",170,"Gravidity","MISAME3_WIDE",NA,NA,NA,NA,290,"missing"
"592","INCL_WPREGNANCY_INTERVAL","incl_wpregnancy_interval",171,"Pregnancy interval","MISAME3_WIDE",NA,NA,NA,NA,59,"missing"
"581","INCL_WEARLY_N_MORT","incl_wearly_n_mort",172,"History of early neonatal mortality","MISAME3_WIDE",NA,NA,NA,NA,290,"missing"
"590","INCL_WN_MORT","incl_wn_mort",173,"History of neonatal mortality","MISAME3_WIDE",NA,NA,NA,NA,290,"missing"
"609","INCL_WTRIMESTER","incl_wtrimester",174,"Trimester of pregnancy at enrollment","MISAME3_WIDE",NA,NA,NA,NA,290,"missing"
"610","INCL_WTWIN","incl_wtwin",175,"History of twin pregnancy","MISAME3_WIDE",NA,NA,NA,NA,290,"missing"
"606","INCL_WSCHOOL_LEVEL","incl_wschool_level",176,"School level pregnant woman","MISAME3_WIDE",NA,NA,NA,NA,290,"missing"
"591","INCL_WNR_JOBS","incl_wnr_jobs",177,"nr of jobs pregnant woman","MISAME3_WIDE",NA,NA,NA,NA,290,"missing"
"578","INCL_WCHILD_MORTALITY","incl_wchild_mortality",178,"N° of previous child death","MISAME3_WIDE",NA,"NDCHILD",NA,NA,290,"yes"
"595","INCL_WPTEST","incl_wptest",179,"pregnancy test result","MISAME3_WIDE",NA,NA,NA,NA,0,"missing"
"596","INCL_WPTESTOTHER","incl_wptestother",180,"Pregnancy test other reasons test not done","MISAME3_WIDE",NA,NA,NA,NA,0,"missing"
"608","INCL_WTRAVEL","incl_wtravel",181,"Pregnant woman plans to leave the study area in the coming 12 months","MISAME3_WIDE",NA,NA,NA,NA,290,"missing"
"580","INCL_WDIABETES","incl_wdiabetes",182,"Do you suffer from diabetes (sugar disease)?","MISAME3_WIDE","Baseline / Enrolment","DM",NA,"Mother",290,"yes"
"585","INCL_WIC","incl_wic",183,"Consent signed","MISAME3_WIDE",NA,NA,NA,NA,290,"missing"
"600","INCL_WREASONS_IC","incl_wreasons_ic",184,"Reasons refusal","MISAME3_WIDE",NA,NA,NA,NA,0,"missing"
"601","INCL_WREASONS_IC_OTHER","incl_wreasons_ic_other",185,"Reasons refusal (other)","MISAME3_WIDE",NA,NA,NA,NA,0,"missing"
"602","INCL_WREENROLLED","incl_wreenrolled",186,"Woman was re-enrolled in the trial","MISAME3_WIDE",NA,NA,NA,NA,0,"missing"
"1396","W_TSF1INCL","w_tsf1incl",187,"Triceps Skinfold measurement1","MISAME3_WIDE","Baseline / Enrolment","TSFTMM",NA,"Mother",290,"yes"
"1397","W_TSF2INCL","w_tsf2incl",188,"Triceps Skinfold measurement 2","MISAME3_WIDE","Baseline / Enrolment","TSFTMM",NA,"Mother",290,"yes"
"1398","W_TSF3INCL","w_tsf3incl",189,"Triceps Skinfold measurement 3","MISAME3_WIDE","Baseline / Enrolment","TSFTMM",NA,"Mother",290,"yes"
"1389","W_MEAN_TSFINCL","w_mean_tsfincl",190,"Triceps Skinfold measurement: mean","MISAME3_WIDE",NA,NA,NA,NA,290,"missing"
"1393","W_SSF1INCL","w_ssf1incl",191,"Subscapular skinfold measurement1","MISAME3_WIDE","Baseline / Enrolment","SSFTMM",NA,"Mother",290,"yes"
"1394","W_SSF2INCL","w_ssf2incl",192,"Subscapular skinfold measurement 2","MISAME3_WIDE","Baseline / Enrolment","SSFTMM",NA,"Mother",290,"yes"
"1395","W_SSF3INCL","w_ssf3incl",193,"Subscapular skinfold measurement 3","MISAME3_WIDE","Baseline / Enrolment","SSFTMM",NA,"Mother",290,"yes"
"1388","W_MEAN_SSFINCL","w_mean_ssfincl",194,"Subscapular skinfold measurement: mean","MISAME3_WIDE",NA,NA,NA,NA,290,"missing"
"1387","W_MEAN_HEIGHTINCL","w_mean_heightincl",195,"mean height","MISAME3_WIDE",NA,NA,NA,NA,290,"missing"
"1390","W_MEAN_WEIGHTINCL","w_mean_weightincl",196,"Mean weight","MISAME3_WIDE",NA,NA,NA,NA,290,"missing"
"1363","W_BMIINCL","w_bmiincl",197,"Mean BMI","MISAME3_WIDE",NA,NA,NA,NA,290,"missing"
"1391","W_MUACINCL","w_muacincl",198,"Mean MUAC","MISAME3_WIDE",NA,NA,NA,NA,290,"missing"
"1386","W_HBINCL","w_hbincl",199,"Mean heamoglobine","MISAME3_WIDE",NA,NA,NA,NA,290,"missing"
"1362","W_ANEMIA_INCL","w_anemia_incl",200,"Anemia","MISAME3_WIDE","Baseline / Enrolment","CETERM",NA,"Mother",290,"no"
"1392","W_SEVERE_ANEMIAINCL","w_severe_anemiaincl",201,"Severe anemia","MISAME3_WIDE","Baseline / Enrolment","CETERM",NA,"Mother",290,"no"
"1366","W_EDS1_Q1_INCL","w_eds1_q1_incl",202,"I have been able to laugh and see the funny side of things","MISAME3_WIDE","Baseline / Enrolment","QSSTRESC","EPDSQ01","Mother",289,"no"
"1376","W_EDS1_SCORE_INCL","w_eds1_score_incl",203,"I have been able to laugh and see the funny side of things","MISAME3_WIDE","Baseline / Enrolment","QSSTRESN","EPDSQ01","Mother",289,"no"
"1368","W_EDS1_Q2_INCL","w_eds1_q2_incl",204,"I have looked forward with enjoyment to things","MISAME3_WIDE","Baseline / Enrolment","QSSTRESC","EPDSQ02","Mother",289,"no"
"1378","W_EDS2_SCORE_INCL","w_eds2_score_incl",205,"I have looked forward with enjoyment to things","MISAME3_WIDE","Baseline / Enrolment","QSSTRESN","EPDSQ02","Mother",289,"no"
"1369","W_EDS1_Q3_INCL","w_eds1_q3_incl",206,"I have blamed myself unnecessarily when things went wrong","MISAME3_WIDE","Baseline / Enrolment","QSSTRESC","EPDSQ03","Mother",289,"no"
"1379","W_EDS3_SCORE_INCL","w_eds3_score_incl",207,"I have blamed myself unnecessarily when things went wrong","MISAME3_WIDE","Baseline / Enrolment","QSSTRESN","EPDSQ03","Mother",289,"no"
"1370","W_EDS1_Q4_INCL","w_eds1_q4_incl",208,"I have been anxious or worried for no good reason","MISAME3_WIDE","Baseline / Enrolment","QSSTRESC","EPDSQ04","Mother",289,"no"
"1380","W_EDS4_SCORE_INCL","w_eds4_score_incl",209,"I have been anxious or worried for no good reason","MISAME3_WIDE","Baseline / Enrolment","QSSTRESN","EPDSQ04","Mother",289,"no"
"1371","W_EDS1_Q5_INCL","w_eds1_q5_incl",210,"I have felt scared or panicky for no very good reason","MISAME3_WIDE","Baseline / Enrolment","QSSTRESC","EPDSQ05","Mother",289,"no"
"1381","W_EDS5_SCORE_INCL","w_eds5_score_incl",211,"I have felt scared or panicky for no very good reason","MISAME3_WIDE","Baseline / Enrolment","QSSTRESN","EPDSQ05","Mother",289,"no"
"1372","W_EDS1_Q6_INCL","w_eds1_q6_incl",212,"Things have been getting on top of me","MISAME3_WIDE","Baseline / Enrolment","QSSTRESC","EPDSQ06","Mother",289,"no"
"1382","W_EDS6_SCORE_INCL","w_eds6_score_incl",213,"Things have been getting on top of me","MISAME3_WIDE","Baseline / Enrolment","QSSTRESN","EPDSQ06","Mother",289,"no"
"1373","W_EDS1_Q7_INCL","w_eds1_q7_incl",214,"I have been so unhappy that I have had difficulty sleeping","MISAME3_WIDE","Baseline / Enrolment","QSSTRESC","EPDSQ07","Mother",289,"no"
"1383","W_EDS7_SCORE_INCL","w_eds7_score_incl",215,"I have been so unhappy that I have had difficulty sleeping","MISAME3_WIDE","Baseline / Enrolment","QSSTRESN","EPDSQ07","Mother",289,"no"
"1374","W_EDS1_Q8_INCL","w_eds1_q8_incl",216,"I have felt sad or miserable","MISAME3_WIDE","Baseline / Enrolment","QSSTRESC","EPDSQ08","Mother",289,"no"
"1384","W_EDS8_SCORE_INCL","w_eds8_score_incl",217,"I have felt sad or miserable","MISAME3_WIDE","Baseline / Enrolment","QSSTRESN","EPDSQ08","Mother",289,"no"
"1375","W_EDS1_Q9_INCL","w_eds1_q9_incl",218,"I have been so unhappy that I have been crying","MISAME3_WIDE","Baseline / Enrolment","QSSTRESC","EPDSQ09","Mother",289,"no"
"1385","W_EDS9_SCORE_INCL","w_eds9_score_incl",219,"I have been so unhappy that I have been crying","MISAME3_WIDE","Baseline / Enrolment","QSSTRESN","EPDSQ09","Mother",289,"no"
"1367","W_EDS1_Q10_INCL","w_eds1_q10_incl",220,"The thought of harming myself has occurred to me","MISAME3_WIDE","Baseline / Enrolment","QSSTRESC","EPDSQ10","Mother",289,"no"
"1377","W_EDS10_SCORE_INCL","w_eds10_score_incl",221,"The thought of harming myself has occurred to me","MISAME3_WIDE","Baseline / Enrolment","QSSTRESN","EPDSQ10","Mother",289,"no"
"1365","W_EDS_INCL","w_EDS_incl",222,"The Edinburgh Depression Scale: total score","MISAME3_WIDE","Baseline / Enrolment","QSSTRESN","EPDSTOT","Mother",289,"no"
"1364","W_DEPRESSION_INCL","w_depression_incl",223,"The Edinburgh Depression Scale: depression","MISAME3_WIDE","Baseline / Enrolment","QSSTRESC","EPDSTOT","Mother",290,"no"
"418","HH_HFIAS_Q1","hh_hfias_q1",224,"Fear insufficient food","MISAME3_WIDE","Baseline / Enrolment","SSSTRESC, SSSTRESN","HFIASNEF",NA,289,"yes"
"419","HH_HFIAS_Q1A","hh_hfias_q1a",225,"Frequency fear insufficient food","MISAME3_WIDE","Baseline / Enrolment","SSSTRESC","HFIASNFF",NA,44,"yes"
"420","HH_HFIAS_Q2","hh_hfias_q2",226,"Not eating preferred foods","MISAME3_WIDE","Baseline / Enrolment","SSSTRESC, SSSTRESN","HFIASUF",NA,289,"yes"
"421","HH_HFIAS_Q2A","hh_hfias_q2a",227,"Frequency not eating preferred foods","MISAME3_WIDE","Baseline / Enrolment","SSSTRESC","HFRFSNFF",NA,155,"yes"
"422","HH_HFIAS_Q3","hh_hfias_q3",228,"Limited food diversity","MISAME3_WIDE","Baseline / Enrolment","SSSTRESC, SSSTRESN","HFIASLV",NA,289,"yes"
"423","HH_HFIAS_Q3A","hh_hfias_q3a",229,"Frequency limited diversity","MISAME3_WIDE","Baseline / Enrolment","SSSTRESC","HFIASLF",NA,147,"yes"
"424","HH_HFIAS_Q4","hh_hfias_q4",230,"Undesirable food","MISAME3_WIDE","Baseline / Enrolment","SSSTRESC, SSSTRESN","HFIASUDF",NA,289,"yes"
"425","HH_HFIAS_Q4A","hh_hfias_q4a",231,"Frequency undesirable food","MISAME3_WIDE","Baseline / Enrolment","SSSTRESC","HFIASF",NA,106,"no"
"426","HH_HFIAS_Q5","hh_hfias_q5",232,"Smaller meals","MISAME3_WIDE","Baseline / Enrolment","SSSTRESC, SSSTRESN","HFCRCLOE",NA,289,"yes"
"427","HH_HFIAS_Q5A","hh_hfias_q5a",233,"Frequency smaller meals","MISAME3_WIDE","Baseline / Enrolment","SSSTRESC","HFCRCLOF",NA,46,"no"
"428","HH_HFIAS_Q6","hh_hfias_q6",234,"Fewer meals","MISAME3_WIDE","Baseline / Enrolment","SSSTRESC, SSSTRESN","HFIASFM",NA,289,"yes"
"429","HH_HFIAS_Q6A","hh_hfias_q6a",235,"Frequency fewer meals","MISAME3_WIDE","Baseline / Enrolment","SSSTRESC","HFIASFMF",NA,24,"no"
"430","HH_HFIAS_Q7","hh_hfias_q7",236,"No food","MISAME3_WIDE","Baseline / Enrolment","SSSTRESC, SSSTRESN","HFIASENF",NA,289,"yes"
"431","HH_HFIAS_Q7A","hh_hfias_q7a",237,"Frequency no food","MISAME3_WIDE","Baseline / Enrolment","SSSTRESC","HFIASEF",NA,13,"no"
"432","HH_HFIAS_Q8","hh_hfias_q8",238,"To bed without eating","MISAME3_WIDE","Baseline / Enrolment","SSSTRESC, SSSTRESN","HFIASSH",NA,289,"yes"
"433","HH_HFIAS_Q8A","hh_hfias_q8a",239,"Frequency to bed without eating","MISAME3_WIDE","Baseline / Enrolment","SSSTRESC","HFIASSF",NA,3,"missing"
"434","HH_HFIAS_Q9","hh_hfias_q9",240,"No food night and day","MISAME3_WIDE","Baseline / Enrolment","SSSTRESC, SSSTRESN","HFIASNDF",NA,289,"yes"
"435","HH_HFIAS_Q9A","hh_hfias_q9a",241,"Frequency no food night and day","MISAME3_WIDE","Baseline / Enrolment","SSSTRESC","HFIASFF",NA,0,"missing"
"415","HH_HFIAS","hh_hfias",242,"HFIA Category","MISAME3_WIDE","Baseline / Enrolment","SSSTRESC","HHHSCAT",NA,289,"yes"
"416","HH_HFIAS_MILD","hh_hfias_mild",243,"Mildly Food Insecure","MISAME3_WIDE",NA,NA,NA,NA,289,"missing"
"417","HH_HFIAS_MODERATE","hh_hfias_moderate",244,"Moderately Food Insecure","MISAME3_WIDE",NA,NA,NA,NA,289,"missing"
"437","HH_HFIAS_SEVERE","hh_hfias_severe",245,"Severely Food Insecure","MISAME3_WIDE",NA,NA,NA,NA,289,"missing"
"436","HH_HFIAS_SCORE","hh_hfias_score",246,"Household Food Insecurity Access Scale (HFIAS) score","MISAME3_WIDE","Baseline / Enrolment","SSSTRESN","HHHSC",NA,289,"yes"
"1352","SECTION_03","SECTION_03",247,"SECTION_03","MISAME3_WIDE",NA,NA,NA,NA,290,"missing"
"67","CPN1_WPREG","cpn1_wpreg",248,"Nr times pregnant","MISAME3_WIDE",NA,"GRAVIDA",NA,NA,290,"yes"
"63","CPN1_WMC","cpn1_wmc",249,"nr of miscarriages","MISAME3_WIDE",NA,"NMSCR, MISCRHX",NA,NA,218,"yes"
"68","CPN1_WSB","cpn1_wsb",250,"nr of stillbirths","MISAME3_WIDE",NA,"NSTLBRTH, STLBRTHX",NA,NA,218,"yes"
"51","CPN1_WCHILD","cpn1_wchild",251,"Nr of children","MISAME3_WIDE",NA,"NLIVBRTH",NA,NA,218,"yes"
"57","CPN1_WDELIV","cpn1_wdeliv",252,"Nr of deliveries","MISAME3_WIDE",NA,"PARITY",NA,NA,218,"yes"
"56","CPN1_WCS","cpn1_wcs",253,"Nr of c-sections","MISAME3_WIDE",NA,"NCSECT",NA,NA,218,"yes"
"55","CPN1_WCHILDU5","cpn1_wchildu5",254,"Nr of children under 5","MISAME3_WIDE",NA,NA,NA,NA,218,"missing"
"52","CPN1_WCHILDLB_DMY","cpn1_wchildlb_dmy",255,"date previous birth","MISAME3_WIDE",NA,NA,NA,NA,62,"missing"
"53","CPN1_WCHILDLB_MY","cpn1_wchildlb_my",256,"date previous birth","MISAME3_WIDE",NA,NA,NA,NA,175,"missing"
"54","CPN1_WCHILDLB_Y","cpn1_wchildlb_y",257,"date previous birth","MISAME3_WIDE",NA,NA,NA,NA,193,"missing"
"33","CPN1_DDR_DMY","cpn1_ddr_dmy",258,"Date last menstruation (dd/mm/yy)","MISAME3_WIDE",NA,"GAGELMP, GAGEBRTH",NA,NA,290,"yes"
"34","CPN1_DDR_MY","cpn1_ddr_my",259,"Date last menstruation (dd/mm/yy)","MISAME3_WIDE",NA,NA,NA,NA,0,"missing"
"41","CPN1_HU","cpn1_hu",260,"fundus hight","MISAME3_WIDE","Baseline / Enrolment","FH",NA,NA,290,"yes"
"40","CPN1_GA_W","cpn1_ga_w",261,"Gestational age (weeks)","MISAME3_WIDE",NA,NA,NA,NA,0,"missing"
"39","CPN1_GA_D","cpn1_ga_d",262,"Gestational age (days)","MISAME3_WIDE",NA,NA,NA,NA,0,"missing"
"35","CPN1_DELIVERYDATE","cpn1_deliverydate",263,"Expected date of delivery","MISAME3_WIDE","Baseline / Enrolment","GAGEBRTH",NA,NA,290,"yes"
"58","CPN1_WDOC","cpn1_wdoc",264,"Date CPN 1","MISAME3_WIDE",NA,NA,NA,NA,0,"missing"
"47","CPN1_TEMPERATURE","cpn1_temperature",265,"Temperature","MISAME3_WIDE","Baseline / Enrolment","VSSTRESN","TEMP","Mother",290,"yes"
"44","CPN1_OEDEME","cpn1_oedeme",266,"œdeme","MISAME3_WIDE","Baseline / Enrolment","CETERM",NA,"Mother",290,"no"
"59","CPN1_WHB","cpn1_whb",267,"Hemoglobin CPN1","MISAME3_WIDE","Baseline / Enrolment","LBSTRESN","HGB","Mother",290,"yes"
"36","CPN1_FETALHEART","cpn1_fetalheart",268,"Fetal heartbeat","MISAME3_WIDE",NA,NA,NA,NA,290,"missing"
"37","CPN1_FETALHEARTFREQ","cpn1_fetalheartfreq",269,"Fetal heart beat frequency","MISAME3_WIDE","Baseline / Enrolment","VSSTRESN","FHR","Child",0,"missing"
"38","CPN1_FETALMOUV","cpn1_fetalmouv",270,"Active fetal movement","MISAME3_WIDE","Baseline / Enrolment","VSSTRESN","FM","Child",290,"yes"
"69","CPN1_WSP1","cpn1_wsp1",271,"Malaria prevention","MISAME3_WIDE",NA,NA,NA,NA,0,"missing"
"70","CPN1_WSP1D","cpn1_wsp1d",272,"Date malaria prevention","MISAME3_WIDE",NA,NA,NA,NA,0,"missing"
"27","CPN1_CPNDISTR1","cpn1_CPNdistr1",273,"Did you receive the SP the past ANC?","MISAME3_WIDE",NA,NA,NA,NA,0,"missing"
"71","CPN1_WSP2","cpn1_wsp2",274,"Malaria prevention","MISAME3_WIDE",NA,NA,NA,NA,0,"missing"
"72","CPN1_WSP2D","cpn1_wsp2d",275,"Date malaria prevention","MISAME3_WIDE",NA,NA,NA,NA,0,"missing"
"28","CPN1_CPNDISTRSP2","cpn1_CPNdistrsp2",276,"Did you receive the SP the past ANC?","MISAME3_WIDE",NA,NA,NA,NA,0,"missing"
"73","CPN1_WSP3","cpn1_wsp3",277,"Malaria prevention","MISAME3_WIDE",NA,NA,NA,NA,0,"missing"
"74","CPN1_WSP3D","cpn1_wsp3d",278,"Date malaria prevention","MISAME3_WIDE",NA,NA,NA,NA,0,"missing"
"29","CPN1_CPNDISTRSP3","cpn1_CPNdistrsp3",279,"Did you receive the SP the past ANC?","MISAME3_WIDE",NA,NA,NA,NA,0,"missing"
"48","CPN1_WALB","cpn1_walb",280,"Helminth prevention","MISAME3_WIDE",NA,NA,NA,NA,0,"missing"
"50","CPN1_WALBD","cpn1_walbd",281,"Helminth date medication","MISAME3_WIDE",NA,NA,NA,NA,0,"missing"
"49","CPN1_WALB_DISTRIB","cpn1_walb_distrib",282,"Have you received deworming medication (Albendazole) for ANC in the past?","MISAME3_WIDE",NA,NA,NA,NA,0,"missing"
"46","CPN1_SP","cpn1_sp",283,"Malaria prevention","MISAME3_WIDE",NA,NA,NA,NA,290,"missing"
"43","CPN1_NB_SP","cpn1_nb_sp",284,"Number of times taken SP","MISAME3_WIDE",NA,NA,NA,NA,0,"missing"
"31","CPN1_DATE_SP","cpn1_date_sp",285,"Date SP taken","MISAME3_WIDE",NA,NA,NA,NA,0,"missing"
"24","CPN1_CPN_SP","cpn1_CPN_sp",286,"Received SP precious ANC","MISAME3_WIDE",NA,NA,NA,NA,0,"missing"
"26","CPN1_CPNACT_SP","cpn1_cpnact_sp",287,"Received SP current ANC","MISAME3_WIDE",NA,NA,NA,NA,290,"missing"
"20","CPN1_ALB","cpn1_alb",288,"Received deworming","MISAME3_WIDE",NA,NA,NA,NA,290,"missing"
"30","CPN1_DATE_ALB","cpn1_date_alb",289,"Date receiving deworming","MISAME3_WIDE",NA,NA,NA,NA,0,"missing"
"22","CPN1_CAMP_ALB","cpn1_camp_alb",290,"Received deworming during campaign","MISAME3_WIDE",NA,NA,NA,NA,290,"missing"
"23","CPN1_CPN_ALB","cpn1_cpn_alb",291,"Received deworming at current ANC","MISAME3_WIDE","Baseline / Enrolment","CMTRT",NA,"Mother",290,"no"
"25","CPN1_CPN_SP_1","cpn1_cpn_sp_1",292,"Received SP precious ANC - CPN 1","MISAME3_WIDE",NA,NA,NA,NA,290,"missing"
"75","CPN1_WSPECIAL__1","cpn1_wspecial__1",293,"Particularity woman:RAS (Rien à signaler)- CPN1","MISAME3_WIDE",NA,NA,NA,NA,290,"missing"
"76","CPN1_WSPECIAL__2","cpn1_wspecial__2",294,"Particularity woman:La femme est aveugle","MISAME3_WIDE","Baseline / Enrolment","CETERM",NA,"Mother",290,"no"
"77","CPN1_WSPECIAL__3","cpn1_wspecial__3",295,"Particularity woman:La femme est sourde","MISAME3_WIDE","Baseline / Enrolment","CETERM",NA,"Mother",290,"no"
"78","CPN1_WSPECIAL__4","cpn1_wspecial__4",296,"Particularity woman:La femme est sourde-muette","MISAME3_WIDE","Baseline / Enrolment","CETERM",NA,"Mother",290,"no"
"79","CPN1_WSPECIAL__5","cpn1_wspecial__5",297,"Particularity woman:La femme a une maladie mentale","MISAME3_WIDE","Baseline / Enrolment","CETERM",NA,"Mother",290,"no"
"80","CPN1_WSPECIAL__6","cpn1_wspecial__6",298,"Particularity woman:La femme a un handicap physique","MISAME3_WIDE","Baseline / Enrolment","CETERM",NA,"Mother",290,"no"
"81","CPN1_WSPECIAL__88","cpn1_wspecial__88",299,"Particularity woman:Autre","MISAME3_WIDE",NA,NA,NA,NA,290,"missing"
"82","CPN1_WSPECIAL_OTHER","cpn1_wspecial_other",300,"Other particularity","MISAME3_WIDE","Baseline / Enrolment","CETERM",NA,"Mother",0,"missing"
"32","CPN1_DBP","cpn1_dbp",301,"Diatelic blood pressure","MISAME3_WIDE","Baseline / Enrolment","VSSTRESN","DIABP","Mother",290,"yes"
"45","CPN1_SBP","cpn1_sbp",302,"Systolic blood pressure","MISAME3_WIDE","Baseline / Enrolment","VSSTRESN","SYSBP","Mother",290,"yes"
"60","CPN1_WHEIGHT1","cpn1_wheight1",303,"Woman's length CPN 1 - 1st measurement","MISAME3_WIDE","Baseline / Enrolment","HTCM",NA,"Mother",290,"yes"
"61","CPN1_WHEIGHT2","cpn1_wheight2",304,"Woman's length CPN 1 - 2nd measurement","MISAME3_WIDE","Baseline / Enrolment","HTCM",NA,"Mother",290,"yes"
"62","CPN1_WHEIGHT3","cpn1_wheight3",305,"Woman's length CPN 1 - 3rd measurement","MISAME3_WIDE",NA,NA,NA,NA,0,"missing"
"83","CPN1_WWEIGHT1","cpn1_wweight1",306,"Woman's weight CPN 1 - 1st measurement","MISAME3_WIDE","Baseline / Enrolment","WTKG",NA,"Mother",290,"yes"
"84","CPN1_WWEIGHT2","cpn1_wweight2",307,"Woman's weight CPN 1 - 2nd measurement","MISAME3_WIDE","Baseline / Enrolment","WTKG",NA,"Mother",290,"yes"
"85","CPN1_WWEIGHT3","cpn1_wweight3",308,"Woman's weight CPN 1 - 3rd measurement","MISAME3_WIDE","Baseline / Enrolment","WTKG",NA,"Mother",0,"missing"
"64","CPN1_WMUAC1","cpn1_wmuac1",309,"Woman's MUAC CPN 1 - 1st measurement","MISAME3_WIDE","Baseline / Enrolment","MUACCM",NA,"Mother",290,"yes"
"65","CPN1_WMUAC2","cpn1_wmuac2",310,"Woman's MUAC CPN 1 - 2nd measurement","MISAME3_WIDE","Baseline / Enrolment","MUACCM",NA,"Mother",290,"yes"
"66","CPN1_WMUAC3","cpn1_wmuac3",311,"Woman's MUAC CPN 1 - 3rd measurement","MISAME3_WIDE",NA,NA,NA,NA,0,"missing"
"21","CPN1_ANEMIA","cpn1_anemia",312,"Anemia","MISAME3_WIDE",NA,NA,NA,NA,290,"missing"
"42","CPN1_MIDWIFE","cpn1_midwife",313,"Midwife","MISAME3_WIDE",NA,NA,NA,NA,290,"missing"
"1353","SECTION_04","SECTION_04",314,"SECTION_04","MISAME3_WIDE",NA,NA,NA,NA,290,"missing"
"102","CPN2_HIGHBP","cpn2_highbp",315,"High blood pressure- CPN 2","MISAME3_WIDE","Antenatal Care 2","CETERM",NA,"Mother",287,"no"
"87","CPN2_ALBUMINE","cpn2_albumine",316,"albumine- CPN 2","MISAME3_WIDE","Antenatal Care 2","CETERM",NA,"Mother",0,"missing"
"109","CPN2_TEMPERATURE","cpn2_temperature",317,"Temperature - CPN 2","MISAME3_WIDE","Antenatal Care 2","VSSTRESN","TEMP","Mother",287,"yes"
"106","CPN2_OEDEME","cpn2_oedeme",318,"Maternal edema- CPN2","MISAME3_WIDE","Antenatal Care 2","CETERM",NA,"Mother",287,"no"
"101","CPN2_HEMOGLOBINE","cpn2_hemoglobine",319,"Hemoglobine measured-CPN2","MISAME3_WIDE",NA,NA,NA,NA,287,"missing"
"111","CPN2_WHB","cpn2_whb",320,"Hemoglobin concentration- CPN2","MISAME3_WIDE","Antenatal Care 2","LBSTRESN","HGB","Mother",0,"missing"
"98","CPN2_FETALHEART","cpn2_fetalheart",321,"Fetal heartbeat- CPN 2","MISAME3_WIDE",NA,NA,NA,NA,287,"missing"
"99","CPN2_FETALHEARTFREQ","cpn2_fetalheartfreq",322,"Fetal heart beat frequency- CPN 2","MISAME3_WIDE","Antenatal Care 2","VSSTRESN","FHR","Child",37,"yes"
"100","CPN2_FETALMOUV","cpn2_fetalmouv",323,"Actif Fetal Mouvement- CPN 2","MISAME3_WIDE","Antenatal Care 2","VSSTRESN","FM","Child",287,"yes"
"108","CPN2_SP","cpn2_sp",324,"Malaria prevention- CPN 2","MISAME3_WIDE",NA,NA,NA,NA,287,"missing"
"105","CPN2_NB_SP","cpn2_nb_sp",325,"Number of times taken SP- CPN 2","MISAME3_WIDE","Antenatal Care 2","CMTRT",NA,"Mother",10,"no"
"93","CPN2_DATE_SP","cpn2_date_sp",326," Date SP taken- CPN 2","MISAME3_WIDE","Antenatal Care 2","AGEDAYS",NA,"Mother",10,"yes"
"90","CPN2_CPN_SP","cpn2_cpn_sp",327,"Received SP precious ANC- CPN 2","MISAME3_WIDE",NA,NA,NA,NA,287,"missing"
"91","CPN2_CPNACT_SP","cpn2_cpnact_sp",328,"Received SP current ANC- CPN 2","MISAME3_WIDE",NA,NA,NA,NA,287,"missing"
"86","CPN2_ALB","cpn2_alb",329,"Received deworming- CPN 2","MISAME3_WIDE","Antenatal Care 2","CMTRT",NA,"Mother",287,"no"
"92","CPN2_DATE_ALB","cpn2_date_alb",330,"Date receiving deworming- CPN 2","MISAME3_WIDE","Antenatal Care 2","AGEDAYS",NA,"Mother",0,"missing"
"88","CPN2_CAMP_ALB","cpn2_camp_alb",331,"Received deworming during campaign- CPN 2","MISAME3_WIDE",NA,NA,NA,NA,287,"missing"
"89","CPN2_CPN_ALB","cpn2_cpn_alb",332,"Received deworming at current ANC- CPN 2","MISAME3_WIDE","Antenatal Care 2","CMTRT",NA,"Mother",287,"no"
"103","CPN2_INTERVIEW__STATUS","cpn2_interview__status",333,"Status of the interview- CPN 2","MISAME3_WIDE",NA,NA,NA,NA,287,"missing"
"95","CPN2_DATECPN","cpn2_datecpn",334,"CPN date","MISAME3_WIDE","Antenatal Care 2","AGEDAYS",NA,NA,287,"yes"
"96","CPN2_DATESP","cpn2_datesp",335,"Date SP (malaria prophylaxis) taken- CPN 2","MISAME3_WIDE",NA,NA,NA,NA,10,"missing"
"94","CPN2_DATEALB","cpn2_datealb",336,"Date deworming (albendazole) taken- CPN 2","MISAME3_WIDE",NA,NA,NA,NA,0,"missing"
"110","CPN2_TIMECPN","cpn2_timecpn",337,"CPN visit time-CPN 2","MISAME3_WIDE",NA,NA,NA,NA,287,"missing"
"97","CPN2_DBP","cpn2_dbp",338,"Diatelic blood pressure- CPN 2","MISAME3_WIDE","Antenatal Care 2","VSSTRESN","DIABP","Mother",287,"yes"
"107","CPN2_SBP","cpn2_sbp",339,"Systolic blood pressure- CPN 2","MISAME3_WIDE","Antenatal Care 2","VSSTRESN","SYSBP","Mother",287,"yes"
"115","CPN2_WWEIGHT1","cpn2_wweight1",340,"Woman's weight CPN 2- 1st measurement","MISAME3_WIDE","Antenatal Care 2","WTKG",NA,"Mother",287,"yes"
"116","CPN2_WWEIGHT2","cpn2_wweight2",341,"Woman's weight CPN 2- 2nd measurement","MISAME3_WIDE","Antenatal Care 2","WTKG",NA,"Mother",287,"yes"
"117","CPN2_WWEIGHT3","cpn2_wweight3",342,"Woman's weight CPN 2- 3rd measurement","MISAME3_WIDE","Antenatal Care 2","WTKG",NA,"Mother",0,"missing"
"112","CPN2_WMUAC1","cpn2_wmuac1",343,"Woman's MUAC CPN 2- 1st measurement","MISAME3_WIDE","Antenatal Care 2","MUACCM",NA,"Mother",287,"yes"
"113","CPN2_WMUAC2","cpn2_wmuac2",344,"Woman's MUAC CPN 2- 2nd measurement","MISAME3_WIDE","Antenatal Care 2","MUACCM",NA,"Mother",287,"yes"
"114","CPN2_WMUAC3","cpn2_wmuac3",345,"Woman's MUAC CPN 2- 3rd measurement","MISAME3_WIDE",NA,NA,NA,NA,0,"missing"
"104","CPN2_MIDWIFE","cpn2_midwife",346,"Midwife","MISAME3_WIDE",NA,NA,NA,NA,287,"missing"
"1354","SECTION_05","SECTION_05",347,"SECTION_05","MISAME3_WIDE",NA,NA,NA,NA,290,"missing"
"134","CPN3_HIGHBP","cpn3_highbp",348,"High blood pressure- CPN 3","MISAME3_WIDE","Antenatal Care 3","CETERM",NA,"Mother",290,"no"
"119","CPN3_ALBUMINE","cpn3_albumine",349,"albumine- CPN 3","MISAME3_WIDE","Antenatal Care 3","CETERM",NA,"Mother",2,"missing"
"141","CPN3_TEMPERATURE","cpn3_temperature",350,"Temperature - CPN 3","MISAME3_WIDE","Antenatal Care 3","VSSTRESN","TEMP","Mother",290,"yes"
"138","CPN3_OEDEME","cpn3_oedeme",351,"Maternal edema- CPN3","MISAME3_WIDE","Antenatal Care 3","CETERM",NA,"Mother",290,"no"
"133","CPN3_HEMOGLOBINE","cpn3_hemoglobine",352,"Hemoglobine measured-CPN3","MISAME3_WIDE",NA,NA,NA,NA,290,"missing"
"143","CPN3_WHB","cpn3_whb",353,"Hemoglobin concentration- CPN3","MISAME3_WIDE","Antenatal Care 3","LBSTRESN","HGB","Mother",289,"yes"
"130","CPN3_FETALHEART","cpn3_fetalheart",354,"Fetal heartbeat- CPN 3","MISAME3_WIDE",NA,NA,NA,NA,290,"missing"
"131","CPN3_FETALHEARTFREQ","cpn3_fetalheartfreq",355,"Fetal heart beat frequency- CPN 3","MISAME3_WIDE","Antenatal Care 3","VSSTRESN","FHR","Child",242,"yes"
"132","CPN3_FETALMOUV","cpn3_fetalmouv",356,"Actif Fetal Mouvement- CPN 3","MISAME3_WIDE","Antenatal Care 3","VSSTRESN","FM","Child",290,"yes"
"140","CPN3_SP","cpn3_sp",357,"Malaria prevention- CPN 3","MISAME3_WIDE",NA,NA,NA,NA,290,"missing"
"137","CPN3_NB_SP","cpn3_nb_sp",358,"Number of times taken SP- CPN 3","MISAME3_WIDE","Antenatal Care 3","CMTRT",NA,"Mother",171,"no"
"125","CPN3_DATE_SP","cpn3_date_sp",359," Date SP taken- CPN 3","MISAME3_WIDE","Antenatal Care 3","AGEDAYS",NA,"Mother",171,"yes"
"122","CPN3_CPN_SP","cpn3_cpn_sp",360,"Received SP precious ANC- CPN 3","MISAME3_WIDE",NA,NA,NA,NA,290,"missing"
"123","CPN3_CPNACT_SP","cpn3_cpnact_sp",361,"Received SP current ANC- CPN 3","MISAME3_WIDE",NA,NA,NA,NA,290,"missing"
"118","CPN3_ALB","cpn3_alb",362,"Received deworming- CPN 3","MISAME3_WIDE","Antenatal Care 3","CMTRT",NA,"Mother",290,"no"
"124","CPN3_DATE_ALB","cpn3_date_alb",363,"Date receiving deworming- CPN 3","MISAME3_WIDE","Antenatal Care 3","AGEDAYS",NA,"Mother",0,"missing"
"120","CPN3_CAMP_ALB","cpn3_camp_alb",364,"Received deworming during campaign- CPN 3","MISAME3_WIDE",NA,NA,NA,NA,290,"missing"
"121","CPN3_CPN_ALB","cpn3_cpn_alb",365,"Received deworming at current ANC- CPN 3","MISAME3_WIDE","Antenatal Care 3","CMTRT",NA,"Mother",290,"no"
"135","CPN3_INTERVIEW__STATUS","cpn3_interview__status",366,"Status of the interview- CPN 3","MISAME3_WIDE",NA,NA,NA,NA,290,"missing"
"127","CPN3_DATECPN","cpn3_datecpn",367,"CPN date","MISAME3_WIDE","Antenatal Care 3","AGEDAYS",NA,NA,290,"yes"
"128","CPN3_DATESP","cpn3_datesp",368,"Date SP (malaria prophylaxis) taken- CPN 3","MISAME3_WIDE",NA,NA,NA,NA,171,"missing"
"126","CPN3_DATEALB","cpn3_datealb",369,"Date deworming (albendazole) taken- CPN 3","MISAME3_WIDE",NA,NA,NA,NA,0,"missing"
"142","CPN3_TIMECPN","cpn3_timecpn",370,"CPN visit time-CPN 3","MISAME3_WIDE",NA,NA,NA,NA,290,"missing"
"129","CPN3_DBP","cpn3_dbp",371,"Diatelic blood pressure- CPN 3","MISAME3_WIDE","Antenatal Care 3","VSSTRESN","DIABP","Mother",290,"yes"
"139","CPN3_SBP","cpn3_sbp",372,"Systolic blood pressure- CPN 3","MISAME3_WIDE","Antenatal Care 3","VSSTRESN","SYSBP","Mother",290,"yes"
"147","CPN3_WWEIGHT1","cpn3_wweight1",373,"Woman's weight CPN 3- 1st measurement","MISAME3_WIDE","Antenatal Care 3","WTKG",NA,"Mother",290,"yes"
"148","CPN3_WWEIGHT2","cpn3_wweight2",374,"Woman's weight CPN 3- 2nd measurement","MISAME3_WIDE","Antenatal Care 3","WTKG",NA,"Mother",290,"yes"
"149","CPN3_WWEIGHT3","cpn3_wweight3",375,"Woman's weight CPN 3- 3rd measurement","MISAME3_WIDE","Antenatal Care 3","WTKG",NA,"Mother",1,"missing"
"144","CPN3_WMUAC1","cpn3_wmuac1",376,"Woman's MUAC CPN 3- 1st measurement","MISAME3_WIDE","Antenatal Care 3","MUACCM",NA,"Mother",290,"yes"
"145","CPN3_WMUAC2","cpn3_wmuac2",377,"Woman's MUAC CPN 3- 2nd measurement","MISAME3_WIDE","Antenatal Care 3","MUACCM",NA,"Mother",290,"yes"
"146","CPN3_WMUAC3","cpn3_wmuac3",378,"Woman's MUAC CPN 3- 3rd measurement","MISAME3_WIDE",NA,NA,NA,NA,0,"missing"
"136","CPN3_MIDWIFE","cpn3_midwife",379,"Midwife","MISAME3_WIDE",NA,NA,NA,NA,290,"missing"
"1355","SECTION_06","SECTION_06",380,"SECTION_06","MISAME3_WIDE",NA,NA,NA,NA,290,"missing"
"166","CPN4_HIGHBP","cpn4_highbp",381,"High blood pressure- CPN 4","MISAME3_WIDE","Antenatal Care 4","CETERM",NA,"Mother",255,"no"
"151","CPN4_ALBUMINE","cpn4_albumine",382,"albumine- CPN 4","MISAME3_WIDE","Antenatal Care 4","CETERM",NA,"Mother",0,"missing"
"173","CPN4_TEMPERATURE","cpn4_temperature",383,"Temperature - CPN 4","MISAME3_WIDE","Antenatal Care 4","VSSTRESN","TEMP","Mother",255,"yes"
"170","CPN4_OEDEME","cpn4_oedeme",384,"Maternal edema- CPN 4","MISAME3_WIDE","Antenatal Care 4","CETERM",NA,"Mother",255,"no"
"165","CPN4_HEMOGLOBINE","cpn4_hemoglobine",385,"Hemoglobine measured-CPN 4","MISAME3_WIDE",NA,NA,NA,NA,255,"missing"
"175","CPN4_WHB","cpn4_whb",386,"Hemoglobin concentration- CPN 4","MISAME3_WIDE","Antenatal Care 4","LBSTRESN","HGB","Mother",0,"missing"
"162","CPN4_FETALHEART","cpn4_fetalheart",387,"Fetal heartbeat- CPN 4","MISAME3_WIDE",NA,NA,NA,NA,255,"missing"
"163","CPN4_FETALHEARTFREQ","cpn4_fetalheartfreq",388,"Fetal heart beat frequency- CPN 4","MISAME3_WIDE","Antenatal Care 4","VSSTRESN","FHR","Child",251,"yes"
"164","CPN4_FETALMOUV","cpn4_fetalmouv",389,"Actif Fetal Mouvement- CPN 4","MISAME3_WIDE","Antenatal Care 4","VSSTRESN","FM","Child",255,"yes"
"172","CPN4_SP","cpn4_sp",390,"Malaria prevention- CPN 4","MISAME3_WIDE",NA,NA,NA,NA,255,"missing"
"169","CPN4_NB_SP","cpn4_nb_sp",391,"Number of times taken SP- CPN 4","MISAME3_WIDE","Antenatal Care 4","CMTRT",NA,"Mother",186,"no"
"157","CPN4_DATE_SP","cpn4_date_sp",392," Date SP taken- CPN 4","MISAME3_WIDE","Antenatal Care 4","AGEDAYS",NA,"Mother",186,"yes"
"154","CPN4_CPN_SP","cpn4_cpn_sp",393,"Received SP precious ANC- CPN 4","MISAME3_WIDE",NA,NA,NA,NA,255,"missing"
"155","CPN4_CPNACT_SP","cpn4_cpnact_sp",394,"Received SP current ANC- CPN 4","MISAME3_WIDE",NA,NA,NA,NA,255,"missing"
"150","CPN4_ALB","cpn4_alb",395,"Received deworming- CPN 4","MISAME3_WIDE","Antenatal Care 4","CMTRT",NA,"Mother",255,"no"
"156","CPN4_DATE_ALB","cpn4_date_alb",396,"Date receiving deworming- CPN 4","MISAME3_WIDE","Antenatal Care 4","AGEDAYS",NA,"Mother",0,"missing"
"152","CPN4_CAMP_ALB","cpn4_camp_alb",397,"Received deworming during campaign- CPN 4","MISAME3_WIDE",NA,NA,NA,NA,255,"missing"
"153","CPN4_CPN_ALB","cpn4_cpn_alb",398,"Received deworming at current ANC- CPN 4","MISAME3_WIDE","Antenatal Care 4","CMTRT",NA,"Mother",255,"no"
"167","CPN4_INTERVIEW__STATUS","cpn4_interview__status",399,"Status of the interview- CPN 4","MISAME3_WIDE",NA,NA,NA,NA,255,"missing"
"159","CPN4_DATECPN","cpn4_datecpn",400,"CPN date","MISAME3_WIDE","Antenatal Care 4","AGEDAYS",NA,NA,255,"yes"
"160","CPN4_DATESP","cpn4_datesp",401,"Date SP (malaria prophylaxis) taken- CPN 4","MISAME3_WIDE",NA,NA,NA,NA,186,"missing"
"158","CPN4_DATEALB","cpn4_datealb",402,"Date deworming (albendazole) taken- CPN 4","MISAME3_WIDE",NA,NA,NA,NA,0,"missing"
"174","CPN4_TIMECPN","cpn4_timecpn",403,"CPN visit time-CPN 4","MISAME3_WIDE",NA,NA,NA,NA,255,"missing"
"161","CPN4_DBP","cpn4_dbp",404,"Diatelic blood pressure- CPN 4","MISAME3_WIDE","Antenatal Care 4","VSSTRESN","DIABP","Mother",255,"yes"
"171","CPN4_SBP","cpn4_sbp",405,"Systolic blood pressure- CPN 4","MISAME3_WIDE","Antenatal Care 4","VSSTRESN","SYSBP","Mother",255,"yes"
"179","CPN4_WWEIGHT1","cpn4_wweight1",406,"Woman's weight CPN 4- 1st measurement","MISAME3_WIDE","Antenatal Care 4","WTKG",NA,"Mother",255,"yes"
"180","CPN4_WWEIGHT2","cpn4_wweight2",407,"Woman's weight CPN 4- 2nd measurement","MISAME3_WIDE","Antenatal Care 4","WTKG",NA,"Mother",255,"yes"
"181","CPN4_WWEIGHT3","cpn4_wweight3",408,"Woman's weight CPN 4- 3rd measurement","MISAME3_WIDE",NA,NA,NA,NA,0,"missing"
"176","CPN4_WMUAC1","cpn4_wmuac1",409,"Woman's MUAC CPN 4- 1st measurement","MISAME3_WIDE","Antenatal Care 4","MUACCM",NA,"Mother",255,"yes"
"177","CPN4_WMUAC2","cpn4_wmuac2",410,"Woman's MUAC CPN 4- 2nd measurement","MISAME3_WIDE","Antenatal Care 4","MUACCM",NA,"Mother",255,"yes"
"178","CPN4_WMUAC3","cpn4_wmuac3",411,"Woman's MUAC CPN 4- 3rd measurement","MISAME3_WIDE",NA,NA,NA,NA,0,"missing"
"168","CPN4_MIDWIFE","cpn4_midwife",412,"Midwife","MISAME3_WIDE",NA,NA,NA,NA,255,"missing"
"1356","SECTION_07","SECTION_07",413,"SECTION_07","MISAME3_WIDE",NA,NA,NA,NA,290,"missing"
"198","CPN5_HIGHBP","cpn5_highbp",414,"High blood pressure- CPN 5","MISAME3_WIDE","Antenatal Care 5","CETERM",NA,"Mother",0,"missing"
"183","CPN5_ALBUMINE","cpn5_albumine",415,"albumine- CPN 5","MISAME3_WIDE","Antenatal Care 5","CETERM",NA,"Mother",0,"missing"
"205","CPN5_TEMPERATURE","cpn5_temperature",416,"Temperature - CPN 5","MISAME3_WIDE","Antenatal Care 5","VSSTRESN","TEMP","Mother",0,"missing"
"202","CPN5_OEDEME","cpn5_oedeme",417,"Maternal edema- CPN 5","MISAME3_WIDE","Antenatal Care 5","CETERM",NA,"Mother",0,"missing"
"197","CPN5_HEMOGLOBINE","cpn5_hemoglobine",418,"Hemoglobine measured-CPN 5","MISAME3_WIDE",NA,NA,NA,NA,0,"missing"
"207","CPN5_WHB","cpn5_whb",419,"Hemoglobin concentration- CPN 5","MISAME3_WIDE","Antenatal Care 5","LBSTRESN","HGB","Mother",0,"missing"
"194","CPN5_FETALHEART","cpn5_fetalheart",420,"Fetal heartbeat- CPN 5","MISAME3_WIDE",NA,NA,NA,NA,0,"missing"
"195","CPN5_FETALHEARTFREQ","cpn5_fetalheartfreq",421,"Fetal heart beat frequency- CPN 5","MISAME3_WIDE","Antenatal Care 5","VSSTRESN","FHR","Child",0,"missing"
"196","CPN5_FETALMOUV","cpn5_fetalmouv",422,"Actif Fetal Mouvement- CPN 5","MISAME3_WIDE","Antenatal Care 5","VSSTRESN","FM","Child",0,"missing"
"204","CPN5_SP","cpn5_sp",423,"Malaria prevention- CPN 5","MISAME3_WIDE",NA,NA,NA,NA,0,"missing"
"201","CPN5_NB_SP","cpn5_nb_sp",424,"Number of times taken SP- CPN 5","MISAME3_WIDE","Antenatal Care 5","CMTRT",NA,"Mother",0,"missing"
"189","CPN5_DATE_SP","cpn5_date_sp",425," Date SP taken- CPN 5","MISAME3_WIDE","Antenatal Care 5","AGEDAYS",NA,"Mother",0,"missing"
"186","CPN5_CPN_SP","cpn5_cpn_sp",426,"Received SP precious ANC- CPN 5","MISAME3_WIDE",NA,NA,NA,NA,0,"missing"
"187","CPN5_CPNACT_SP","cpn5_cpnact_sp",427,"Received SP current ANC- CPN 5","MISAME3_WIDE",NA,NA,NA,NA,0,"missing"
"182","CPN5_ALB","cpn5_alb",428,"Received deworming- CPN 5","MISAME3_WIDE","Antenatal Care 5","CMTRT",NA,"Mother",0,"missing"
"188","CPN5_DATE_ALB","cpn5_date_alb",429,"Date receiving deworming- CPN 5","MISAME3_WIDE","Antenatal Care 5","AGEDAYS",NA,"Mother",0,"missing"
"184","CPN5_CAMP_ALB","cpn5_camp_alb",430,"Received deworming during campaign- CPN 5","MISAME3_WIDE",NA,NA,NA,NA,0,"missing"
"185","CPN5_CPN_ALB","cpn5_cpn_alb",431,"Received deworming at current ANC- CPN 5","MISAME3_WIDE","Antenatal Care 5","CMTRT",NA,"Mother",0,"missing"
"199","CPN5_INTERVIEW__STATUS","cpn5_interview__status",432,"Status of the interview- CPN 5","MISAME3_WIDE",NA,NA,NA,NA,0,"missing"
"191","CPN5_DATECPN","cpn5_datecpn",433,"CPN date","MISAME3_WIDE","Antenatal Care 5","AGEDAYS",NA,NA,0,"missing"
"192","CPN5_DATESP","cpn5_datesp",434,"Date SP (malaria prophylaxis) taken- CPN 5","MISAME3_WIDE",NA,NA,NA,NA,0,"missing"
"190","CPN5_DATEALB","cpn5_datealb",435,"Date deworming (albendazole) taken- CPN 5","MISAME3_WIDE",NA,NA,NA,NA,0,"missing"
"206","CPN5_TIMECPN","cpn5_timecpn",436,"CPN visit time-CPN 5","MISAME3_WIDE",NA,NA,NA,NA,0,"missing"
"193","CPN5_DBP","cpn5_dbp",437,"Diatelic blood pressure- CPN 5","MISAME3_WIDE","Antenatal Care 5","VSSTRESN","DIABP","Mother",0,"missing"
"203","CPN5_SBP","cpn5_sbp",438,"Systolic blood pressure- CPN 5","MISAME3_WIDE","Antenatal Care 5","VSSTRESN","SYSBP","Mother",0,"missing"
"211","CPN5_WWEIGHT1","cpn5_wweight1",439,"Woman's weight CPN 5- 1st measurement","MISAME3_WIDE","Antenatal Care 5","WTKG",NA,"Mother",0,"missing"
"212","CPN5_WWEIGHT2","cpn5_wweight2",440,"Woman's weight CPN 5- 2nd measurement","MISAME3_WIDE","Antenatal Care 5","WTKG",NA,"Mother",0,"missing"
"213","CPN5_WWEIGHT3","cpn5_wweight3",441,"Woman's weight CPN 5- 3rd measurement","MISAME3_WIDE",NA,NA,NA,NA,0,"missing"
"208","CPN5_WMUAC1","cpn5_wmuac1",442,"Woman's MUAC CPN 5- 1st measurement","MISAME3_WIDE","Antenatal Care 5","MUACCM",NA,"Mother",0,"missing"
"209","CPN5_WMUAC2","cpn5_wmuac2",443,"Woman's MUAC CPN 5- 2nd measurement","MISAME3_WIDE","Antenatal Care 5","MUACCM",NA,"Mother",0,"missing"
"210","CPN5_WMUAC3","cpn5_wmuac3",444,"Woman's MUAC CPN 5- 3rd measurement","MISAME3_WIDE",NA,NA,NA,NA,0,"missing"
"200","CPN5_MIDWIFE","cpn5_midwife",445,"Midwife","MISAME3_WIDE",NA,NA,NA,NA,0,"missing"
"1357","SECTION_08","SECTION_08",446,"SECTION_08","MISAME3_WIDE",NA,NA,NA,NA,290,"missing"
"261","D_DATE_ARRIVAL","d_date_arrival",447,"Date of arrival at HC","MISAME3_WIDE",NA,NA,NA,NA,289,"missing"
"268","D_HOUR_ARRIVAL","d_hour_arrival",448,"Time when mother/child arrived at HC","MISAME3_WIDE",NA,NA,NA,NA,252,"missing"
"272","D_MIDWIFE","d_midwife",449,"ID midwife","MISAME3_WIDE",NA,NA,NA,NA,290,"missing"
"286","D_WTAKEN","d_wtaken",450,"Pre-delivery weight taken","MISAME3_WIDE",NA,NA,NA,NA,288,"missing"
"283","D_WBRESP","d_wbresp",451,"Deliv before responsable","MISAME3_WIDE",NA,"DLVPSN, DLVPSNN",NA,NA,72,"yes"
"287","D_WWEIGHT_BDELIVERY","d_wweight_bdelivery",452,"Pre-delivery weight mother","MISAME3_WIDE","Delivery","WTKG",NA,"Mother",72,"yes"
"285","D_WLIQUID","d_wliquid",453,"Water or blood loss at pre-delivery","MISAME3_WIDE","Delivery","CETERM",NA,"Mother",72,"no"
"279","D_WBCHECK","d_wbcheck",454,"Check before delivery","MISAME3_WIDE",NA,NA,NA,NA,287,"missing"
"280","D_WBCHECKOTHER","d_wbcheckother",455,"Deliv before check others","MISAME3_WIDE",NA,NA,NA,NA,63,"missing"
"284","D_WBTYPE","d_wbtype",456,"Type of delivery","MISAME3_WIDE",NA,NA,NA,NA,287,"missing"
"282","D_WBINTER","d_wbinter",457,"Intervention at delivery","MISAME3_WIDE",NA,"DELIVERY, CSECTYN",NA,NA,287,"yes"
"281","D_WBDELIV","d_wbdeliv",458,"Delivery","MISAME3_WIDE",NA,NA,NA,NA,287,"missing"
"237","D_CPLACE","d_cplace",459,"Place of delivery","MISAME3_WIDE",NA,"DLVLOC, DLVLOCN",NA,NA,290,"yes"
"238","D_CPLACEREASON__1","d_cplacereason__1",460,"Reason home delivery: long distance to HC","MISAME3_WIDE",NA,NA,NA,NA,8,"missing"
"239","D_CPLACEREASON__2","d_cplacereason__2",461,"Reason home delivery: HC inaccessible","MISAME3_WIDE",NA,NA,NA,NA,8,"missing"
"240","D_CPLACEREASON__3","d_cplacereason__3",462,"Reason home delivery: precipitous labor","MISAME3_WIDE",NA,NA,NA,NA,8,"missing"
"241","D_CPLACEREASON__4","d_cplacereason__4",463,"Reason home delivery: preffered by family","MISAME3_WIDE",NA,NA,NA,NA,8,"missing"
"242","D_CPLACEREASON__88","d_cplacereason__88",464,"Reason home delivery: other reason","MISAME3_WIDE",NA,NA,NA,NA,8,"missing"
"243","D_CPLACEREASONOTHER","d_cplacereasonother",465,"Other reason for home delivery","MISAME3_WIDE",NA,NA,NA,NA,1,"missing"
"247","D_CPRESENTBIRTH__1","d_cpresentbirth__1",466,"Present at delivery: HC midwife","MISAME3_WIDE",NA,NA,NA,NA,263,"missing"
"248","D_CPRESENTBIRTH__2","d_cpresentbirth__2",467,"Present at delivery: MISAME-III project midwife","MISAME3_WIDE",NA,NA,NA,NA,263,"missing"
"249","D_CPRESENTBIRTH__88","d_cpresentbirth__88",468,"Reason home delivery: other","MISAME3_WIDE",NA,NA,NA,NA,263,"missing"
"250","D_CPRESENTBIRTHOTHER","d_cpresentbirthother",469,"Who else was present at delivery","MISAME3_WIDE",NA,NA,NA,NA,90,"missing"
"236","D_CNR","d_cnr",470,"Number of children born","MISAME3_WIDE",NA,"MULTBRTH",NA,NA,290,"yes"
"222","D_CDOB","d_cdob",471,"Date of birth","MISAME3_WIDE","Delivery","BRTHWEEK, BRTHYR, AGEDAYS, GFSTRESN","DOB","Child",290,"yes"
"253","D_CTIME","d_ctime",472,"Hour of birth","MISAME3_WIDE",NA,NA,NA,NA,287,"missing"
"215","D_CALIVE","d_calive",473,"Nr children born alive","MISAME3_WIDE",NA,"PREGOUT, PREGOUTN, STLBRTH",NA,NA,290,"yes"
"221","D_CDEATH","d_cdeath",474,"Type child dead","MISAME3_WIDE",NA,"DEAD, CAUSEDTH, STLBRTH",NA,NA,0,"missing"
"244","D_CPRESENT","d_cpresent",475,"Child measurements possible","MISAME3_WIDE",NA,NA,NA,NA,290,"missing"
"246","D_CPRESENT_REASONS","d_cpresent_reasons",476,"Reasons why mother/child not available at CSPS","MISAME3_WIDE",NA,NA,NA,NA,0,"missing"
"245","D_CPRESENT_AUTREREASON","d_cpresent_autrereason",477,"Other reason for not being able to take anthro measurements at birth","MISAME3_WIDE",NA,NA,NA,NA,0,"missing"
"223","D_CDOM","d_cdom",478,"Date measurements anthropometry","MISAME3_WIDE",NA,NA,NA,NA,290,"missing"
"228","D_CHOM","d_chom",479,"Hour measurements anthropometry","MISAME3_WIDE",NA,NA,NA,NA,290,"missing"
"252","D_CSEX","d_csex",480,"Sex of newborn","MISAME3_WIDE",NA,"SEX, SEXN",NA,NA,290,"yes"
"258","D_CWEIGHT1","d_cweight1",481,"Birth weight 1","MISAME3_WIDE","Delivery","BIRTHWT, WTKG",NA,NA,290,"yes"
"259","D_CWEIGHT2","d_cweight2",482,"Birth weight 2","MISAME3_WIDE","Delivery","BIRTHWT, WTKG",NA,NA,290,"yes"
"260","D_CWEIGHT3","d_cweight3",483,"Birth weight 3","MISAME3_WIDE","Delivery","BIRTHWT, WTKG",NA,NA,0,"missing"
"257","D_CWEIGHT_MEAN","d_cweight_mean",484,"Mean birth weight","MISAME3_WIDE",NA,NA,NA,NA,290,"missing"
"256","D_CWEIGHT_CSPS","d_cweight_csps",485,"Birth weight at delivery (CSPS)","MISAME3_WIDE",NA,NA,NA,NA,255,"missing"
"229","D_CLENGTH1","d_clength1",486,"Birth length 1","MISAME3_WIDE","Delivery","BIRTHLEN, LENCM",NA,NA,290,"yes"
"230","D_CLENGTH2","d_clength2",487,"Birth length 2","MISAME3_WIDE","Delivery","BIRTHLEN, LENCM",NA,NA,290,"yes"
"231","D_CLENGTH3","d_clength3",488,"Birth length 3","MISAME3_WIDE","Delivery","BIRTHLEN, LENCM",NA,NA,0,"missing"
"270","D_LENGTH_MEAN","d_length_mean",489,"Mean birth length","MISAME3_WIDE",NA,NA,NA,NA,290,"missing"
"233","D_CMUAC1","d_cmuac1",490,"Birth MUAC 1","MISAME3_WIDE","Delivery","MUACCM",NA,NA,290,"yes"
"234","D_CMUAC2","d_cmuac2",491,"Birth MUAC 2","MISAME3_WIDE","Delivery","MUACCM",NA,NA,290,"yes"
"235","D_CMUAC3","d_cmuac3",492,"Birth MUAC 3","MISAME3_WIDE","Delivery","MUACCM",NA,NA,1,"missing"
"232","D_CMUAC_MEAN","d_cmuac_mean",493,"Mean birth muac","MISAME3_WIDE",NA,NA,NA,NA,290,"missing"
"225","D_CHC1","d_chc1",494,"Birth head circumference 1","MISAME3_WIDE","Delivery","BIRTHHC, HCIRCM",NA,NA,290,"yes"
"226","D_CHC2","d_chc2",495,"Birth head circumference 2","MISAME3_WIDE","Delivery","BIRTHHC, HCIRCM",NA,NA,290,"yes"
"227","D_CHC3","d_chc3",496,"Birth head circumference 3","MISAME3_WIDE","Delivery","BIRTHHC, HCIRCM",NA,NA,0,"missing"
"224","D_CHC_MEAN","d_chc_mean",497,"Mean birth head circumference","MISAME3_WIDE",NA,NA,NA,NA,290,"missing"
"217","D_CCC1","d_ccc1",498,"Birth chest circumference 1","MISAME3_WIDE","Delivery","CHCIRCM",NA,NA,290,"yes"
"218","D_CCC2","d_ccc2",499,"Birth chest circumference 2","MISAME3_WIDE","Delivery","CHCIRCM",NA,NA,290,"yes"
"219","D_CCC3","d_ccc3",500,"Birth chest circumference 3","MISAME3_WIDE",NA,NA,NA,NA,0,"missing"
"216","D_CCC_MEAN","d_ccc_mean",501,"Mean birth chest circumference","MISAME3_WIDE",NA,NA,NA,NA,290,"missing"
"251","D_CROHRER","d_crohrer",502,"Ponderal index, gm/cm3","MISAME3_WIDE","Delivery","PI",NA,NA,290,"yes"
"267","D_GABIRTH_WK","d_gabirth_wk",503,"GA at birth , wk","MISAME3_WIDE",NA,NA,NA,NA,290,"missing"
"264","D_GABIRTH_D","d_gabirth_d",504,"GA at birth, days","MISAME3_WIDE",NA,"GAGEBRTH, GAGERW",NA,NA,290,"yes"
"265","D_GABIRTH_LMP_D","d_gabirth_lmp_d",505,"GA at birth based on LMP , days","MISAME3_WIDE",NA,"GAGEBRTH, GAGELMP",NA,NA,290,"yes"
"266","D_GABIRTH_LMP_WK","d_gabirth_lmp_wk",506,"GA at birth based on LMP , wk","MISAME3_WIDE",NA,NA,NA,NA,290,"missing"
"276","D_SGA","d_sga",507,"Small-for-gestational age","MISAME3_WIDE",NA,NA,NA,NA,290,"missing"
"271","D_LGA","d_lga",508,"Large-for-gestational age","MISAME3_WIDE",NA,NA,NA,NA,290,"missing"
"269","D_LBW","d_lbw",509,"Low Birth Weight (<2,5kg)","MISAME3_WIDE","Delivery","CETERM",NA,"Child",290,"no"
"273","D_PRETERM","d_preterm",510,"Preterm delivery (<37wk)","MISAME3_WIDE","Delivery","CETERM",NA,"Child",290,"no"
"274","D_PRETERM_LMP","d_preterm_lmp",511,"Preterm delivery (<37wk) using LMP","MISAME3_WIDE","Delivery","CETERM",NA,"Child",290,"no"
"214","D_APGAR1","d_apgar1",512,"Apgar score at delivery(1 min)","MISAME3_WIDE",NA,"APGAR1",NA,NA,284,"yes"
"263","D_FETALDEATH22W","d_fetaldeath22w",513,"Fetal death before 22 weeks of gestation","MISAME3_WIDE",NA,NA,NA,NA,290,"missing"
"262","D_FETALDEATH22_28W","d_fetaldeath22_28w",514,"Fetal death between 22-28 weeks of gestation","MISAME3_WIDE",NA,NA,NA,NA,290,"missing"
"277","D_STILLBIRTH_28W","d_stillbirth_28w",515,"Fetal death after 28 weeks of gestation","MISAME3_WIDE",NA,NA,NA,NA,290,"missing"
"275","D_SAE_CAT","d_sae_cat",516,"SAE category","MISAME3_WIDE",NA,"PREGOUT, PREGOUTN, DEAD, CAUSEDTH, STLBRTH, MSCR",NA,NA,0,"missing"
"220","D_CCOLOSTRUM1H","d_ccolostrum1h",517,"Colostrum within 1 hour","MISAME3_WIDE","Delivery","GFSTRESN, GFSTRESC, BFEDFL","COLOFEED","Child",290,"yes"
"254","D_CTWINCOLOR","d_ctwincolor",518,"Color of bracelot in case of twins","MISAME3_WIDE",NA,NA,NA,NA,0,"missing"
"255","D_CTWINCOLOROTHER","d_ctwincolorother",519,"Ohter color bracelet - in case of twins","MISAME3_WIDE",NA,NA,NA,NA,0,"missing"
"278","D_TWIN","d_twin",520,"Twin delivery","MISAME3_WIDE",NA,"MULTBRTH",NA,NA,290,"yes"
"1358","SECTION_09","SECTION_09",521,"SECTION_09","MISAME3_WIDE",NA,NA,NA,NA,289,"missing"
"413","GWG_GWG","gwg_gwg",522,"Gestational weight gain","MISAME3_WIDE",NA,NA,NA,NA,289,"missing"
"412","GWG_DURATION","gwg_duration",523,"Duration of gestational weight gain","MISAME3_WIDE",NA,NA,NA,NA,289,"missing"
"414","GWG_RATE","gwg_rate",524,"Rate of gestational weight gain","MISAME3_WIDE",NA,NA,NA,NA,289,"missing"
"408","GWG_ADEQUACY","gwg_adequacy",525,"Adequacy of gestational weight gain","MISAME3_WIDE",NA,NA,NA,NA,289,"missing"
"410","GWG_ADEQUACY_70","gwg_adequacy_70",526,"Inadequate GWG (<70%)","MISAME3_WIDE",NA,NA,NA,NA,289,"missing"
"411","GWG_ADEQUACY_90","gwg_adequacy_90",527,"Inadequate GWG (<90%)","MISAME3_WIDE",NA,NA,NA,NA,289,"missing"
"409","GWG_ADEQUACY_125","gwg_adequacy_125",528,"Excessive GWG (125%)","MISAME3_WIDE",NA,NA,NA,NA,289,"missing"
"1359","SECTION_10","SECTION_10",529,"SECTION_10","MISAME3_WIDE",NA,NA,NA,NA,1,"missing"
"299","DR_ENUMERATOR","dr_enumerator",530,"enumerator ID 24hrecall","MISAME3_WIDE",NA,NA,NA,NA,1,"missing"
"295","DR_DATE","dr_date",531,"Date of recall interview","MISAME3_WIDE","24H Diet Recall","AGEDAYS",NA,NA,1,"missing"
"296","DR_DAYWEEK","dr_dayweek",532,"What was the day of the week yesterday?","MISAME3_WIDE",NA,NA,NA,NA,1,"missing"
"293","DR_COMMONDISH","dr_commondish",533,"Yesterday, did you eat food from the common dish?","MISAME3_WIDE",NA,NA,NA,NA,1,"missing"
"371","DR_QUANTITY","dr_quantity",534,"Yesterday, how did you eat in terms of quantity?","MISAME3_WIDE",NA,NA,NA,NA,1,"missing"
"370","DR_QUALITY","dr_quality",535,"Yesterday, how did you eat in terms of variety of food?","MISAME3_WIDE",NA,NA,NA,NA,1,"missing"
"300","DR_FASTING","dr_fasting",536,"Yesterday, did you fast?","MISAME3_WIDE",NA,NA,NA,NA,1,"missing"
"395","DR_WHY_FASTING","dr_why_fasting",537,"Why did you fast yesterday?","MISAME3_WIDE",NA,NA,NA,NA,0,"missing"
"396","DR_WHY_FASTING_OTHER","dr_why_fasting_other",538,"fasting other reason","MISAME3_WIDE",NA,NA,NA,NA,0,"missing"
"378","DR_SUPL_MISAME","dr_supl_misame",539,"Visit of FA?","MISAME3_WIDE",NA,NA,NA,NA,1,"missing"
"379","DR_SUPL_OTHER","dr_supl_other",540,"Prenez-vous d'autres suppléments","MISAME3_WIDE",NA,NA,NA,NA,1,"missing"
"380","DR_SUPL_OTHER_O","dr_supl_other_o",541,"Quels autres suppléments?","MISAME3_WIDE",NA,NA,NA,NA,0,"missing"
"394","DR_WHICH_SUPPL_SPEC","dr_which_suppl_spec",542,"Specifiez quel supplement alimentaire","MISAME3_WIDE",NA,NA,NA,NA,0,"missing"
"381","DR_SUPL_QUANT","dr_supl_quant",543,"BEP intake","MISAME3_WIDE",NA,NA,NA,NA,0,"missing"
"382","DR_SUPL_REFUSE","dr_supl_refuse",544,"Pourquoi la femme n'a-t-elle pas pris l'alicament hier?","MISAME3_WIDE",NA,NA,NA,NA,0,"missing"
"383","DR_SUPL_REFUSE_OTHER","dr_supl_refuse_other",545,"Ohter reason for refusal ASPE","MISAME3_WIDE",NA,NA,NA,NA,0,"missing"
"375","DR_SUPL_IFA","dr_supl_ifa",546,"IFA intake","MISAME3_WIDE",NA,"FACID",NA,NA,1,"missing"
"376","DR_SUPL_IFA_REFUSE","dr_supl_ifa_refuse",547,"Pourquoi la femme n'a-t-elle pas pris le comprimé fer-acide folique hier?","MISAME3_WIDE",NA,NA,NA,NA,0,"missing"
"377","DR_SUPL_IFA_REFUSE_OTHER","dr_supl_ifa_refuse_other",548,"Other refusal IFA","MISAME3_WIDE",NA,NA,NA,NA,0,"missing"
"294","DR_CURRENTGA_W","dr_currentga_w",549,"Gestational age during 24HR","MISAME3_WIDE","24H Diet Recall","GAGEDAYS",NA,NA,0,"missing"
"303","DR_FOOD_GROUP1","dr_food_group1",550,"Grains, white roots, tubers, and planta","MISAME3_WIDE","24H Diet Recall","GFSTRESC, GFSTRESN","GRAINS","Mother",1,"missing"
"313","DR_FOOD_GROUP2","dr_food_group2",551,"Pulses (beans, peas, lentils)","MISAME3_WIDE","24H Diet Recall","GFSTRESC, GFSTRESN","PULSES","Mother",1,"missing"
"314","DR_FOOD_GROUP3","dr_food_group3",552,"Nuts and seeds","MISAME3_WIDE","24H Diet Recall","GFSTRESC, GFSTRESN","NUTSSEED","Mother",1,"missing"
"315","DR_FOOD_GROUP4","dr_food_group4",553,"Dairy","MISAME3_WIDE","24H Diet Recall","GFSTRESC, GFSTRESN","DAIRY","Mother",1,"missing"
"316","DR_FOOD_GROUP5","dr_food_group5",554,"Meat, poultry and fish","MISAME3_WIDE","24H Diet Recall","GFSTRESC, GFSTRESN","MEAT","Mother",1,"missing"
"317","DR_FOOD_GROUP6","dr_food_group6",555,"Eggs","MISAME3_WIDE","24H Diet Recall","GFSTRESC, GFSTRESN","EGG","Mother",1,"missing"
"318","DR_FOOD_GROUP7","dr_food_group7",556,"Dark green leafy vegetables","MISAME3_WIDE","24H Diet Recall","GFSTRESC, GFSTRESN","VEG_LEAF","Mother",1,"missing"
"319","DR_FOOD_GROUP8","dr_food_group8",557,"Other vitamin A-rich fruits and veg","MISAME3_WIDE","24H Diet Recall","GFSTRESC, GFSTRESN","VITAFRVG","Mother",1,"missing"
"320","DR_FOOD_GROUP9","dr_food_group9",558,"Other vegetables","MISAME3_WIDE","24H Diet Recall","GFSTRESC, GFSTRESN","VEGOTH","Mother",1,"missing"
"304","DR_FOOD_GROUP10","dr_food_group10",559,"Other fruits","MISAME3_WIDE","24H Diet Recall","GFSTRESC, GFSTRESN","FRUITOTH","Mother",1,"missing"
"305","DR_FOOD_GROUP11","dr_food_group11",560,"Insects and other small protein","MISAME3_WIDE","24H Diet Recall","GFSTRESC, GFSTRESN","INSECTS","Mother",1,"missing"
"306","DR_FOOD_GROUP12","dr_food_group12",561,"Red palm oil","MISAME3_WIDE","24H Diet Recall","GFSTRESC, GFSTRESN","REDPALM","Mother",1,"missing"
"307","DR_FOOD_GROUP13","dr_food_group13",562,"Other oils and fats","MISAME3_WIDE","24H Diet Recall","GFSTRESC, GFSTRESN","FATSOILS","Mother",1,"missing"
"308","DR_FOOD_GROUP14","dr_food_group14",563,"Savoury and fried snacks","MISAME3_WIDE","24H Diet Recall","GFSTRESC, GFSTRESN","SNACKFRD","Mother",1,"missing"
"309","DR_FOOD_GROUP15","dr_food_group15",564,"Sweets","MISAME3_WIDE","24H Diet Recall","GFSTRESC, GFSTRESN","SWEETS","Mother",1,"missing"
"310","DR_FOOD_GROUP16","dr_food_group16",565,"Sugar-sweetened beverages","MISAME3_WIDE","24H Diet Recall","GFSTRESC, GFSTRESN","SUGDRINK","Mother",1,"missing"
"311","DR_FOOD_GROUP17","dr_food_group17",566,"Condiments and seasonings","MISAME3_WIDE","24H Diet Recall","GFSTRESC, GFSTRESN","CONDMNT","Mother",1,"missing"
"312","DR_FOOD_GROUP18","dr_food_group18",567,"Other beverages and foods","MISAME3_WIDE","24H Diet Recall","GFSTRESC, GFSTRESN","LIQUIDO","Mother",1,"missing"
"298","DR_ENERGY_DIET","dr_energy_diet",568,"Energy intake from base diet (kcal)","MISAME3_WIDE","24H Diet Recall","NTSTRESN","ENERGY","Mother",1,"missing"
"368","DR_PROTEIN_DIET","dr_protein_diet",569,"Protein intake from base diet (g)","MISAME3_WIDE","24H Diet Recall","NTSTRESN","PROT","Mother",1,"missing"
"323","DR_LIPID_DIET","dr_lipid_diet",570,"Lipid intake from base diet (g)","MISAME3_WIDE","24H Diet Recall","NTSTRESN","LIPID","Mother",1,"missing"
"291","DR_CHO_DIET","dr_CHO_diet",571,"CHO intake from base diet (g)","MISAME3_WIDE","24H Diet Recall","NTSTRESN","CARB","Mother",1,"missing"
"289","DR_CALCIUM_DIET","dr_calcium_diet",572,"Ca intake from base diet (mg)","MISAME3_WIDE","24H Diet Recall","NTSTRESN","CA","Mother",1,"missing"
"321","DR_IRON_DIET","dr_iron_diet",573,"Fe intake from base diet (mg)","MISAME3_WIDE","24H Diet Recall","NTSTRESN","FE","Mother",1,"missing"
"397","DR_ZINC_DIET","dr_zinc_diet",574,"Zn intake from base diet (mg)","MISAME3_WIDE","24H Diet Recall","NTSTRESN","ZN","Mother",1,"missing"
"386","DR_VIT_A_DIET","dr_vit_a_diet",575,"Vit A intake from base diet (RAE- mcg)","MISAME3_WIDE","24H Diet Recall","NTSTRESN","VITA","Mother",1,"missing"
"372","DR_RETINOL_DIET","dr_retinol_diet",576,"Retinol intake from base diet (mcg)","MISAME3_WIDE",NA,NA,NA,NA,1,"missing"
"288","DR_BETA_CAROT_DIET","dr_beta_carot_diet",577,"Beta-carotein intake from base diet (mcg)","MISAME3_WIDE",NA,NA,NA,NA,1,"missing"
"384","DR_THIAMIN_DIET","dr_thiamin_diet",578,"Thiamin intake from base diet (mg)","MISAME3_WIDE","24H Diet Recall","NTSTRESN","VITB1","Mother",1,"missing"
"373","DR_RIBOFLAVIN_DIET","dr_riboflavin_diet",579,"Riboflavin intake from base diet (mg)","MISAME3_WIDE","24H Diet Recall","NTSTRESN","VITB2","Mother",1,"missing"
"360","DR_NIACIN_DIET","dr_niacin_diet",580,"Niacin intake from base diet (mg)","MISAME3_WIDE","24H Diet Recall","NTSTRESN","VITB3","Mother",1,"missing"
"390","DR_VIT_B6_DIET","dr_vit_b6_diet",581,"Vit B6 intake from base diet (mg)","MISAME3_WIDE","24H Diet Recall","NTSTRESN","VITB6","Mother",1,"missing"
"301","DR_FOLATE_DIET","dr_folate_diet",582,"Folate intake from base diet (mcg)","MISAME3_WIDE","24H Diet Recall","NTSTRESN","VITB9","Mother",1,"missing"
"388","DR_VIT_B12_DIET","dr_vit_b12_diet",583,"Vit B12 intake from base diet (mcg)","MISAME3_WIDE","24H Diet Recall","NTSTRESN","VITB12","Mother",1,"missing"
"392","DR_VIT_C_DIET","dr_vit_c_diet",584,"Vit C intake from base diet (mg)","MISAME3_WIDE","24H Diet Recall","NTSTRESN","VITC","Mother",1,"missing"
"364","DR_PERC_LIPIDS_DIET","dr_perc_lipids_diet",585,"%Energy from lipids in base diet","MISAME3_WIDE","24H Diet Recall","NTSTRESN","ENGYLIP","Mother",1,"missing"
"362","DR_PERC_CARB_DIET","dr_perc_carb_diet",586,"%Energy from CHO in base diet","MISAME3_WIDE","24H Diet Recall","NTSTRESN","ENGYCHO","Mother",1,"missing"
"366","DR_PERC_PROTEIN_DIET","dr_perc_protein_diet",587,"%Energy from protein in base diet","MISAME3_WIDE","24H Diet Recall","NTSTRESN","ENGYPROT","Mother",1,"missing"
"342","DR_NAR_PROTEIN","dr_nar_protein",588,"Nutrient adequacy ratio (NAR) of base diet","MISAME3_WIDE","24H Diet Recall","NTSTRESN","NARPROT","Mother",1,"missing"
"328","DR_NAR_CHO","dr_nar_cho",589,"NAR of base diet","MISAME3_WIDE","24H Diet Recall","NTSTRESN","NARCHO","Mother",1,"missing"
"326","DR_NAR_CALCIUM_DIET","dr_nar_calcium_diet",590,"NAR of base diet","MISAME3_WIDE","24H Diet Recall","NTSTRESN","NARCA","Mother",1,"missing"
"338","DR_NAR_IRON_DIET","dr_nar_iron_diet",591,"NAR of base diet","MISAME3_WIDE","24H Diet Recall","NTSTRESN","NARFE","Mother",1,"missing"
"336","DR_NAR_IRON_BIO5_DIET","dr_nar_iron_bio5_diet",592,"NAR of base diet (5% bioavailability)","MISAME3_WIDE","24H Diet Recall","NTSTRESN","NARFEB05","Mother",1,"missing"
"332","DR_NAR_IRON_BIO10_DIET","dr_nar_iron_bio10_diet",593,"NAR of base diet (10% bioavailability)","MISAME3_WIDE","24H Diet Recall","NTSTRESN","NARFEB10","Mother",1,"missing"
"334","DR_NAR_IRON_BIO16_DIET","dr_nar_iron_bio16_diet",594,"NAR of base diet (16% bioavailability)","MISAME3_WIDE","24H Diet Recall","NTSTRESN","NARFEB16","Mother",1,"missing"
"358","DR_NAR_ZINC_DIET","dr_nar_zinc_diet",595,"NAR of base diet","MISAME3_WIDE","24H Diet Recall","NTSTRESN","NARZN","Mother",1,"missing"
"356","DR_NAR_ZINC_BIO25_DIET","dr_nar_zinc_bio25_diet",596,"NAR of base diet (25% bioavailability)","MISAME3_WIDE","24H Diet Recall","NTSTRESN","NARZNB25","Mother",1,"missing"
"348","DR_NAR_VITA_DIET","dr_nar_vita_diet",597,"NAR of base diet","MISAME3_WIDE","24H Diet Recall","NTSTRESN","NARVITA","Mother",1,"missing"
"346","DR_NAR_THIAMIN_DIET","dr_nar_thiamin_diet",598,"NAR of base diet","MISAME3_WIDE","24H Diet Recall","NTSTRESN","NARVITB1","Mother",1,"missing"
"344","DR_NAR_RIBOFLAVIN_DIET","dr_nar_riboflavin_diet",599,"NAR of base diet","MISAME3_WIDE","24H Diet Recall","NTSTRESN","NARVITB2","Mother",1,"missing"
"340","DR_NAR_NIACIN_DIET","dr_nar_niacin_diet",600,"NAR of base diet","MISAME3_WIDE","24H Diet Recall","NTSTRESN","NARVITB3","Mother",1,"missing"
"352","DR_NAR_VITB6_DIET","dr_nar_vitb6_diet",601,"NAR of base diet","MISAME3_WIDE","24H Diet Recall","NTSTRESN","NARVITB6","Mother",1,"missing"
"330","DR_NAR_FOLATE_DIET","dr_nar_folate_diet",602,"NAR of base diet","MISAME3_WIDE","24H Diet Recall","NTSTRESN","NARVITB9","Mother",1,"missing"
"350","DR_NAR_VITB12_DIET","dr_nar_vitb12_diet",603,"NAR of base diet","MISAME3_WIDE","24H Diet Recall","NTSTRESN","NARVTB12","Mother",1,"missing"
"354","DR_NAR_VITC_DIET","dr_nar_vitc_diet",604,"NAR of base diet","MISAME3_WIDE","24H Diet Recall","NTSTRESN","NARVITC","Mother",1,"missing"
"325","DR_MAR_DIET","dr_mar_diet",605,"Mean adequacy ratio of base diet","MISAME3_WIDE","24H Diet Recall","NTSTRESN","MAR","Mother",1,"missing"
"297","DR_ENERG_TOTAL","dr_energ_total",606,"Energy intake from diet & supplement (kcal)","MISAME3_WIDE","24H Diet Recall","NTSTRESN","ENERGY","Mother",1,"missing"
"369","DR_PROTEIN_TOTAL","dr_protein_total",607,"Protein intake from diet & supplement (g)","MISAME3_WIDE","24H Diet Recall","NTSTRESN","PROT","Mother",1,"missing"
"324","DR_LIPID_TOTAL","dr_lipid_total",608,"Lipid intake from  diet & supplement (g)","MISAME3_WIDE","24H Diet Recall","NTSTRESN","LIPID","Mother",1,"missing"
"292","DR_CHO_TOTAL","dr_cho_total",609,"CHO intake from diet & supplement (g)","MISAME3_WIDE","24H Diet Recall","NTSTRESN","CARB","Mother",1,"missing"
"290","DR_CALCIUM_TOTAL","dr_calcium_total",610,"Ca intake from diet & supplement (mg)","MISAME3_WIDE","24H Diet Recall","NTSTRESN","CA","Mother",1,"missing"
"322","DR_IRON_TOTAL","dr_iron_total",611,"Fe intake from diet & supplement (mg)","MISAME3_WIDE","24H Diet Recall","NTSTRESN","FE","Mother",1,"missing"
"398","DR_ZINC_TOTAL","dr_zinc_total",612,"Zn intake from diet & supplement (mg)","MISAME3_WIDE","24H Diet Recall","NTSTRESN","ZN","Mother",1,"missing"
"387","DR_VIT_A_TOTAL","dr_vit_a_total",613,"Vit A intake from diet & supplement (RAE- mcg)","MISAME3_WIDE","24H Diet Recall","NTSTRESN","VITA","Mother",1,"missing"
"385","DR_THIAMIN_TOTAL","dr_thiamin_total",614,"Thiamin intake from diet & supplement (mg)","MISAME3_WIDE","24H Diet Recall","NTSTRESN","VITB1","Mother",1,"missing"
"374","DR_RIBOFLAVIN_TOTAL","dr_riboflavin_total",615,"Riboflavin intake from diet & supplement (mg)","MISAME3_WIDE","24H Diet Recall","NTSTRESN","VITB2","Mother",1,"missing"
"361","DR_NIACIN_TOTAL","dr_niacin_total",616,"Niacin intake from diet & supplement (mg)","MISAME3_WIDE","24H Diet Recall","NTSTRESN","VITB3","Mother",1,"missing"
"391","DR_VIT_B6_TOTAL","dr_vit_b6_total",617,"Vit B6 intake from diet & supplement (mg)","MISAME3_WIDE","24H Diet Recall","NTSTRESN","VITB6","Mother",1,"missing"
"302","DR_FOLATE_TOTAL","dr_folate_total",618,"Folate intake from diet & supplement (mcg)","MISAME3_WIDE","24H Diet Recall","NTSTRESN","VITB9","Mother",1,"missing"
"389","DR_VIT_B12_TOTAL","dr_vit_b12_total",619,"Vit B12 intake from diet & supplement (mcg)","MISAME3_WIDE","24H Diet Recall","NTSTRESN","VITB12","Mother",1,"missing"
"393","DR_VIT_C_TOTAL","dr_vit_c_total",620,"Vit C intake from diet & supplement (mg)","MISAME3_WIDE","24H Diet Recall","NTSTRESN","VITC","Mother",1,"missing"
"365","DR_PERC_LIPIDS_TOTAL","dr_perc_lipids_total",621,"%Energy from lipids in diet & supplement","MISAME3_WIDE","24H Diet Recall","NTSTRESN","ENGYLIP","Mother",1,"missing"
"363","DR_PERC_CHO_TOTAL","dr_perc_cho_total",622,"%Energy from CHO in diet & supplement","MISAME3_WIDE","24H Diet Recall","NTSTRESN","ENGYCHO","Mother",1,"missing"
"367","DR_PERC_PROTEIN_TOTAL","dr_perc_protein_total",623,"%Energy from protein in diet & supplement","MISAME3_WIDE","24H Diet Recall","NTSTRESN","ENGYPROT","Mother",1,"missing"
"343","DR_NAR_PROTEIN_TOT","dr_nar_protein_tot",624,"Nutrient adequacy ratio (NAR) of diet & supplement","MISAME3_WIDE","24H Diet Recall","NTSTRESN","NARPROT","Mother",1,"missing"
"329","DR_NAR_CHO_TOT","dr_nar_cho_tot",625,"NAR of diet & supplement","MISAME3_WIDE","24H Diet Recall","NTSTRESN","NARCHO","Mother",1,"missing"
"327","DR_NAR_CALCIUM_TOT","dr_nar_calcium_tot",626,"NAR diet & supplement","MISAME3_WIDE","24H Diet Recall","NTSTRESN","NARCA","Mother",1,"missing"
"339","DR_NAR_IRON_TOT","dr_nar_iron_tot",627,"NAR of diet & supplement","MISAME3_WIDE","24H Diet Recall","NTSTRESN","NARFE","Mother",1,"missing"
"337","DR_NAR_IRON_BIO5_TOT","dr_nar_iron_bio5_tot",628,"NAR of diet & supplement (5% bioavailability)","MISAME3_WIDE","24H Diet Recall","NTSTRESN","NARFEB05","Mother",1,"missing"
"333","DR_NAR_IRON_BIO10_TOT","dr_nar_iron_bio10_tot",629,"NAR of diet & supplement (10% bioavailability)","MISAME3_WIDE","24H Diet Recall","NTSTRESN","NARFEB10","Mother",1,"missing"
"335","DR_NAR_IRON_BIO16_TOT","dr_nar_iron_bio16_tot",630,"NAR of diet & supplement (16% bioavailability)","MISAME3_WIDE","24H Diet Recall","NTSTRESN","NARFEB16","Mother",1,"missing"
"359","DR_NAR_ZINC_TOT","dr_nar_zinc_tot",631,"NAR of diet & supplement","MISAME3_WIDE","24H Diet Recall","NTSTRESN","NARZN","Mother",1,"missing"
"357","DR_NAR_ZINC_BIO25_TOT","dr_nar_zinc_bio25_tot",632,"NAR of diet & supplement (25% bioavailability)","MISAME3_WIDE","24H Diet Recall","NTSTRESN","NARZNB25","Mother",1,"missing"
"349","DR_NAR_VITA_TOT","dr_nar_vita_tot",633,"NAR of diet & supplement","MISAME3_WIDE","24H Diet Recall","NTSTRESN","NARVITA","Mother",1,"missing"
"347","DR_NAR_THIAMIN_TOT","dr_nar_thiamin_tot",634,"NAR of diet & supplement","MISAME3_WIDE","24H Diet Recall","NTSTRESN","NARVITB1","Mother",1,"missing"
"345","DR_NAR_RIBOFLAVIN_TOT","dr_nar_riboflavin_tot",635,"NAR of diet & supplement","MISAME3_WIDE","24H Diet Recall","NTSTRESN","NARVITB2","Mother",1,"missing"
"341","DR_NAR_NIACIN_TOT","dr_nar_niacin_tot",636,"NAR of diet & supplement","MISAME3_WIDE","24H Diet Recall","NTSTRESN","NARVITB3","Mother",1,"missing"
"353","DR_NAR_VITB6_TOT","dr_nar_vitb6_tot",637,"NAR of diet & supplement","MISAME3_WIDE","24H Diet Recall","NTSTRESN","NARVITB6","Mother",1,"missing"
"331","DR_NAR_FOLATE_TOT","dr_nar_folate_tot",638,"NAR of diet & supplement","MISAME3_WIDE","24H Diet Recall","NTSTRESN","NARVITB9","Mother",1,"missing"
"351","DR_NAR_VITB12_TOT","dr_nar_vitb12_tot",639,"NAR of diet & supplement","MISAME3_WIDE","24H Diet Recall","NTSTRESN","NARVTB12","Mother",1,"missing"
"355","DR_NAR_VITC_TOT","dr_nar_vitc_tot",640,"NAR of diet & supplement","MISAME3_WIDE","24H Diet Recall","NTSTRESN","NARVITC","Mother",1,"missing"
"1360","SECTION_11","SECTION_11",641,"SECTION_11","MISAME3_WIDE",NA,NA,NA,NA,289,"missing"
"872","PN_DATE_1","pn_date_1",642,"Date of assessment","MISAME3_WIDE","Post Natal FU M01","AGEDAYS",NA,NA,275,"yes"
"874","PN_DATE_2","pn_date_2",643,"Date of assessment","MISAME3_WIDE","Post Natal FU M02","AGEDAYS",NA,NA,276,"yes"
"875","PN_DATE_3","pn_date_3",644,"Date of assessment","MISAME3_WIDE","Post Natal FU M03","AGEDAYS",NA,NA,265,"yes"
"876","PN_DATE_4","pn_date_4",645,"Date of assessment","MISAME3_WIDE","Post Natal FU M04","AGEDAYS",NA,NA,279,"yes"
"877","PN_DATE_5","pn_date_5",646,"Date of assessment","MISAME3_WIDE","Post Natal FU M05","AGEDAYS",NA,NA,267,"yes"
"878","PN_DATE_6","pn_date_6",647,"Date of assessment","MISAME3_WIDE","Post Natal FU M06","AGEDAYS",NA,NA,275,"yes"
"879","PN_DATE_9","pn_date_9",648,"Date of assessment","MISAME3_WIDE","Post Natal FU M09","AGEDAYS",NA,NA,169,"yes"
"873","PN_DATE_12","pn_date_12",649,"Date of assessment","MISAME3_WIDE","Post Natal FU M12","AGEDAYS",NA,NA,0,"missing"
"650","PN_CAGE_1","pn_cage_1",650,"Age infant","MISAME3_WIDE","Post Natal FU M01","AGEDAYS",NA,NA,275,"yes"
"652","PN_CAGE_2","pn_cage_2",651,"Age infant","MISAME3_WIDE","Post Natal FU M02","AGEDAYS",NA,NA,276,"yes"
"653","PN_CAGE_3","pn_cage_3",652,"Age infant","MISAME3_WIDE","Post Natal FU M03","AGEDAYS",NA,NA,265,"yes"
"654","PN_CAGE_4","pn_cage_4",653,"Age infant","MISAME3_WIDE","Post Natal FU M04","AGEDAYS",NA,NA,279,"yes"
"655","PN_CAGE_5","pn_cage_5",654,"Age infant","MISAME3_WIDE","Post Natal FU M05","AGEDAYS",NA,NA,267,"yes"
"656","PN_CAGE_6","pn_cage_6",655,"Age infant","MISAME3_WIDE","Post Natal FU M06","AGEDAYS",NA,NA,275,"yes"
"657","PN_CAGE_9","pn_cage_9",656,"Age infant","MISAME3_WIDE","Post Natal FU M09","AGEDAYS",NA,NA,169,"yes"
"651","PN_CAGE_12","pn_cage_12",657,"Age infant","MISAME3_WIDE","Post Natal FU M12","AGEDAYS",NA,NA,0,"missing"
"1327","PN_WWEIGHT1_1","pn_wweight1_1",658,"Woman weight_1","MISAME3_WIDE","Post Natal FU M01","WTKG",NA,"Mother",275,"yes"
"1329","PN_WWEIGHT1_2","pn_wweight1_2",659,"Woman weight_1","MISAME3_WIDE","Post Natal FU M02","WTKG",NA,"Mother",276,"yes"
"1330","PN_WWEIGHT1_3","pn_wweight1_3",660,"Woman weight_1","MISAME3_WIDE","Post Natal FU M03","WTKG",NA,"Mother",265,"yes"
"1331","PN_WWEIGHT1_4","pn_wweight1_4",661,"Woman weight_1","MISAME3_WIDE","Post Natal FU M04","WTKG",NA,"Mother",279,"yes"
"1332","PN_WWEIGHT1_5","pn_wweight1_5",662,"Woman weight_1","MISAME3_WIDE","Post Natal FU M05","WTKG",NA,"Mother",267,"yes"
"1333","PN_WWEIGHT1_6","pn_wweight1_6",663,"Woman weight_1","MISAME3_WIDE","Post Natal FU M06","WTKG",NA,"Mother",275,"yes"
"1334","PN_WWEIGHT1_9","pn_wweight1_9",664,"Woman weight_1","MISAME3_WIDE","Post Natal FU M09","WTKG",NA,"Mother",130,"yes"
"1328","PN_WWEIGHT1_12","pn_wweight1_12",665,"Woman weight_1","MISAME3_WIDE","Post Natal FU M12","WTKG",NA,"Mother",0,"missing"
"1335","PN_WWEIGHT2_1","pn_wweight2_1",666,"Woman weight_2","MISAME3_WIDE","Post Natal FU M01","WTKG",NA,"Mother",275,"yes"
"1337","PN_WWEIGHT2_2","pn_wweight2_2",667,"Woman weight_2","MISAME3_WIDE","Post Natal FU M02","WTKG",NA,"Mother",276,"yes"
"1338","PN_WWEIGHT2_3","pn_wweight2_3",668,"Woman weight_2","MISAME3_WIDE","Post Natal FU M03","WTKG",NA,"Mother",265,"yes"
"1339","PN_WWEIGHT2_4","pn_wweight2_4",669,"Woman weight_2","MISAME3_WIDE","Post Natal FU M04","WTKG",NA,"Mother",279,"yes"
"1340","PN_WWEIGHT2_5","pn_wweight2_5",670,"Woman weight_2","MISAME3_WIDE","Post Natal FU M05","WTKG",NA,"Mother",267,"yes"
"1341","PN_WWEIGHT2_6","pn_wweight2_6",671,"Woman weight_2","MISAME3_WIDE","Post Natal FU M06","WTKG",NA,"Mother",275,"yes"
"1342","PN_WWEIGHT2_9","pn_wweight2_9",672,"Woman weight_2","MISAME3_WIDE","Post Natal FU M09","WTKG",NA,"Mother",130,"yes"
"1336","PN_WWEIGHT2_12","pn_wweight2_12",673,"Woman weight_2","MISAME3_WIDE","Post Natal FU M12","WTKG",NA,"Mother",0,"missing"
"1343","PN_WWEIGHT3_1","pn_wweight3_1",674,"Woman weight_3","MISAME3_WIDE","Post Natal FU M01","WTKG",NA,"Mother",0,"missing"
"1345","PN_WWEIGHT3_2","pn_wweight3_2",675,"Woman weight_3","MISAME3_WIDE","Post Natal FU M02","WTKG",NA,"Mother",0,"missing"
"1346","PN_WWEIGHT3_3","pn_wweight3_3",676,"Woman weight_3","MISAME3_WIDE","Post Natal FU M03","WTKG",NA,"Mother",0,"missing"
"1347","PN_WWEIGHT3_4","pn_wweight3_4",677,"Woman weight_3","MISAME3_WIDE","Post Natal FU M04","WTKG",NA,"Mother",1,"missing"
"1348","PN_WWEIGHT3_5","pn_wweight3_5",678,"Woman weight_3","MISAME3_WIDE","Post Natal FU M05","WTKG",NA,"Mother",0,"missing"
"1349","PN_WWEIGHT3_6","pn_wweight3_6",679,"Woman weight_3","MISAME3_WIDE","Post Natal FU M06","WTKG",NA,"Mother",0,"missing"
"1350","PN_WWEIGHT3_9","pn_wweight3_9",680,"Woman weight_3","MISAME3_WIDE","Post Natal FU M09","WTKG",NA,"Mother",1,"missing"
"1344","PN_WWEIGHT3_12","pn_wweight3_12",681,"Woman weight_3","MISAME3_WIDE","Post Natal FU M12","WTKG",NA,"Mother",0,"missing"
"1319","PN_WWEIGHT_1","pn_wweight_1",682,"Woman weight_mean","MISAME3_WIDE",NA,NA,NA,NA,275,"missing"
"1321","PN_WWEIGHT_2","pn_wweight_2",683,"Woman weight_mean","MISAME3_WIDE",NA,NA,NA,NA,276,"missing"
"1322","PN_WWEIGHT_3","pn_wweight_3",684,"Woman weight_mean","MISAME3_WIDE",NA,NA,NA,NA,265,"missing"
"1323","PN_WWEIGHT_4","pn_wweight_4",685,"Woman weight_mean","MISAME3_WIDE",NA,NA,NA,NA,279,"missing"
"1324","PN_WWEIGHT_5","pn_wweight_5",686,"Woman weight_mean","MISAME3_WIDE",NA,NA,NA,NA,267,"missing"
"1325","PN_WWEIGHT_6","pn_wweight_6",687,"Woman weight_mean","MISAME3_WIDE",NA,NA,NA,NA,275,"missing"
"1326","PN_WWEIGHT_9","pn_wweight_9",688,"Woman weight_mean","MISAME3_WIDE",NA,NA,NA,NA,130,"missing"
"1320","PN_WWEIGHT_12","pn_wweight_12",689,"Woman weight_mean","MISAME3_WIDE",NA,NA,NA,NA,0,"missing"
"1295","PN_WMUAC1_1","pn_wmuac1_1",690,"Woman MUAC_1","MISAME3_WIDE","Post Natal FU M01","MUACCM",NA,"Mother",275,"yes"
"1297","PN_WMUAC1_2","pn_wmuac1_2",691,"Woman MUAC_1","MISAME3_WIDE","Post Natal FU M02","MUACCM",NA,"Mother",276,"yes"
"1298","PN_WMUAC1_3","pn_wmuac1_3",692,"Woman MUAC_1","MISAME3_WIDE","Post Natal FU M03","MUACCM",NA,"Mother",265,"yes"
"1299","PN_WMUAC1_4","pn_wmuac1_4",693,"Woman MUAC_1","MISAME3_WIDE","Post Natal FU M04","MUACCM",NA,"Mother",279,"yes"
"1300","PN_WMUAC1_5","pn_wmuac1_5",694,"Woman MUAC_1","MISAME3_WIDE","Post Natal FU M05","MUACCM",NA,"Mother",267,"yes"
"1301","PN_WMUAC1_6","pn_wmuac1_6",695,"Woman MUAC_1","MISAME3_WIDE","Post Natal FU M06","MUACCM",NA,"Mother",275,"yes"
"1302","PN_WMUAC1_9","pn_wmuac1_9",696,"Woman MUAC_1","MISAME3_WIDE","Post Natal FU M09","MUACCM",NA,"Mother",130,"yes"
"1296","PN_WMUAC1_12","pn_wmuac1_12",697,"Woman MUAC_1","MISAME3_WIDE","Post Natal FU M12","MUACCM",NA,"Mother",0,"missing"
"1303","PN_WMUAC2_1","pn_wmuac2_1",698,"Woman MUAC_2","MISAME3_WIDE","Post Natal FU M01","MUACCM",NA,"Mother",275,"yes"
"1305","PN_WMUAC2_2","pn_wmuac2_2",699,"Woman MUAC_2","MISAME3_WIDE","Post Natal FU M02","MUACCM",NA,"Mother",276,"yes"
"1306","PN_WMUAC2_3","pn_wmuac2_3",700,"Woman MUAC_2","MISAME3_WIDE","Post Natal FU M03","MUACCM",NA,"Mother",265,"yes"
"1307","PN_WMUAC2_4","pn_wmuac2_4",701,"Woman MUAC_2","MISAME3_WIDE","Post Natal FU M04","MUACCM",NA,"Mother",279,"yes"
"1308","PN_WMUAC2_5","pn_wmuac2_5",702,"Woman MUAC_2","MISAME3_WIDE","Post Natal FU M05","MUACCM",NA,"Mother",267,"yes"
"1309","PN_WMUAC2_6","pn_wmuac2_6",703,"Woman MUAC_2","MISAME3_WIDE","Post Natal FU M06","MUACCM",NA,"Mother",275,"yes"
"1310","PN_WMUAC2_9","pn_wmuac2_9",704,"Woman MUAC_2","MISAME3_WIDE","Post Natal FU M09","MUACCM",NA,"Mother",130,"yes"
"1304","PN_WMUAC2_12","pn_wmuac2_12",705,"Woman MUAC_2","MISAME3_WIDE","Post Natal FU M12","MUACCM",NA,"Mother",0,"missing"
"1311","PN_WMUAC3_1","pn_wmuac3_1",706,"Woman MUAC_3","MISAME3_WIDE",NA,NA,NA,NA,0,"missing"
"1313","PN_WMUAC3_2","pn_wmuac3_2",707,"Woman MUAC_3","MISAME3_WIDE",NA,NA,NA,NA,0,"missing"
"1314","PN_WMUAC3_3","pn_wmuac3_3",708,"Woman MUAC_3","MISAME3_WIDE",NA,NA,NA,NA,0,"missing"
"1315","PN_WMUAC3_4","pn_wmuac3_4",709,"Woman MUAC_3","MISAME3_WIDE",NA,NA,NA,NA,0,"missing"
"1316","PN_WMUAC3_5","pn_wmuac3_5",710,"Woman MUAC_3","MISAME3_WIDE",NA,NA,NA,NA,0,"missing"
"1317","PN_WMUAC3_6","pn_wmuac3_6",711,"Woman MUAC_3","MISAME3_WIDE",NA,NA,NA,NA,0,"missing"
"1318","PN_WMUAC3_9","pn_wmuac3_9",712,"Woman MUAC_3","MISAME3_WIDE","Post Natal FU M09","MUACCM",NA,"Mother",0,"missing"
"1312","PN_WMUAC3_12","pn_wmuac3_12",713,"Woman MUAC_3","MISAME3_WIDE",NA,NA,NA,NA,0,"missing"
"1287","PN_WMUAC_1","pn_wmuac_1",714,"Woman MUAC_mean","MISAME3_WIDE",NA,NA,NA,NA,275,"missing"
"1289","PN_WMUAC_2","pn_wmuac_2",715,"Woman MUAC_mean","MISAME3_WIDE",NA,NA,NA,NA,276,"missing"
"1290","PN_WMUAC_3","pn_wmuac_3",716,"Woman MUAC_mean","MISAME3_WIDE",NA,NA,NA,NA,265,"missing"
"1291","PN_WMUAC_4","pn_wmuac_4",717,"Woman MUAC_mean","MISAME3_WIDE",NA,NA,NA,NA,279,"missing"
"1292","PN_WMUAC_5","pn_wmuac_5",718,"Woman MUAC_mean","MISAME3_WIDE",NA,NA,NA,NA,267,"missing"
"1293","PN_WMUAC_6","pn_wmuac_6",719,"Woman MUAC_mean","MISAME3_WIDE",NA,NA,NA,NA,275,"missing"
"1294","PN_WMUAC_9","pn_wmuac_9",720,"Woman MUAC_mean","MISAME3_WIDE",NA,NA,NA,NA,130,"missing"
"1288","PN_WMUAC_12","pn_wmuac_12",721,"Woman MUAC_mean","MISAME3_WIDE",NA,NA,NA,NA,0,"missing"
"838","PN_CWEIGHT1_1","pn_cweight1_1",722,"Infant weight_1","MISAME3_WIDE","Post Natal FU M01","WTKG",NA,NA,275,"yes"
"840","PN_CWEIGHT1_2","pn_cweight1_2",723,"Infant weight_1","MISAME3_WIDE","Post Natal FU M02","WTKG",NA,NA,276,"yes"
"841","PN_CWEIGHT1_3","pn_cweight1_3",724,"Infant weight_1","MISAME3_WIDE","Post Natal FU M03","WTKG",NA,NA,265,"yes"
"842","PN_CWEIGHT1_4","pn_cweight1_4",725,"Infant weight_1","MISAME3_WIDE","Post Natal FU M04","WTKG",NA,NA,279,"yes"
"843","PN_CWEIGHT1_5","pn_cweight1_5",726,"Infant weight_1","MISAME3_WIDE","Post Natal FU M05","WTKG",NA,NA,267,"yes"
"844","PN_CWEIGHT1_6","pn_cweight1_6",727,"Infant weight_1","MISAME3_WIDE","Post Natal FU M06","WTKG",NA,NA,275,"yes"
"845","PN_CWEIGHT1_9","pn_cweight1_9",728,"Infant weight_1","MISAME3_WIDE","Post Natal FU M09","WTKG",NA,NA,168,"yes"
"839","PN_CWEIGHT1_12","pn_cweight1_12",729,"Infant weight_1","MISAME3_WIDE","Post Natal FU M12","WTKG",NA,NA,0,"missing"
"846","PN_CWEIGHT2_1","pn_cweight2_1",730,"Infant weight_2","MISAME3_WIDE","Post Natal FU M01","WTKG",NA,NA,275,"yes"
"848","PN_CWEIGHT2_2","pn_cweight2_2",731,"Infant weight_2","MISAME3_WIDE","Post Natal FU M02","WTKG",NA,NA,276,"yes"
"849","PN_CWEIGHT2_3","pn_cweight2_3",732,"Infant weight_2","MISAME3_WIDE","Post Natal FU M03","WTKG",NA,NA,265,"yes"
"850","PN_CWEIGHT2_4","pn_cweight2_4",733,"Infant weight_2","MISAME3_WIDE","Post Natal FU M04","WTKG",NA,NA,279,"yes"
"851","PN_CWEIGHT2_5","pn_cweight2_5",734,"Infant weight_2","MISAME3_WIDE","Post Natal FU M05","WTKG",NA,NA,267,"yes"
"852","PN_CWEIGHT2_6","pn_cweight2_6",735,"Infant weight_2","MISAME3_WIDE","Post Natal FU M06","WTKG",NA,NA,275,"yes"
"853","PN_CWEIGHT2_9","pn_cweight2_9",736,"Infant weight_2","MISAME3_WIDE","Post Natal FU M09","WTKG",NA,NA,168,"yes"
"847","PN_CWEIGHT2_12","pn_cweight2_12",737,"Infant weight_2","MISAME3_WIDE","Post Natal FU M12","WTKG",NA,NA,0,"missing"
"854","PN_CWEIGHT3_1","pn_cweight3_1",738,"Infant weight_3","MISAME3_WIDE","Post Natal FU M01","WTKG",NA,NA,0,"missing"
"856","PN_CWEIGHT3_2","pn_cweight3_2",739,"Infant weight_3","MISAME3_WIDE","Post Natal FU M02","WTKG",NA,NA,0,"missing"
"857","PN_CWEIGHT3_3","pn_cweight3_3",740,"Infant weight_3","MISAME3_WIDE","Post Natal FU M03","WTKG",NA,NA,0,"missing"
"858","PN_CWEIGHT3_4","pn_cweight3_4",741,"Infant weight_3","MISAME3_WIDE","Post Natal FU M04","WTKG",NA,NA,0,"missing"
"859","PN_CWEIGHT3_5","pn_cweight3_5",742,"Infant weight_3","MISAME3_WIDE","Post Natal FU M05","WTKG",NA,NA,0,"missing"
"860","PN_CWEIGHT3_6","pn_cweight3_6",743,"Infant weight_3","MISAME3_WIDE","Post Natal FU M06","WTKG",NA,NA,0,"missing"
"861","PN_CWEIGHT3_9","pn_cweight3_9",744,"Infant weight_3","MISAME3_WIDE","Post Natal FU M09","WTKG",NA,NA,1,"missing"
"855","PN_CWEIGHT3_12","pn_cweight3_12",745,"Infant weight_3","MISAME3_WIDE","Post Natal FU M12","WTKG",NA,NA,0,"missing"
"830","PN_CWEIGHT_1","pn_cweight_1",746,"Infant weight_mean","MISAME3_WIDE",NA,NA,NA,NA,275,"missing"
"832","PN_CWEIGHT_2","pn_cweight_2",747,"Infant weight_mean","MISAME3_WIDE",NA,NA,NA,NA,276,"missing"
"833","PN_CWEIGHT_3","pn_cweight_3",748,"Infant weight_mean","MISAME3_WIDE",NA,NA,NA,NA,265,"missing"
"834","PN_CWEIGHT_4","pn_cweight_4",749,"Infant weight_mean","MISAME3_WIDE",NA,NA,NA,NA,279,"missing"
"835","PN_CWEIGHT_5","pn_cweight_5",750,"Infant weight_mean","MISAME3_WIDE",NA,NA,NA,NA,267,"missing"
"836","PN_CWEIGHT_6","pn_cweight_6",751,"Infant weight_mean","MISAME3_WIDE",NA,NA,NA,NA,275,"missing"
"837","PN_CWEIGHT_9","pn_cweight_9",752,"Infant weight_mean","MISAME3_WIDE",NA,NA,NA,NA,168,"missing"
"831","PN_CWEIGHT_12","pn_cweight_12",753,"Infant weight_mean","MISAME3_WIDE",NA,NA,NA,NA,0,"missing"
"822","PN_CWAZ_1","pn_cwaz_1",754,"Infant weight-for-age Z-score","MISAME3_WIDE","Post Natal FU M01","R_WAZ",NA,NA,275,"yes"
"824","PN_CWAZ_2","pn_cwaz_2",755,"Infant weight-for-age Z-score","MISAME3_WIDE","Post Natal FU M02","R_WAZ",NA,NA,276,"yes"
"825","PN_CWAZ_3","pn_cwaz_3",756,"Infant weight-for-age Z-score","MISAME3_WIDE","Post Natal FU M03","R_WAZ",NA,NA,265,"yes"
"826","PN_CWAZ_4","pn_cwaz_4",757,"Infant weight-for-age Z-score","MISAME3_WIDE","Post Natal FU M04","R_WAZ",NA,NA,279,"yes"
"827","PN_CWAZ_5","pn_cwaz_5",758,"Infant weight-for-age Z-score","MISAME3_WIDE","Post Natal FU M05","R_WAZ",NA,NA,266,"yes"
"828","PN_CWAZ_6","pn_cwaz_6",759,"Infant weight-for-age Z-score","MISAME3_WIDE","Post Natal FU M06","R_WAZ",NA,NA,274,"yes"
"829","PN_CWAZ_9","pn_cwaz_9",760,"Infant weight-for-age Z-score","MISAME3_WIDE","Post Natal FU M09","R_WAZ",NA,NA,168,"yes"
"823","PN_CWAZ_12","pn_cwaz_12",761,"Infant weight-for-age Z-score","MISAME3_WIDE","Post Natal FU M12","R_WAZ",NA,NA,0,"missing"
"806","PN_CUNDERWEIGHT_1","pn_cunderweight_1",762,"Infant underweight","MISAME3_WIDE","Post Natal FU M01","CETERM",NA,"Child",275,"no"
"808","PN_CUNDERWEIGHT_2","pn_cunderweight_2",763,"Infant underweight","MISAME3_WIDE","Post Natal FU M02","CETERM",NA,"Child",276,"no"
"809","PN_CUNDERWEIGHT_3","pn_cunderweight_3",764,"Infant underweight","MISAME3_WIDE","Post Natal FU M03","CETERM",NA,"Child",265,"no"
"810","PN_CUNDERWEIGHT_4","pn_cunderweight_4",765,"Infant underweight","MISAME3_WIDE","Post Natal FU M04","CETERM",NA,"Child",279,"no"
"811","PN_CUNDERWEIGHT_5","pn_cunderweight_5",766,"Infant underweight","MISAME3_WIDE","Post Natal FU M05","CETERM",NA,"Child",266,"no"
"812","PN_CUNDERWEIGHT_6","pn_cunderweight_6",767,"Infant underweight","MISAME3_WIDE","Post Natal FU M06","CETERM",NA,"Child",274,"no"
"813","PN_CUNDERWEIGHT_9","pn_cunderweight_9",768,"Infant underweight","MISAME3_WIDE","Post Natal FU M09","CETERM",NA,"Child",168,"no"
"807","PN_CUNDERWEIGHT_12","pn_cunderweight_12",769,"Infant underweight","MISAME3_WIDE","Post Natal FU M12","CETERM",NA,"Child",0,"missing"
"708","PN_CHEIGHT1_1","pn_cheight1_1",770,"Infant height_1","MISAME3_WIDE","Post Natal FU M01","LENCM",NA,NA,275,"yes"
"710","PN_CHEIGHT1_2","pn_cheight1_2",771,"Infant height_1","MISAME3_WIDE","Post Natal FU M02","LENCM",NA,NA,276,"yes"
"711","PN_CHEIGHT1_3","pn_cheight1_3",772,"Infant height_1","MISAME3_WIDE","Post Natal FU M03","LENCM",NA,NA,265,"yes"
"712","PN_CHEIGHT1_4","pn_cheight1_4",773,"Infant height_1","MISAME3_WIDE","Post Natal FU M04","LENCM",NA,NA,279,"yes"
"713","PN_CHEIGHT1_5","pn_cheight1_5",774,"Infant height_1","MISAME3_WIDE","Post Natal FU M05","LENCM",NA,NA,267,"yes"
"714","PN_CHEIGHT1_6","pn_cheight1_6",775,"Infant height_1","MISAME3_WIDE","Post Natal FU M06","LENCM",NA,NA,275,"yes"
"715","PN_CHEIGHT1_9","pn_cheight1_9",776,"Infant height_1","MISAME3_WIDE","Post Natal FU M09","LENCM",NA,NA,168,"yes"
"709","PN_CHEIGHT1_12","pn_cheight1_12",777,"Infant height_1","MISAME3_WIDE","Post Natal FU M12","LENCM",NA,NA,0,"missing"
"716","PN_CHEIGHT2_1","pn_cheight2_1",778,"Infant height_2","MISAME3_WIDE","Post Natal FU M01","LENCM",NA,NA,275,"yes"
"718","PN_CHEIGHT2_2","pn_cheight2_2",779,"Infant height_2","MISAME3_WIDE","Post Natal FU M02","LENCM",NA,NA,276,"yes"
"719","PN_CHEIGHT2_3","pn_cheight2_3",780,"Infant height_2","MISAME3_WIDE","Post Natal FU M03","LENCM",NA,NA,265,"yes"
"720","PN_CHEIGHT2_4","pn_cheight2_4",781,"Infant height_2","MISAME3_WIDE","Post Natal FU M04","LENCM",NA,NA,279,"yes"
"721","PN_CHEIGHT2_5","pn_cheight2_5",782,"Infant height_2","MISAME3_WIDE","Post Natal FU M05","LENCM",NA,NA,267,"yes"
"722","PN_CHEIGHT2_6","pn_cheight2_6",783,"Infant height_2","MISAME3_WIDE","Post Natal FU M06","LENCM",NA,NA,275,"yes"
"723","PN_CHEIGHT2_9","pn_cheight2_9",784,"Infant height_2","MISAME3_WIDE","Post Natal FU M09","LENCM",NA,NA,168,"yes"
"717","PN_CHEIGHT2_12","pn_cheight2_12",785,"Infant height_2","MISAME3_WIDE","Post Natal FU M12","LENCM",NA,NA,0,"missing"
"724","PN_CHEIGHT3_1","pn_cheight3_1",786,"Infant height_3","MISAME3_WIDE","Post Natal FU M01","LENCM",NA,NA,0,"missing"
"726","PN_CHEIGHT3_2","pn_cheight3_2",787,"Infant height_3","MISAME3_WIDE","Post Natal FU M02","LENCM",NA,NA,0,"missing"
"727","PN_CHEIGHT3_3","pn_cheight3_3",788,"Infant height_3","MISAME3_WIDE","Post Natal FU M03","LENCM",NA,NA,0,"missing"
"728","PN_CHEIGHT3_4","pn_cheight3_4",789,"Infant height_3","MISAME3_WIDE","Post Natal FU M04","LENCM",NA,NA,0,"missing"
"729","PN_CHEIGHT3_5","pn_cheight3_5",790,"Infant height_3","MISAME3_WIDE","Post Natal FU M05","LENCM",NA,NA,0,"missing"
"730","PN_CHEIGHT3_6","pn_cheight3_6",791,"Infant height_3","MISAME3_WIDE","Post Natal FU M06","LENCM",NA,NA,0,"missing"
"731","PN_CHEIGHT3_9","pn_cheight3_9",792,"Infant height_3","MISAME3_WIDE","Post Natal FU M09","LENCM",NA,NA,0,"missing"
"725","PN_CHEIGHT3_12","pn_cheight3_12",793,"Infant height_3","MISAME3_WIDE","Post Natal FU M12","LENCM",NA,NA,0,"missing"
"700","PN_CHEIGHT_1","pn_cheight_1",794,"Infant height_mean","MISAME3_WIDE",NA,NA,NA,NA,275,"missing"
"702","PN_CHEIGHT_2","pn_cheight_2",795,"Infant height_mean","MISAME3_WIDE",NA,NA,NA,NA,276,"missing"
"703","PN_CHEIGHT_3","pn_cheight_3",796,"Infant height_mean","MISAME3_WIDE",NA,NA,NA,NA,265,"missing"
"704","PN_CHEIGHT_4","pn_cheight_4",797,"Infant height_mean","MISAME3_WIDE",NA,NA,NA,NA,279,"missing"
"705","PN_CHEIGHT_5","pn_cheight_5",798,"Infant height_mean","MISAME3_WIDE",NA,NA,NA,NA,267,"missing"
"706","PN_CHEIGHT_6","pn_cheight_6",799,"Infant height_mean","MISAME3_WIDE",NA,NA,NA,NA,275,"missing"
"707","PN_CHEIGHT_9","pn_cheight_9",800,"Infant height_mean","MISAME3_WIDE",NA,NA,NA,NA,168,"missing"
"701","PN_CHEIGHT_12","pn_cheight_12",801,"Infant height_mean","MISAME3_WIDE",NA,NA,NA,NA,0,"missing"
"660","PN_CHAZ_1","pn_chaz_1",802,"Infant length-for-age Z-score","MISAME3_WIDE","Post Natal FU M01","R_HAZ",NA,NA,275,"yes"
"662","PN_CHAZ_2","pn_chaz_2",803,"Infant length-for-age Z-score","MISAME3_WIDE","Post Natal FU M02","R_HAZ",NA,NA,274,"yes"
"663","PN_CHAZ_3","pn_chaz_3",804,"Infant length-for-age Z-score","MISAME3_WIDE","Post Natal FU M03","R_HAZ",NA,NA,263,"yes"
"664","PN_CHAZ_4","pn_chaz_4",805,"Infant length-for-age Z-score","MISAME3_WIDE","Post Natal FU M04","R_HAZ",NA,NA,278,"yes"
"665","PN_CHAZ_5","pn_chaz_5",806,"Infant length-for-age Z-score","MISAME3_WIDE","Post Natal FU M05","R_HAZ",NA,NA,267,"yes"
"666","PN_CHAZ_6","pn_chaz_6",807,"Infant length-for-age Z-score","MISAME3_WIDE","Post Natal FU M06","R_HAZ",NA,NA,275,"yes"
"667","PN_CHAZ_9","pn_chaz_9",808,"Infant length-for-age Z-score","MISAME3_WIDE","Post Natal FU M09","R_HAZ",NA,NA,168,"yes"
"661","PN_CHAZ_12","pn_chaz_12",809,"Infant length-for-age Z-score","MISAME3_WIDE","Post Natal FU M12","R_HAZ",NA,NA,0,"missing"
"790","PN_CSTUNTING_1","pn_cstunting_1",810,"Infant stunting","MISAME3_WIDE","Post Natal FU M01","CETERM",NA,"Child",275,"no"
"792","PN_CSTUNTING_2","pn_cstunting_2",811,"Infant stunting","MISAME3_WIDE","Post Natal FU M02","CETERM",NA,"Child",274,"no"
"793","PN_CSTUNTING_3","pn_cstunting_3",812,"Infant stunting","MISAME3_WIDE","Post Natal FU M03","CETERM",NA,"Child",263,"no"
"794","PN_CSTUNTING_4","pn_cstunting_4",813,"Infant stunting","MISAME3_WIDE","Post Natal FU M04","CETERM",NA,"Child",278,"no"
"795","PN_CSTUNTING_5","pn_cstunting_5",814,"Infant stunting","MISAME3_WIDE","Post Natal FU M05","CETERM",NA,"Child",267,"no"
"796","PN_CSTUNTING_6","pn_cstunting_6",815,"Infant stunting","MISAME3_WIDE","Post Natal FU M06","CETERM",NA,"Child",275,"no"
"797","PN_CSTUNTING_9","pn_cstunting_9",816,"Infant stunting","MISAME3_WIDE","Post Natal FU M09","CETERM",NA,"Child",168,"no"
"791","PN_CSTUNTING_12","pn_cstunting_12",817,"Infant stunting","MISAME3_WIDE","Post Natal FU M12","CETERM",NA,"Child",0,"missing"
"862","PN_CWHZ_1","pn_cwhz_1",818,"Infant weight-for-length Z-score","MISAME3_WIDE","Post Natal FU M01","R_WHZ",NA,NA,275,"yes"
"864","PN_CWHZ_2","pn_cwhz_2",819,"Infant weight-for-length Z-score","MISAME3_WIDE","Post Natal FU M02","R_WHZ",NA,NA,276,"yes"
"865","PN_CWHZ_3","pn_cwhz_3",820,"Infant weight-for-length Z-score","MISAME3_WIDE","Post Natal FU M03","R_WHZ",NA,NA,265,"yes"
"866","PN_CWHZ_4","pn_cwhz_4",821,"Infant weight-for-length Z-score","MISAME3_WIDE","Post Natal FU M04","R_WHZ",NA,NA,279,"yes"
"867","PN_CWHZ_5","pn_cwhz_5",822,"Infant weight-for-length Z-score","MISAME3_WIDE","Post Natal FU M05","R_WHZ",NA,NA,267,"yes"
"868","PN_CWHZ_6","pn_cwhz_6",823,"Infant weight-for-length Z-score","MISAME3_WIDE","Post Natal FU M06","R_WHZ",NA,NA,274,"yes"
"869","PN_CWHZ_9","pn_cwhz_9",824,"Infant weight-for-length Z-score","MISAME3_WIDE","Post Natal FU M09","R_WHZ",NA,NA,168,"yes"
"863","PN_CWHZ_12","pn_cwhz_12",825,"Infant weight-for-length Z-score","MISAME3_WIDE","Post Natal FU M12","R_WHZ",NA,NA,0,"missing"
"814","PN_CWASTING_1","pn_cwasting_1",826,"Infant wasting","MISAME3_WIDE","Post Natal FU M01","CETERM",NA,"Child",275,"no"
"816","PN_CWASTING_2","pn_cwasting_2",827,"Infant wasting","MISAME3_WIDE","Post Natal FU M02","CETERM",NA,"Child",276,"no"
"817","PN_CWASTING_3","pn_cwasting_3",828,"Infant wasting","MISAME3_WIDE","Post Natal FU M03","CETERM",NA,"Child",265,"no"
"818","PN_CWASTING_4","pn_cwasting_4",829,"Infant wasting","MISAME3_WIDE","Post Natal FU M04","CETERM",NA,"Child",279,"no"
"819","PN_CWASTING_5","pn_cwasting_5",830,"Infant wasting","MISAME3_WIDE","Post Natal FU M05","CETERM",NA,"Child",267,"no"
"820","PN_CWASTING_6","pn_cwasting_6",831,"Infant wasting","MISAME3_WIDE","Post Natal FU M06","CETERM",NA,"Child",274,"no"
"821","PN_CWASTING_9","pn_cwasting_9",832,"Infant wasting","MISAME3_WIDE","Post Natal FU M09","CETERM",NA,"Child",168,"no"
"815","PN_CWASTING_12","pn_cwasting_12",833,"Infant wasting","MISAME3_WIDE","Post Natal FU M12","CETERM",NA,"Child",0,"missing"
"749","PN_CMUAC1_1","pn_cmuac1_1",834,"Infant MUAC_1","MISAME3_WIDE","Post Natal FU M01","MUACCM",NA,NA,275,"yes"
"751","PN_CMUAC1_2","pn_cmuac1_2",835,"Infant MUAC_1","MISAME3_WIDE","Post Natal FU M02","MUACCM",NA,NA,276,"yes"
"752","PN_CMUAC1_3","pn_cmuac1_3",836,"Infant MUAC_1","MISAME3_WIDE","Post Natal FU M03","MUACCM",NA,NA,265,"yes"
"753","PN_CMUAC1_4","pn_cmuac1_4",837,"Infant MUAC_1","MISAME3_WIDE","Post Natal FU M04","MUACCM",NA,NA,279,"yes"
"754","PN_CMUAC1_5","pn_cmuac1_5",838,"Infant MUAC_1","MISAME3_WIDE","Post Natal FU M05","MUACCM",NA,NA,267,"yes"
"755","PN_CMUAC1_6","pn_cmuac1_6",839,"Infant MUAC_1","MISAME3_WIDE","Post Natal FU M06","MUACCM",NA,NA,275,"yes"
"756","PN_CMUAC1_9","pn_cmuac1_9",840,"Infant MUAC_1","MISAME3_WIDE","Post Natal FU M09","MUACCM",NA,NA,168,"yes"
"750","PN_CMUAC1_12","pn_cmuac1_12",841,"Infant MUAC_1","MISAME3_WIDE","Post Natal FU M12","MUACCM",NA,NA,0,"missing"
"757","PN_CMUAC2_1","pn_cmuac2_1",842,"Infant MUAC_2","MISAME3_WIDE","Post Natal FU M01","MUACCM",NA,NA,275,"yes"
"759","PN_CMUAC2_2","pn_cmuac2_2",843,"Infant MUAC_2","MISAME3_WIDE","Post Natal FU M02","MUACCM",NA,NA,276,"yes"
"760","PN_CMUAC2_3","pn_cmuac2_3",844,"Infant MUAC_2","MISAME3_WIDE","Post Natal FU M03","MUACCM",NA,NA,265,"yes"
"761","PN_CMUAC2_4","pn_cmuac2_4",845,"Infant MUAC_2","MISAME3_WIDE","Post Natal FU M04","MUACCM",NA,NA,279,"yes"
"762","PN_CMUAC2_5","pn_cmuac2_5",846,"Infant MUAC_2","MISAME3_WIDE","Post Natal FU M05","MUACCM",NA,NA,267,"yes"
"763","PN_CMUAC2_6","pn_cmuac2_6",847,"Infant MUAC_2","MISAME3_WIDE","Post Natal FU M06","MUACCM",NA,NA,275,"yes"
"764","PN_CMUAC2_9","pn_cmuac2_9",848,"Infant MUAC_2","MISAME3_WIDE","Post Natal FU M09","MUACCM",NA,NA,168,"yes"
"758","PN_CMUAC2_12","pn_cmuac2_12",849,"Infant MUAC_2","MISAME3_WIDE","Post Natal FU M12","MUACCM",NA,NA,0,"missing"
"765","PN_CMUAC3_1","pn_cmuac3_1",850,"Infant MUAC_3","MISAME3_WIDE","Post Natal FU M01","MUACCM",NA,NA,0,"missing"
"767","PN_CMUAC3_2","pn_cmuac3_2",851,"Infant MUAC_3","MISAME3_WIDE","Post Natal FU M02","MUACCM",NA,NA,0,"missing"
"768","PN_CMUAC3_3","pn_cmuac3_3",852,"Infant MUAC_3","MISAME3_WIDE","Post Natal FU M03","MUACCM",NA,NA,1,"missing"
"769","PN_CMUAC3_4","pn_cmuac3_4",853,"Infant MUAC_3","MISAME3_WIDE","Post Natal FU M04","MUACCM",NA,NA,0,"missing"
"770","PN_CMUAC3_5","pn_cmuac3_5",854,"Infant MUAC_3","MISAME3_WIDE","Post Natal FU M05","MUACCM",NA,NA,1,"missing"
"771","PN_CMUAC3_6","pn_cmuac3_6",855,"Infant MUAC_3","MISAME3_WIDE","Post Natal FU M06","MUACCM",NA,NA,0,"missing"
"772","PN_CMUAC3_9","pn_cmuac3_9",856,"Infant MUAC_3","MISAME3_WIDE","Post Natal FU M09","MUACCM",NA,NA,0,"missing"
"766","PN_CMUAC3_12","pn_cmuac3_12",857,"Infant MUAC_3","MISAME3_WIDE","Post Natal FU M12","MUACCM",NA,NA,0,"missing"
"733","PN_CMUAC_1","pn_cmuac_1",858,"Infant MUAC_mean","MISAME3_WIDE",NA,NA,NA,NA,275,"missing"
"741","PN_CMUAC_CAT_1","pn_cmuac_cat_1",859,"Infant MUAC_category","MISAME3_WIDE",NA,NA,NA,NA,275,"missing"
"735","PN_CMUAC_2","pn_cmuac_2",860,"Infant MUAC_mean","MISAME3_WIDE",NA,NA,NA,NA,276,"missing"
"743","PN_CMUAC_CAT_2","pn_cmuac_cat_2",861,"Infant MUAC_category","MISAME3_WIDE",NA,NA,NA,NA,276,"missing"
"736","PN_CMUAC_3","pn_cmuac_3",862,"Infant MUAC_mean","MISAME3_WIDE",NA,NA,NA,NA,265,"missing"
"744","PN_CMUAC_CAT_3","pn_cmuac_cat_3",863,"Infant MUAC_category","MISAME3_WIDE",NA,NA,NA,NA,265,"missing"
"737","PN_CMUAC_4","pn_cmuac_4",864,"Infant MUAC_mean","MISAME3_WIDE",NA,NA,NA,NA,279,"missing"
"745","PN_CMUAC_CAT_4","pn_cmuac_cat_4",865,"Infant MUAC_category","MISAME3_WIDE",NA,NA,NA,NA,279,"missing"
"738","PN_CMUAC_5","pn_cmuac_5",866,"Infant MUAC_mean","MISAME3_WIDE",NA,NA,NA,NA,267,"missing"
"746","PN_CMUAC_CAT_5","pn_cmuac_cat_5",867,"Infant MUAC_category","MISAME3_WIDE",NA,NA,NA,NA,267,"missing"
"739","PN_CMUAC_6","pn_cmuac_6",868,"Infant MUAC_mean","MISAME3_WIDE",NA,NA,NA,NA,275,"missing"
"747","PN_CMUAC_CAT_6","pn_cmuac_cat_6",869,"Infant MUAC_category","MISAME3_WIDE",NA,NA,NA,NA,275,"missing"
"740","PN_CMUAC_9","pn_cmuac_9",870,"Infant MUAC_mean","MISAME3_WIDE",NA,NA,NA,NA,168,"missing"
"748","PN_CMUAC_CAT_9","pn_cmuac_cat_9",871,"Infant MUAC_category","MISAME3_WIDE",NA,NA,NA,NA,168,"missing"
"734","PN_CMUAC_12","pn_cmuac_12",872,"Infant MUAC_mean","MISAME3_WIDE",NA,NA,NA,NA,0,"missing"
"742","PN_CMUAC_CAT_12","pn_cmuac_cat_12",873,"Infant MUAC_category","MISAME3_WIDE",NA,NA,NA,NA,0,"missing"
"676","PN_CHC1_1","pn_chc1_1",874,"Infant head circumference_1","MISAME3_WIDE","Post Natal FU M01","HCIRCM",NA,NA,275,"yes"
"678","PN_CHC1_2","pn_chc1_2",875,"Infant head circumference_1","MISAME3_WIDE","Post Natal FU M02","HCIRCM",NA,NA,276,"yes"
"679","PN_CHC1_3","pn_chc1_3",876,"Infant head circumference_1","MISAME3_WIDE","Post Natal FU M03","HCIRCM",NA,NA,265,"yes"
"680","PN_CHC1_4","pn_chc1_4",877,"Infant head circumference_1","MISAME3_WIDE","Post Natal FU M04","HCIRCM",NA,NA,279,"yes"
"681","PN_CHC1_5","pn_chc1_5",878,"Infant head circumference_1","MISAME3_WIDE","Post Natal FU M05","HCIRCM",NA,NA,267,"yes"
"682","PN_CHC1_6","pn_chc1_6",879,"Infant head circumference_1","MISAME3_WIDE","Post Natal FU M06","HCIRCM",NA,NA,275,"yes"
"683","PN_CHC1_9","pn_chc1_9",880,"Infant head circumference_1","MISAME3_WIDE","Post Natal FU M09","HCIRCM",NA,NA,130,"yes"
"677","PN_CHC1_12","pn_chc1_12",881,"Infant head circumference_1","MISAME3_WIDE","Post Natal FU M12","HCIRCM",NA,NA,0,"missing"
"684","PN_CHC2_1","pn_chc2_1",882,"Infant head circumference_2","MISAME3_WIDE","Post Natal FU M01","HCIRCM",NA,NA,275,"yes"
"686","PN_CHC2_2","pn_chc2_2",883,"Infant head circumference_2","MISAME3_WIDE","Post Natal FU M02","HCIRCM",NA,NA,276,"yes"
"687","PN_CHC2_3","pn_chc2_3",884,"Infant head circumference_2","MISAME3_WIDE","Post Natal FU M03","HCIRCM",NA,NA,265,"yes"
"688","PN_CHC2_4","pn_chc2_4",885,"Infant head circumference_2","MISAME3_WIDE","Post Natal FU M04","HCIRCM",NA,NA,279,"yes"
"689","PN_CHC2_5","pn_chc2_5",886,"Infant head circumference_2","MISAME3_WIDE","Post Natal FU M05","HCIRCM",NA,NA,267,"yes"
"690","PN_CHC2_6","pn_chc2_6",887,"Infant head circumference_2","MISAME3_WIDE","Post Natal FU M06","HCIRCM",NA,NA,275,"yes"
"691","PN_CHC2_9","pn_chc2_9",888,"Infant head circumference_2","MISAME3_WIDE","Post Natal FU M09","HCIRCM",NA,NA,130,"yes"
"685","PN_CHC2_12","pn_chc2_12",889,"Infant head circumference_2","MISAME3_WIDE","Post Natal FU M12","HCIRCM",NA,NA,0,"missing"
"692","PN_CHC3_1","pn_chc3_1",890,"Infant head circumference_3","MISAME3_WIDE","Post Natal FU M01","HCIRCM",NA,NA,0,"missing"
"694","PN_CHC3_2","pn_chc3_2",891,"Infant head circumference_3","MISAME3_WIDE","Post Natal FU M02","HCIRCM",NA,NA,0,"missing"
"695","PN_CHC3_3","pn_chc3_3",892,"Infant head circumference_3","MISAME3_WIDE","Post Natal FU M03","HCIRCM",NA,NA,0,"missing"
"696","PN_CHC3_4","pn_chc3_4",893,"Infant head circumference_3","MISAME3_WIDE","Post Natal FU M04","HCIRCM",NA,NA,0,"missing"
"697","PN_CHC3_5","pn_chc3_5",894,"Infant head circumference_3","MISAME3_WIDE","Post Natal FU M05","HCIRCM",NA,NA,0,"missing"
"698","PN_CHC3_6","pn_chc3_6",895,"Infant head circumference_3","MISAME3_WIDE","Post Natal FU M06","HCIRCM",NA,NA,0,"missing"
"699","PN_CHC3_9","pn_chc3_9",896,"Infant head circumference_3","MISAME3_WIDE","Post Natal FU M09","HCIRCM",NA,NA,0,"missing"
"693","PN_CHC3_12","pn_chc3_12",897,"Infant head circumference_3","MISAME3_WIDE","Post Natal FU M12","HCIRCM",NA,NA,0,"missing"
"668","PN_CHC_1","pn_chc_1",898,"Infant head circumference_mean","MISAME3_WIDE",NA,NA,NA,NA,275,"missing"
"670","PN_CHC_2","pn_chc_2",899,"Infant head circumference_mean","MISAME3_WIDE",NA,NA,NA,NA,276,"missing"
"671","PN_CHC_3","pn_chc_3",900,"Infant head circumference_mean","MISAME3_WIDE",NA,NA,NA,NA,265,"missing"
"672","PN_CHC_4","pn_chc_4",901,"Infant head circumference_mean","MISAME3_WIDE",NA,NA,NA,NA,279,"missing"
"673","PN_CHC_5","pn_chc_5",902,"Infant head circumference_mean","MISAME3_WIDE",NA,NA,NA,NA,267,"missing"
"674","PN_CHC_6","pn_chc_6",903,"Infant head circumference_mean","MISAME3_WIDE",NA,NA,NA,NA,275,"missing"
"675","PN_CHC_9","pn_chc_9",904,"Infant head circumference_mean","MISAME3_WIDE",NA,NA,NA,NA,130,"missing"
"669","PN_CHC_12","pn_chc_12",905,"Infant head circumference_mean","MISAME3_WIDE",NA,NA,NA,NA,0,"missing"
"773","PN_COEDEMA_1","pn_coedema_1",906,"Infant oedema","MISAME3_WIDE","Post Natal FU M01","CETERM",NA,"Child",275,"no"
"775","PN_COEDEMA_2","pn_coedema_2",907,"Infant oedema","MISAME3_WIDE","Post Natal FU M02","CETERM",NA,"Child",276,"no"
"776","PN_COEDEMA_3","pn_coedema_3",908,"Infant oedema","MISAME3_WIDE","Post Natal FU M03","CETERM",NA,"Child",265,"no"
"777","PN_COEDEMA_4","pn_coedema_4",909,"Infant oedema","MISAME3_WIDE","Post Natal FU M04","CETERM",NA,"Child",279,"no"
"778","PN_COEDEMA_5","pn_coedema_5",910,"Infant oedema","MISAME3_WIDE","Post Natal FU M05","CETERM",NA,"Child",267,"no"
"779","PN_COEDEMA_6","pn_coedema_6",911,"Infant oedema","MISAME3_WIDE","Post Natal FU M06","CETERM",NA,"Child",275,"no"
"780","PN_COEDEMA_9","pn_coedema_9",912,"Infant oedema","MISAME3_WIDE","Post Natal FU M09","CETERM",NA,"Child",168,"no"
"774","PN_COEDEMA_12","pn_coedema_12",913,"Infant oedema","MISAME3_WIDE","Post Natal FU M12","CETERM",NA,"Child",0,"missing"
"798","PN_CTREAT_AM_1","pn_ctreat_am_1",914,"Infant treated for acute malnutrition","MISAME3_WIDE",NA,NA,NA,NA,275,"missing"
"800","PN_CTREAT_AM_2","pn_ctreat_am_2",915,"Infant treated for acute malnutrition","MISAME3_WIDE",NA,NA,NA,NA,276,"missing"
"801","PN_CTREAT_AM_3","pn_ctreat_am_3",916,"Infant treated for acute malnutrition","MISAME3_WIDE",NA,NA,NA,NA,265,"missing"
"802","PN_CTREAT_AM_4","pn_ctreat_am_4",917,"Infant treated for acute malnutrition","MISAME3_WIDE",NA,NA,NA,NA,279,"missing"
"803","PN_CTREAT_AM_5","pn_ctreat_am_5",918,"Infant treated for acute malnutrition","MISAME3_WIDE",NA,NA,NA,NA,267,"missing"
"804","PN_CTREAT_AM_6","pn_ctreat_am_6",919,"Infant treated for acute malnutrition","MISAME3_WIDE",NA,NA,NA,NA,275,"missing"
"805","PN_CTREAT_AM_9","pn_ctreat_am_9",920,"Infant treated for acute malnutrition","MISAME3_WIDE",NA,NA,NA,NA,168,"missing"
"799","PN_CTREAT_AM_12","pn_ctreat_am_12",921,"Infant treated for acute malnutrition","MISAME3_WIDE",NA,NA,NA,NA,0,"missing"
"732","PN_CHEMOGLOBIN_6","pn_chemoglobin_6",922,"Infant hemoglobine at 6 mo","MISAME3_WIDE","Post Natal FU M06","LBSTRESN","HGB","Child",269,"yes"
"658","PN_CANEMIA_6","pn_canemia_6",923,"Infant anemia at 6 mo","MISAME3_WIDE",NA,NA,NA,NA,269,"missing"
"659","PN_CANEMIA_DEGREE_6","pn_canemia_degree_6",924,"Infant severe anemia at 6 mo","MISAME3_WIDE","Post Natal FU M06","CETERM",NA,"Child",269,"no"
"626","PN_BF_1","pn_bf_1",925,"Currently breatfeeding","MISAME3_WIDE","Post Natal FU M01","BFEDFL",NA,NA,275,"yes"
"634","PN_BF_FREQ_1","pn_bf_freq_1",926,"Frequency of breastfeeding","MISAME3_WIDE","Post Natal FU M01","NUMBF",NA,NA,275,"no"
"628","PN_BF_2","pn_bf_2",927,"Currently breatfeeding","MISAME3_WIDE","Post Natal FU M02","BFEDFL",NA,NA,276,"yes"
"636","PN_BF_FREQ_2","pn_bf_freq_2",928,"Frequency of breastfeeding","MISAME3_WIDE","Post Natal FU M02","NUMBF",NA,NA,276,"no"
"629","PN_BF_3","pn_bf_3",929,"Currently breatfeeding","MISAME3_WIDE","Post Natal FU M03","BFEDFL",NA,NA,265,"yes"
"637","PN_BF_FREQ_3","pn_bf_freq_3",930,"Frequency of breastfeeding","MISAME3_WIDE","Post Natal FU M03","NUMBF",NA,NA,265,"no"
"630","PN_BF_4","pn_bf_4",931,"Currently breatfeeding","MISAME3_WIDE","Post Natal FU M04","BFEDFL",NA,NA,279,"yes"
"638","PN_BF_FREQ_4","pn_bf_freq_4",932,"Frequency of breastfeeding","MISAME3_WIDE","Post Natal FU M04","NUMBF",NA,NA,279,"no"
"631","PN_BF_5","pn_bf_5",933,"Currently breatfeeding","MISAME3_WIDE","Post Natal FU M05","BFEDFL",NA,NA,267,"yes"
"639","PN_BF_FREQ_5","pn_bf_freq_5",934,"Frequency of breastfeeding","MISAME3_WIDE","Post Natal FU M05","NUMBF",NA,NA,267,"no"
"632","PN_BF_6","pn_bf_6",935,"Currently breatfeeding","MISAME3_WIDE","Post Natal FU M06","BFEDFL",NA,NA,275,"yes"
"640","PN_BF_FREQ_6","pn_bf_freq_6",936,"Frequency of breastfeeding","MISAME3_WIDE","Post Natal FU M06","NUMBF",NA,NA,275,"no"
"633","PN_BF_9","pn_bf_9",937,"Currently breatfeeding","MISAME3_WIDE","Post Natal FU M09","BFEDFL",NA,NA,168,"yes"
"641","PN_BF_FREQ_9","pn_bf_freq_9",938,"Frequency of breastfeeding","MISAME3_WIDE","Post Natal FU M09","NUMBF",NA,NA,168,"no"
"627","PN_BF_12","pn_bf_12",939,"Currently breatfeeding","MISAME3_WIDE","Post Natal FU M12","BFEDFL",NA,NA,0,"missing"
"635","PN_BF_FREQ_12","pn_bf_freq_12",940,"Frequency of breastfeeding","MISAME3_WIDE","Post Natal FU M12","NUMBF",NA,NA,0,"missing"
"929","PN_EVER_BF_","pn_ever_bf_",941,"Infant ever breastfed","MISAME3_WIDE","Post Natal FU M12","FEEDING, FEEDINGN",NA,NA,289,"yes"
"945","PN_GRAINS_9","pn_grains_9",942,"Has the child eaten cereal-based preparations?","MISAME3_WIDE","Post Natal FU M09","GFSTRESC, GFSTRESN","CEREAL","Child",130,"no"
"944","PN_GRAINS_12","pn_grains_12",943,"Has the child eaten cereal-based preparations?","MISAME3_WIDE","Post Natal FU M12","GFSTRESC, GFSTRESN","CEREAL","Child",0,"missing"
"1277","PN_VEGVITA_9","pn_vegvitA_9",944,"Has the child eaten vegetables rich in vitamin A?","MISAME3_WIDE","Post Natal FU M09","GFSTRESC, GFSTRESN","VITAVEG","Child",130,"no"
"1276","PN_VEGVITA_12","pn_vegvitA_12",945,"Has the child eaten vegetables rich in vitamin A?","MISAME3_WIDE","Post Natal FU M12","GFSTRESC, GFSTRESN","VITAVEG","Child",0,"missing"
"1275","PN_TUBERS_9","pn_tubers_9",946,"Has the child eaten tubers?","MISAME3_WIDE","Post Natal FU M09","GFSTRESC, GFSTRESN","TUBERS","Child",130,"no"
"1274","PN_TUBERS_12","pn_tubers_12",947,"Has the child eaten tubers?","MISAME3_WIDE","Post Natal FU M12","GFSTRESC, GFSTRESN","TUBERS","Child",0,"missing"
"885","PN_DGLV_9","pn_dglv_9",948,"Has the child eaten Dark green leafy vegetables?","MISAME3_WIDE","Post Natal FU M09","GFSTRESC, GFSTRESN","VEG_LEAF","Child",130,"no"
"884","PN_DGLV_12","pn_dglv_12",949,"Has the child eaten Dark green leafy vegetables?","MISAME3_WIDE","Post Natal FU M12","GFSTRESC, GFSTRESN","VEG_LEAF","Child",0,"missing"
"943","PN_FRUITVITA_9","pn_fruitvitA_9",950,"Has the child eaten fruit rich in vitamin A?","MISAME3_WIDE","Post Natal FU M09","GFSTRESC, GFSTRESN","VITAFRUI","Child",130,"no"
"942","PN_FRUITVITA_12","pn_fruitvitA_12",951,"Has the child eaten fruit rich in vitamin A?","MISAME3_WIDE","Post Natal FU M12","GFSTRESC, GFSTRESN","VITAFRUI","Child",0,"missing"
"941","PN_FRUITVEG_9","pn_fruitveg_9",952,"Has the child eaten any other fruits or vegetables?","MISAME3_WIDE","Post Natal FU M09","GFSTRESC, GFSTRESN","FRTVEGO","Child",130,"no"
"940","PN_FRUITVEG_12","pn_fruitveg_12",953,"Has the child eaten any other fruits or vegetables?","MISAME3_WIDE","Post Natal FU M12","GFSTRESC, GFSTRESN","FRTVEGO","Child",0,"missing"
"1226","PN_ORGAN_9","pn_organ_9",954,"Has the child eaten liver, kidneys, heart or other offal?","MISAME3_WIDE","Post Natal FU M09","GFSTRESC, GFSTRESN","ORGAN","Child",130,"no"
"1225","PN_ORGAN_12","pn_organ_12",955,"Has the child eaten liver, kidneys, heart or other offal?","MISAME3_WIDE","Post Natal FU M12","GFSTRESC, GFSTRESN","ORGAN","Child",0,"missing"
"981","PN_MEAT_9","pn_meat_9",956,"Has the child eaten meat?","MISAME3_WIDE","Post Natal FU M09","GFSTRESC, GFSTRESN","MEAT","Child",130,"no"
"980","PN_MEAT_12","pn_meat_12",957,"Has the child eaten meat?","MISAME3_WIDE","Post Natal FU M12","GFSTRESC, GFSTRESN","MEAT","Child",0,"missing"
"926","PN_EGG_9","pn_egg_9",958,"Has the child eaten eggs?","MISAME3_WIDE","Post Natal FU M09","GFSTRESC, GFSTRESN","EGG","Child",130,"no"
"928","PN_EGG_FLESH_9","pn_egg_flesh_9",959,"Infant consumption of flesh foods and eggs","MISAME3_WIDE","Post Natal FU M09","GFSTRESC, GFSTRESN","EGG_MEAT","Child",130,"no"
"925","PN_EGG_12","pn_egg_12",960,"Has the child eaten eggs?","MISAME3_WIDE","Post Natal FU M12","GFSTRESC, GFSTRESN","EGG","Child",0,"missing"
"927","PN_EGG_FLESH_12","pn_egg_flesh_12",961,"Infant consumption of flesh foods and eggs","MISAME3_WIDE","Post Natal FU M12","GFSTRESC, GFSTRESN","EGG_MEAT","Child",0,"missing"
"1239","PN_SEAFOOD_9","pn_seafood_9",962,"Has the child eaten fresh or dried fish or shellfish?","MISAME3_WIDE","Post Natal FU M09","GFSTRESC, GFSTRESN","FISHSEA","Child",130,"no"
"1238","PN_SEAFOOD_12","pn_seafood_12",963,"Has the child eaten fresh or dried fish or shellfish?","MISAME3_WIDE","Post Natal FU M12","GFSTRESC, GFSTRESN","FISHSEA","Child",0,"missing"
"1228","PN_PULSES_9","pn_pulses_9",964,"Has the child eaten beans, peas, lentils or nuts?","MISAME3_WIDE","Post Natal FU M09","GFSTRESC, GFSTRESN","LEG_NUT","Child",130,"no"
"1227","PN_PULSES_12","pn_pulses_12",965,"Has the child eaten beans, peas, lentils or nuts?","MISAME3_WIDE","Post Natal FU M12","GFSTRESC, GFSTRESN","LEG_NUT","Child",0,"missing"
"871","PN_DAIRY_9","pn_dairy_9",966,"Has the child eaten milk or other dairy product?","MISAME3_WIDE","Post Natal FU M09","GFSTRESC, GFSTRESN","DAIRY","Child",130,"no"
"870","PN_DAIRY_12","pn_dairy_12",967,"Has the child eaten milk or other dairy product?","MISAME3_WIDE","Post Natal FU M12","GFSTRESC, GFSTRESN","DAIRY","Child",0,"missing"
"964","PN_LIQUID_1","pn_liquid_1",968,"Liquids during beastfeeding","MISAME3_WIDE",NA,NA,NA,NA,275,"missing"
"972","PN_LIQUID_TIME_1","pn_liquid_time_1",969,"Time of introduction of liquids","MISAME3_WIDE",NA,NA,NA,NA,4,"missing"
"966","PN_LIQUID_2","pn_liquid_2",970,"Liquids during beastfeeding","MISAME3_WIDE",NA,NA,NA,NA,276,"missing"
"974","PN_LIQUID_TIME_2","pn_liquid_time_2",971,"Time of introduction of liquids","MISAME3_WIDE",NA,NA,NA,NA,4,"missing"
"967","PN_LIQUID_3","pn_liquid_3",972,"Liquids during beastfeeding","MISAME3_WIDE",NA,NA,NA,NA,265,"missing"
"975","PN_LIQUID_TIME_3","pn_liquid_time_3",973,"Time of introduction of liquids","MISAME3_WIDE",NA,NA,NA,NA,6,"missing"
"968","PN_LIQUID_4","pn_liquid_4",974,"Liquids during beastfeeding","MISAME3_WIDE",NA,NA,NA,NA,279,"missing"
"976","PN_LIQUID_TIME_4","pn_liquid_time_4",975,"Time of introduction of liquids","MISAME3_WIDE",NA,NA,NA,NA,6,"missing"
"969","PN_LIQUID_5","pn_liquid_5",976,"Liquids during beastfeeding","MISAME3_WIDE",NA,NA,NA,NA,267,"missing"
"977","PN_LIQUID_TIME_5","pn_liquid_time_5",977,"Time of introduction of liquids","MISAME3_WIDE",NA,NA,NA,NA,9,"missing"
"970","PN_LIQUID_6","pn_liquid_6",978,"Liquids during beastfeeding","MISAME3_WIDE",NA,NA,NA,NA,275,"missing"
"978","PN_LIQUID_TIME_6","pn_liquid_time_6",979,"Time of introduction of liquids","MISAME3_WIDE",NA,NA,NA,NA,20,"missing"
"971","PN_LIQUID_9","pn_liquid_9",980,"Liquids during beastfeeding","MISAME3_WIDE",NA,NA,NA,NA,168,"missing"
"979","PN_LIQUID_TIME_9","pn_liquid_time_9",981,"Time of introduction of liquids","MISAME3_WIDE",NA,NA,NA,NA,167,"missing"
"965","PN_LIQUID_12","pn_liquid_12",982,"Liquids during beastfeeding","MISAME3_WIDE",NA,NA,NA,NA,0,"missing"
"973","PN_LIQUID_TIME_12","pn_liquid_time_12",983,"Time of introduction of liquids","MISAME3_WIDE",NA,NA,NA,NA,0,"missing"
"1249","PN_SOLID_1","pn_solid_1",984,"solids during breastfeeding","MISAME3_WIDE","Post Natal FU M01","SLDFEDFL",NA,NA,275,"yes"
"1258","PN_SOLID_FREQ_1","pn_solid_freq_1",985,"Frequency of giving (semi-)solids when breastfeeding","MISAME3_WIDE","Post Natal FU M01",NA,NA,NA,0,"missing"
"1266","PN_SOLID_TIME_1","pn_solid_time_1",986,"Time of introduction of solids","MISAME3_WIDE",NA,NA,NA,NA,0,"missing"
"1251","PN_SOLID_2","pn_solid_2",987,"solids during breastfeeding","MISAME3_WIDE","Post Natal FU M02","SLDFEDFL",NA,NA,276,"yes"
"1260","PN_SOLID_FREQ_2","pn_solid_freq_2",988,"Frequency of giving (semi-)solids when breastfeeding","MISAME3_WIDE","Post Natal FU M02",NA,NA,NA,0,"missing"
"1268","PN_SOLID_TIME_2","pn_solid_time_2",989,"Time of introduction of solids","MISAME3_WIDE",NA,NA,NA,NA,0,"missing"
"1252","PN_SOLID_3","pn_solid_3",990,"solids during breastfeeding","MISAME3_WIDE","Post Natal FU M03","SLDFEDFL",NA,NA,265,"yes"
"1261","PN_SOLID_FREQ_3","pn_solid_freq_3",991,"Frequency of giving (semi-)solids when breastfeeding","MISAME3_WIDE","Post Natal FU M03",NA,NA,NA,0,"missing"
"1269","PN_SOLID_TIME_3","pn_solid_time_3",992,"Time of introduction of solids","MISAME3_WIDE",NA,NA,NA,NA,0,"missing"
"1253","PN_SOLID_4","pn_solid_4",993,"solids during breastfeeding","MISAME3_WIDE","Post Natal FU M04","SLDFEDFL",NA,NA,279,"yes"
"1262","PN_SOLID_FREQ_4","pn_solid_freq_4",994,"Frequency of giving (semi-)solids when breastfeeding","MISAME3_WIDE","Post Natal FU M04",NA,NA,NA,0,"missing"
"1270","PN_SOLID_TIME_4","pn_solid_time_4",995,"Time of introduction of solids","MISAME3_WIDE",NA,NA,NA,NA,0,"missing"
"1254","PN_SOLID_5","pn_solid_5",996,"solids during breastfeeding","MISAME3_WIDE","Post Natal FU M05","SLDFEDFL",NA,NA,267,"yes"
"1263","PN_SOLID_FREQ_5","pn_solid_freq_5",997,"Frequency of giving (semi-)solids when breastfeeding","MISAME3_WIDE","Post Natal FU M05",NA,NA,NA,0,"missing"
"1271","PN_SOLID_TIME_5","pn_solid_time_5",998,"Time of introduction of solids","MISAME3_WIDE",NA,NA,NA,NA,0,"missing"
"1255","PN_SOLID_6","pn_solid_6",999,"solids during breastfeeding","MISAME3_WIDE","Post Natal FU M06","SLDFEDFL",NA,NA,275,"yes"
"1264","PN_SOLID_FREQ_6","pn_solid_freq_6",1000,"Frequency of giving (semi-)solids when breastfeeding","MISAME3_WIDE","Post Natal FU M06",NA,NA,NA,1,"missing"
"1272","PN_SOLID_TIME_6","pn_solid_time_6",1001,"Time of introduction of solids","MISAME3_WIDE",NA,NA,NA,NA,1,"missing"
"1256","PN_SOLID_9","pn_solid_9",1002,"solids during breastfeeding","MISAME3_WIDE","Post Natal FU M09","SLDFEDFL",NA,NA,168,"yes"
"1265","PN_SOLID_FREQ_9","pn_solid_freq_9",1003,"Frequency of giving (semi-)solids when breastfeeding","MISAME3_WIDE","Post Natal FU M09",NA,NA,NA,166,"missing"
"1273","PN_SOLID_TIME_9","pn_solid_time_9",1004,"Time of introduction of solids","MISAME3_WIDE",NA,NA,NA,NA,166,"missing"
"1250","PN_SOLID_12","pn_solid_12",1005,"solids during breastfeeding","MISAME3_WIDE","Post Natal FU M12","SLDFEDFL",NA,NA,0,"missing"
"1259","PN_SOLID_FREQ_12","pn_solid_freq_12",1006,"Frequency of giving (semi-)solids when breastfeeding","MISAME3_WIDE","Post Natal FU M12",NA,NA,NA,0,"missing"
"1267","PN_SOLID_TIME_12","pn_solid_time_12",1007,"Time of introduction of solids","MISAME3_WIDE",NA,NA,NA,NA,0,"missing"
"1257","PN_SOLID_AGE_","pn_solid_age_",1008,"Age of introduction of solids","MISAME3_WIDE",NA,"AGEDAYS, SLDFEDFL,  FEEDING, FEEDINGN",NA,NA,289,"yes"
"956","PN_LIQ_FREQ_1","pn_liq_freq_1",1009,"Frequency of giving liquids when breastfeeding","MISAME3_WIDE",NA,NA,NA,NA,4,"missing"
"958","PN_LIQ_FREQ_2","pn_liq_freq_2",1010,"Frequency of giving liquids when breastfeeding","MISAME3_WIDE",NA,NA,NA,NA,4,"missing"
"959","PN_LIQ_FREQ_3","pn_liq_freq_3",1011,"Frequency of giving liquids when breastfeeding","MISAME3_WIDE",NA,NA,NA,NA,6,"missing"
"960","PN_LIQ_FREQ_4","pn_liq_freq_4",1012,"Frequency of giving liquids when breastfeeding","MISAME3_WIDE",NA,NA,NA,NA,6,"missing"
"961","PN_LIQ_FREQ_5","pn_liq_freq_5",1013,"Frequency of giving liquids when breastfeeding","MISAME3_WIDE",NA,NA,NA,NA,9,"missing"
"962","PN_LIQ_FREQ_6","pn_liq_freq_6",1014,"Frequency of giving liquids when breastfeeding","MISAME3_WIDE",NA,NA,NA,NA,20,"missing"
"963","PN_LIQ_FREQ_9","pn_liq_freq_9",1015,"Frequency of giving liquids when breastfeeding","MISAME3_WIDE",NA,NA,NA,NA,167,"missing"
"957","PN_LIQ_FREQ_12","pn_liq_freq_12",1016,"Frequency of giving liquids when breastfeeding","MISAME3_WIDE",NA,NA,NA,NA,0,"missing"
"955","PN_LIGUID_AGE_","pn_liguid_age_",1017,"Age of introduction of liquids","MISAME3_WIDE",NA,"FEEDING, FEEDINGN",NA,NA,289,"yes"
"904","PN_EBF_AGE_","pn_ebf_age_",1018,"Exclusively breastfeeding age","MISAME3_WIDE",NA,"EXBFEDFL, AGEDAYS",NA,NA,289,"yes"
"881","PN_DDS_9","pn_dds_9",1019,"Infant dietary diversity score","MISAME3_WIDE","Post Natal FU M09","GFSTRESN","DIETSCR","Child",168,"no"
"883","PN_DDS_MIN_9","pn_dds_min_9",1020,"Infant minimum dietary diversity score","MISAME3_WIDE","Post Natal FU M09","GFSTRESN","MINDTSCR","Child",168,"no"
"880","PN_DDS_12","pn_dds_12",1021,"Infant dietary diversity score","MISAME3_WIDE","Post Natal FU M12","GFSTRESN","DIETSCR","Child",0,"missing"
"882","PN_DDS_MIN_12","pn_dds_min_12",1022,"Infant minimum dietary diversity score","MISAME3_WIDE","Post Natal FU M12","GFSTRESN","MINDTSCR","Child",0,"missing"
"1224","PN_NO_FRUITVEG_9","pn_no_fruitveg_9",1023,"Infant consumed no fruits and vegetables","MISAME3_WIDE",NA,NA,NA,NA,130,"missing"
"1223","PN_NO_FRUITVEG_12","pn_no_fruitveg_12",1024,"Infant consumed no fruits and vegetables","MISAME3_WIDE",NA,NA,NA,NA,0,"missing"
"905","PN_EDS_Q1_2","pn_eds_q1_2",1025,"I have been able to laugh and see the funny side of things","MISAME3_WIDE","Post Natal FU M02","QSSTRESC","EPDSQ01","Mother",268,"no"
"907","PN_EDS_Q10_2","pn_eds_q10_2",1026,"The thought of harming myself has occurred to me","MISAME3_WIDE","Post Natal FU M02","QSSTRESC","EPDSQ10","Mother",268,"no"
"906","PN_EDS_Q1_6","pn_eds_q1_6",1027,"I have been able to laugh and see the funny side of things","MISAME3_WIDE","Post Natal FU M06","QSSTRESC","EPDSQ01","Mother",268,"no"
"908","PN_EDS_Q10_6","pn_eds_q10_6",1028,"The thought of harming myself has occurred to me","MISAME3_WIDE","Post Natal FU M06","QSSTRESC","EPDSQ10","Mother",268,"no"
"909","PN_EDS_Q2_2","pn_eds_q2_2",1029,"I have looked forward with enjoyment to things","MISAME3_WIDE","Post Natal FU M02","QSSTRESC","EPDSQ02","Mother",268,"no"
"910","PN_EDS_Q2_6","pn_eds_q2_6",1030,"I have looked forward with enjoyment to things","MISAME3_WIDE","Post Natal FU M06","QSSTRESC","EPDSQ02","Mother",268,"no"
"911","PN_EDS_Q3_2","pn_eds_q3_2",1031,"I have blamed myself unnecessarily when things went wrong","MISAME3_WIDE","Post Natal FU M02","QSSTRESC","EPDSQ03","Mother",268,"no"
"912","PN_EDS_Q3_6","pn_eds_q3_6",1032,"I have blamed myself unnecessarily when things went wrong","MISAME3_WIDE","Post Natal FU M06","QSSTRESC","EPDSQ03","Mother",268,"no"
"913","PN_EDS_Q4_2","pn_eds_q4_2",1033,"I have been anxious or worried for no good reason","MISAME3_WIDE","Post Natal FU M02","QSSTRESC","EPDSQ04","Mother",268,"no"
"914","PN_EDS_Q4_6","pn_eds_q4_6",1034,"I have been anxious or worried for no good reason","MISAME3_WIDE","Post Natal FU M06","QSSTRESC","EPDSQ04","Mother",268,"no"
"915","PN_EDS_Q5_2","pn_eds_q5_2",1035,"I have felt scared or panicky for no very good reason","MISAME3_WIDE","Post Natal FU M02","QSSTRESC","EPDSQ05","Mother",268,"no"
"916","PN_EDS_Q5_6","pn_eds_q5_6",1036,"I have felt scared or panicky for no very good reason","MISAME3_WIDE","Post Natal FU M06","QSSTRESC","EPDSQ05","Mother",268,"no"
"917","PN_EDS_Q6_2","pn_eds_q6_2",1037,"Things have been getting on top of me","MISAME3_WIDE","Post Natal FU M02","QSSTRESC","EPDSQ06","Mother",268,"no"
"918","PN_EDS_Q6_6","pn_eds_q6_6",1038,"Things have been getting on top of me","MISAME3_WIDE","Post Natal FU M06","QSSTRESC","EPDSQ06","Mother",268,"no"
"919","PN_EDS_Q7_2","pn_eds_q7_2",1039,"I have been so unhappy that I have had difficulty sleeping","MISAME3_WIDE","Post Natal FU M02","QSSTRESC","EPDSQ07","Mother",268,"no"
"920","PN_EDS_Q7_6","pn_eds_q7_6",1040,"I have been so unhappy that I have had difficulty sleeping","MISAME3_WIDE","Post Natal FU M06","QSSTRESC","EPDSQ07","Mother",268,"no"
"921","PN_EDS_Q8_2","pn_eds_q8_2",1041,"I have felt sad or miserable","MISAME3_WIDE","Post Natal FU M02","QSSTRESC","EPDSQ08","Mother",268,"no"
"922","PN_EDS_Q8_6","pn_eds_q8_6",1042,"I have felt sad or miserable","MISAME3_WIDE","Post Natal FU M06","QSSTRESC","EPDSQ08","Mother",268,"no"
"923","PN_EDS_Q9_2","pn_eds_q9_2",1043,"I have been so unhappy that I have been crying","MISAME3_WIDE","Post Natal FU M02","QSSTRESC","EPDSQ09","Mother",268,"no"
"924","PN_EDS_Q9_6","pn_eds_q9_6",1044,"I have been so unhappy that I have been crying","MISAME3_WIDE","Post Natal FU M06","QSSTRESC","EPDSQ09","Mother",268,"no"
"931","PN_FEVER_REPORT_1","pn_fever_report_1",1045,"Nr days with fever over last 7 days (reported)","MISAME3_WIDE","Post Natal FU M01","CETERM",NA,"Child",275,"no"
"933","PN_FEVER_REPORT_2","pn_fever_report_2",1046,"Nr days with fever over last 7 days (reported)","MISAME3_WIDE","Post Natal FU M02","CETERM",NA,"Child",276,"no"
"934","PN_FEVER_REPORT_3","pn_fever_report_3",1047,"Nr days with fever over last 7 days (reported)","MISAME3_WIDE","Post Natal FU M03","CETERM",NA,"Child",265,"no"
"935","PN_FEVER_REPORT_4","pn_fever_report_4",1048,"Nr days with fever over last 7 days (reported)","MISAME3_WIDE","Post Natal FU M04","CETERM",NA,"Child",279,"no"
"936","PN_FEVER_REPORT_5","pn_fever_report_5",1049,"Nr days with fever over last 7 days (reported)","MISAME3_WIDE","Post Natal FU M05","CETERM",NA,"Child",267,"no"
"937","PN_FEVER_REPORT_6","pn_fever_report_6",1050,"Nr days with fever over last 7 days (reported)","MISAME3_WIDE","Post Natal FU M06","CETERM",NA,"Child",275,"no"
"938","PN_FEVER_REPORT_9","pn_fever_report_9",1051,"Nr days with fever over last 7 days (reported)","MISAME3_WIDE","Post Natal FU M09","CETERM",NA,"Child",168,"no"
"932","PN_FEVER_REPORT_12","pn_fever_report_12",1052,"Nr days with fever over last 7 days (reported)","MISAME3_WIDE","Post Natal FU M12","CETERM",NA,"Child",0,"missing"
"939","PN_FEVER_REPORT_LP_","pn_fever_report_lp_",1053,"Longitudinal prevalence of fever during 6 mo","MISAME3_WIDE",NA,NA,NA,NA,289,"missing"
"887","PN_DIARRHEA_REPORT_1","pn_diarrhea_report_1",1054,"Nr days with diarrhea over last 7 days (reported)","MISAME3_WIDE","Post Natal FU M01","CETERM, DIARFL_R",NA,"Child",275,"yes"
"889","PN_DIARRHEA_REPORT_2","pn_diarrhea_report_2",1055,"Nr days with diarrhea over last 7 days (reported)","MISAME3_WIDE","Post Natal FU M02","CETERM, DIARFL_R",NA,"Child",276,"yes"
"890","PN_DIARRHEA_REPORT_3","pn_diarrhea_report_3",1056,"Nr days with diarrhea over last 7 days (reported)","MISAME3_WIDE","Post Natal FU M03","CETERM, DIARFL_R",NA,"Child",265,"yes"
"891","PN_DIARRHEA_REPORT_4","pn_diarrhea_report_4",1057,"Nr days with diarrhea over last 7 days (reported)","MISAME3_WIDE","Post Natal FU M04","CETERM, DIARFL_R",NA,"Child",279,"yes"
"892","PN_DIARRHEA_REPORT_5","pn_diarrhea_report_5",1058,"Nr days with diarrhea over last 7 days (reported)","MISAME3_WIDE","Post Natal FU M05","CETERM, DIARFL_R",NA,"Child",267,"yes"
"893","PN_DIARRHEA_REPORT_6","pn_diarrhea_report_6",1059,"Nr days with diarrhea over last 7 days (reported)","MISAME3_WIDE","Post Natal FU M06","CETERM, DIARFL_R",NA,"Child",275,"yes"
"894","PN_DIARRHEA_REPORT_9","pn_diarrhea_report_9",1060,"Nr days with diarrhea over last 7 days (reported)","MISAME3_WIDE","Post Natal FU M09","CETERM, DIARFL_R",NA,"Child",168,"yes"
"888","PN_DIARRHEA_REPORT_12","pn_diarrhea_report_12",1061,"Nr days with diarrhea over last 7 days (reported)","MISAME3_WIDE","Post Natal FU M12","CETERM, DIARFL_R",NA,"Child",0,"missing"
"886","PN_DIARRHEA_LP_","pn_diarrhea_lp_",1062,"Longitudinal prevalence of diarrhea during 6 mo","MISAME3_WIDE",NA,NA,NA,NA,289,"missing"
"1279","PN_VOMIT_REPORT_1","pn_vomit_report_1",1063,"Nr days with vomiting over last 7 days (reported)","MISAME3_WIDE","Post Natal FU M01","CETERM, VOMFL_R",NA,"Child",275,"yes"
"1281","PN_VOMIT_REPORT_2","pn_vomit_report_2",1064,"Nr days with vomiting over last 7 days (reported)","MISAME3_WIDE","Post Natal FU M02","CETERM, VOMFL_R",NA,"Child",276,"yes"
"1282","PN_VOMIT_REPORT_3","pn_vomit_report_3",1065,"Nr days with vomiting over last 7 days (reported)","MISAME3_WIDE","Post Natal FU M03","CETERM, VOMFL_R",NA,"Child",265,"yes"
"1283","PN_VOMIT_REPORT_4","pn_vomit_report_4",1066,"Nr days with vomiting over last 7 days (reported)","MISAME3_WIDE","Post Natal FU M04","CETERM, VOMFL_R",NA,"Child",279,"yes"
"1284","PN_VOMIT_REPORT_5","pn_vomit_report_5",1067,"Nr days with vomiting over last 7 days (reported)","MISAME3_WIDE","Post Natal FU M05","CETERM, VOMFL_R",NA,"Child",267,"yes"
"1285","PN_VOMIT_REPORT_6","pn_vomit_report_6",1068,"Nr days with vomiting over last 7 days (reported)","MISAME3_WIDE","Post Natal FU M06","CETERM, VOMFL_R",NA,"Child",275,"yes"
"1286","PN_VOMIT_REPORT_9","pn_vomit_report_9",1069,"Nr days with vomiting over last 7 days (reported)","MISAME3_WIDE","Post Natal FU M09","CETERM, VOMFL_R",NA,"Child",168,"yes"
"1280","PN_VOMIT_REPORT_12","pn_vomit_report_12",1070,"Nr days with vomiting over last 7 days (reported)","MISAME3_WIDE","Post Natal FU M12","CETERM, VOMFL_R",NA,"Child",0,"missing"
"1278","PN_VOMIT_LP_","pn_vomit_lp_",1071,"Longitudinal prevalence of vomiting during 6 mo","MISAME3_WIDE",NA,NA,NA,NA,289,"missing"
"782","PN_COUGH_REPORT_1","pn_cough_report_1",1072,"Nr days with cough over last 7 days (reported)","MISAME3_WIDE","Post Natal FU M01","CETERM",NA,"Child",275,"no"
"784","PN_COUGH_REPORT_2","pn_cough_report_2",1073,"Nr days with cough over last 7 days (reported)","MISAME3_WIDE","Post Natal FU M02","CETERM",NA,"Child",276,"no"
"785","PN_COUGH_REPORT_3","pn_cough_report_3",1074,"Nr days with cough over last 7 days (reported)","MISAME3_WIDE","Post Natal FU M03","CETERM",NA,"Child",265,"no"
"786","PN_COUGH_REPORT_4","pn_cough_report_4",1075,"Nr days with cough over last 7 days (reported)","MISAME3_WIDE","Post Natal FU M04","CETERM",NA,"Child",279,"no"
"787","PN_COUGH_REPORT_5","pn_cough_report_5",1076,"Nr days with cough over last 7 days (reported)","MISAME3_WIDE","Post Natal FU M05","CETERM",NA,"Child",267,"no"
"788","PN_COUGH_REPORT_6","pn_cough_report_6",1077,"Nr days with cough over last 7 days (reported)","MISAME3_WIDE","Post Natal FU M06","CETERM",NA,"Child",275,"no"
"789","PN_COUGH_REPORT_9","pn_cough_report_9",1078,"Nr days with cough over last 7 days (reported)","MISAME3_WIDE","Post Natal FU M09","CETERM",NA,"Child",168,"no"
"783","PN_COUGH_REPORT_12","pn_cough_report_12",1079,"Nr days with cough over last 7 days (reported)","MISAME3_WIDE","Post Natal FU M12","CETERM",NA,"Child",0,"missing"
"781","PN_COUGH_LP_","pn_cough_lp_",1080,"Longitudinal prevalence of cough during 6 mo","MISAME3_WIDE",NA,NA,NA,NA,289,"missing"
"1230","PN_RUNNYNOSE_REPORT_1","pn_runnynose_report_1",1081,"Nr days with runny nose over last 7 days (reported)","MISAME3_WIDE","Post Natal FU M01","CETERM",NA,"Child",275,"no"
"1232","PN_RUNNYNOSE_REPORT_2","pn_runnynose_report_2",1082,"Nr days with runny nose over last 7 days (reported)","MISAME3_WIDE","Post Natal FU M02","CETERM",NA,"Child",276,"no"
"1233","PN_RUNNYNOSE_REPORT_3","pn_runnynose_report_3",1083,"Nr days with runny nose over last 7 days (reported)","MISAME3_WIDE","Post Natal FU M03","CETERM",NA,"Child",265,"no"
"1234","PN_RUNNYNOSE_REPORT_4","pn_runnynose_report_4",1084,"Nr days with runny nose over last 7 days (reported)","MISAME3_WIDE","Post Natal FU M04","CETERM",NA,"Child",279,"no"
"1235","PN_RUNNYNOSE_REPORT_5","pn_runnynose_report_5",1085,"Nr days with runny nose over last 7 days (reported)","MISAME3_WIDE","Post Natal FU M05","CETERM",NA,"Child",267,"no"
"1236","PN_RUNNYNOSE_REPORT_6","pn_runnynose_report_6",1086,"Nr days with runny nose over last 7 days (reported)","MISAME3_WIDE","Post Natal FU M06","CETERM",NA,"Child",275,"no"
"1237","PN_RUNNYNOSE_REPORT_9","pn_runnynose_report_9",1087,"Nr days with runny nose over last 7 days (reported)","MISAME3_WIDE","Post Natal FU M09","CETERM",NA,"Child",168,"no"
"1231","PN_RUNNYNOSE_REPORT_12","pn_runnynose_report_12",1088,"Nr days with runny nose over last 7 days (reported)","MISAME3_WIDE","Post Natal FU M12","CETERM",NA,"Child",0,"missing"
"1229","PN_RUNNYNOSE_LP_","pn_runnynose_lp_",1089,"Longitudinal prevalence of runny nose during 6 mo","MISAME3_WIDE",NA,NA,NA,NA,289,"missing"
"896","PN_DIFFBREATH_REPORT_1","pn_diffbreath_report_1",1090,"Nr days with difficulty of breathing over last 7 days (reported)","MISAME3_WIDE","Post Natal FU M01","CETERM",NA,"Child",275,"no"
"898","PN_DIFFBREATH_REPORT_2","pn_diffbreath_report_2",1091,"Nr days with difficulty of breathing over last 7 days (reported)","MISAME3_WIDE","Post Natal FU M02","CETERM",NA,"Child",276,"no"
"899","PN_DIFFBREATH_REPORT_3","pn_diffbreath_report_3",1092,"Nr days with difficulty of breathing over last 7 days (reported)","MISAME3_WIDE","Post Natal FU M03","CETERM",NA,"Child",265,"no"
"900","PN_DIFFBREATH_REPORT_4","pn_diffbreath_report_4",1093,"Nr days with difficulty of breathing over last 7 days (reported)","MISAME3_WIDE","Post Natal FU M04","CETERM",NA,"Child",279,"no"
"901","PN_DIFFBREATH_REPORT_5","pn_diffbreath_report_5",1094,"Nr days with difficulty of breathing over last 7 days (reported)","MISAME3_WIDE","Post Natal FU M05","CETERM",NA,"Child",267,"no"
"902","PN_DIFFBREATH_REPORT_6","pn_diffbreath_report_6",1095,"Nr days with difficulty of breathing over last 7 days (reported)","MISAME3_WIDE","Post Natal FU M06","CETERM",NA,"Child",275,"no"
"903","PN_DIFFBREATH_REPORT_9","pn_diffbreath_report_9",1096,"Nr days with difficulty of breathing over last 7 days (reported)","MISAME3_WIDE","Post Natal FU M09","CETERM",NA,"Child",168,"no"
"897","PN_DIFFBREATH_REPORT_12","pn_diffbreath_report_12",1097,"Nr days with difficulty of breathing over last 7 days (reported)","MISAME3_WIDE","Post Natal FU M12","CETERM",NA,"Child",0,"missing"
"895","PN_DIFFBREATH_LP_","pn_diffbreath_lp_",1098,"Longitudinal prevalence of difficulty of breathing during 6 mo","MISAME3_WIDE",NA,NA,NA,NA,289,"missing"
"947","PN_GRUNTING_REPORT_1","pn_grunting_report_1",1099,"Nr days with grunting over last 7 days (reported)","MISAME3_WIDE","Post Natal FU M01","CETERM",NA,"Child",275,"no"
"949","PN_GRUNTING_REPORT_2","pn_grunting_report_2",1100,"Nr days with grunting over last 7 days (reported)","MISAME3_WIDE","Post Natal FU M02","CETERM",NA,"Child",276,"no"
"950","PN_GRUNTING_REPORT_3","pn_grunting_report_3",1101,"Nr days with grunting over last 7 days (reported)","MISAME3_WIDE","Post Natal FU M03","CETERM",NA,"Child",265,"no"
"951","PN_GRUNTING_REPORT_4","pn_grunting_report_4",1102,"Nr days with grunting over last 7 days (reported)","MISAME3_WIDE","Post Natal FU M04","CETERM",NA,"Child",279,"no"
"952","PN_GRUNTING_REPORT_5","pn_grunting_report_5",1103,"Nr days with grunting over last 7 days (reported)","MISAME3_WIDE","Post Natal FU M05","CETERM",NA,"Child",267,"no"
"953","PN_GRUNTING_REPORT_6","pn_grunting_report_6",1104,"Nr days with grunting over last 7 days (reported)","MISAME3_WIDE","Post Natal FU M06","CETERM",NA,"Child",275,"no"
"954","PN_GRUNTING_REPORT_9","pn_grunting_report_9",1105,"Nr days with grunting over last 7 days (reported)","MISAME3_WIDE","Post Natal FU M09","CETERM",NA,"Child",168,"no"
"948","PN_GRUNTING_REPORT_12","pn_grunting_report_12",1106,"Nr days with grunting over last 7 days (reported)","MISAME3_WIDE","Post Natal FU M12","CETERM",NA,"Child",0,"missing"
"946","PN_GRUNTING_LP_","pn_grunting_lp_",1107,"Longitudinal prevalence of grunting during 6 mo","MISAME3_WIDE",NA,NA,NA,NA,289,"missing"
"1241","PN_SKINLESION_REPORT_1","pn_skinlesion_report_1",1108,"Nr days with skin lesion over last 7 days (reported)","MISAME3_WIDE","Post Natal FU M01","CETERM",NA,"Child",275,"no"
"1243","PN_SKINLESION_REPORT_2","pn_skinlesion_report_2",1109,"Nr days with skin lesion over last 7 days (reported)","MISAME3_WIDE","Post Natal FU M02","CETERM",NA,"Child",276,"no"
"1244","PN_SKINLESION_REPORT_3","pn_skinlesion_report_3",1110,"Nr days with skin lesion over last 7 days (reported)","MISAME3_WIDE","Post Natal FU M03","CETERM",NA,"Child",265,"no"
"1245","PN_SKINLESION_REPORT_4","pn_skinlesion_report_4",1111,"Nr days with skin lesion over last 7 days (reported)","MISAME3_WIDE","Post Natal FU M04","CETERM",NA,"Child",279,"no"
"1246","PN_SKINLESION_REPORT_5","pn_skinlesion_report_5",1112,"Nr days with skin lesion over last 7 days (reported)","MISAME3_WIDE","Post Natal FU M05","CETERM",NA,"Child",267,"no"
"1247","PN_SKINLESION_REPORT_6","pn_skinlesion_report_6",1113,"Nr days with skin lesion over last 7 days (reported)","MISAME3_WIDE","Post Natal FU M06","CETERM",NA,"Child",275,"no"
"1248","PN_SKINLESION_REPORT_9","pn_skinlesion_report_9",1114,"Nr days with skin lesion over last 7 days (reported)","MISAME3_WIDE","Post Natal FU M09","CETERM",NA,"Child",168,"no"
"1242","PN_SKINLESION_REPORT_12","pn_skinlesion_report_12",1115,"Nr days with skin lesion over last 7 days (reported)","MISAME3_WIDE","Post Natal FU M12","CETERM",NA,"Child",0,"missing"
"1240","PN_SKINLESION_LP_","pn_skinlesion_lp_",1116,"Longitudinal prevalence of skin lesion during 6 mo","MISAME3_WIDE",NA,NA,NA,NA,289,"missing"
"1215","PN_MORBI_OTHER_1","pn_morbi_other_1",1117,"Nr days with other illnesses over last 7 days (reported)","MISAME3_WIDE","Post Natal FU M01","CETERM",NA,"Child",275,"no"
"1217","PN_MORBI_OTHER_2","pn_morbi_other_2",1118,"Nr days with other illnesses over last 7 days (reported)","MISAME3_WIDE","Post Natal FU M02","CETERM",NA,"Child",276,"no"
"1218","PN_MORBI_OTHER_3","pn_morbi_other_3",1119,"Nr days with other illnesses over last 7 days (reported)","MISAME3_WIDE","Post Natal FU M03","CETERM",NA,"Child",265,"no"
"1219","PN_MORBI_OTHER_4","pn_morbi_other_4",1120,"Nr days with other illnesses over last 7 days (reported)","MISAME3_WIDE","Post Natal FU M04","CETERM",NA,"Child",279,"no"
"1220","PN_MORBI_OTHER_5","pn_morbi_other_5",1121,"Nr days with other illnesses over last 7 days (reported)","MISAME3_WIDE","Post Natal FU M05","CETERM",NA,"Child",267,"no"
"1221","PN_MORBI_OTHER_6","pn_morbi_other_6",1122,"Nr days with other illnesses over last 7 days (reported)","MISAME3_WIDE","Post Natal FU M06","CETERM",NA,"Child",275,"no"
"1222","PN_MORBI_OTHER_9","pn_morbi_other_9",1123,"Nr days with other illnesses over last 7 days (reported)","MISAME3_WIDE","Post Natal FU M09","CETERM",NA,"Child",168,"no"
"1216","PN_MORBI_OTHER_12","pn_morbi_other_12",1124,"Nr days with other illnesses over last 7 days (reported)","MISAME3_WIDE","Post Natal FU M12","CETERM",NA,"Child",0,"missing"
"1206","PN_MORB_OTHER_","pn_morb_other_",1125,"Longitudinal prevalence of other illnesses  during 6 mo","MISAME3_WIDE",NA,NA,NA,NA,289,"missing"
"642","PN_BODY_TEMP_1","pn_body_temp_1",1126,"Body temperature measured","MISAME3_WIDE","Post Natal FU M01","VSSTRESN","TEMP","Child",275,"yes"
"644","PN_BODY_TEMP_2","pn_body_temp_2",1127,"Body temperature measured","MISAME3_WIDE","Post Natal FU M02","VSSTRESN","TEMP","Child",276,"yes"
"645","PN_BODY_TEMP_3","pn_body_temp_3",1128,"Body temperature measured","MISAME3_WIDE","Post Natal FU M03","VSSTRESN","TEMP","Child",265,"yes"
"646","PN_BODY_TEMP_4","pn_body_temp_4",1129,"Body temperature measured","MISAME3_WIDE","Post Natal FU M04","VSSTRESN","TEMP","Child",279,"yes"
"647","PN_BODY_TEMP_5","pn_body_temp_5",1130,"Body temperature measured","MISAME3_WIDE","Post Natal FU M05","VSSTRESN","TEMP","Child",267,"yes"
"648","PN_BODY_TEMP_6","pn_body_temp_6",1131,"Body temperature measured","MISAME3_WIDE","Post Natal FU M06","VSSTRESN","TEMP","Child",275,"yes"
"649","PN_BODY_TEMP_9","pn_body_temp_9",1132,"Body temperature measured","MISAME3_WIDE","Post Natal FU M09","VSSTRESN","TEMP","Child",130,"yes"
"643","PN_BODY_TEMP_12","pn_body_temp_12",1133,"Body temperature measured","MISAME3_WIDE","Post Natal FU M12","VSSTRESN","TEMP","Child",0,"missing"
"930","PN_FEVER_OBSERVED_LP_","pn_fever_observed_lp_",1134,"Longitudinal prevalence of fever (based on measurted BT) during 6 mo","MISAME3_WIDE",NA,NA,NA,NA,289,"missing"
"1207","PN_MORBI_C1CD9A_1","pn_morbi_c1cd9a_1",1135,"Morbi 1 child cd9a","MISAME3_WIDE","Post Natal FU M01","CETERM",NA,"Child",1,"missing"
"1209","PN_MORBI_C1CD9A_2","pn_morbi_c1cd9a_2",1136,"Morbi 1 child cd9a","MISAME3_WIDE","Post Natal FU M02","CETERM",NA,"Child",0,"missing"
"1210","PN_MORBI_C1CD9A_3","pn_morbi_c1cd9a_3",1137,"Morbi 1 child cd9a","MISAME3_WIDE","Post Natal FU M03","CETERM",NA,"Child",1,"missing"
"1211","PN_MORBI_C1CD9A_4","pn_morbi_c1cd9a_4",1138,"Morbi 1 child cd9a","MISAME3_WIDE","Post Natal FU M04","CETERM",NA,"Child",2,"missing"
"1212","PN_MORBI_C1CD9A_5","pn_morbi_c1cd9a_5",1139,"Morbi 1 child cd9a","MISAME3_WIDE","Post Natal FU M05","CETERM",NA,"Child",0,"missing"
"1213","PN_MORBI_C1CD9A_6","pn_morbi_c1cd9a_6",1140,"Morbi 1 child cd9a","MISAME3_WIDE","Post Natal FU M06","CETERM",NA,"Child",0,"missing"
"1214","PN_MORBI_C1CD9A_9","pn_morbi_c1cd9a_9",1141,"Morbi 1 child cd9a","MISAME3_WIDE","Post Natal FU M09","CETERM",NA,"Child",3,"missing"
"1208","PN_MORBI_C1CD9A_12","pn_morbi_c1cd9a_12",1142,"Morbi 1 child cd9a","MISAME3_WIDE","Post Natal FU M12","CETERM",NA,"Child",0,"missing"
"1126","PN_MORB_CCONSUL_0_1","pn_morb_cconsul_0_1",1143,"Infant received consultation: No","MISAME3_WIDE",NA,NA,NA,NA,275,"missing"
"1128","PN_MORB_CCONSUL_0_2","pn_morb_cconsul_0_2",1144,"Infant received consultation: No","MISAME3_WIDE",NA,NA,NA,NA,276,"missing"
"1129","PN_MORB_CCONSUL_0_3","pn_morb_cconsul_0_3",1145,"Infant received consultation: No","MISAME3_WIDE",NA,NA,NA,NA,265,"missing"
"1130","PN_MORB_CCONSUL_0_4","pn_morb_cconsul_0_4",1146,"Infant received consultation: No","MISAME3_WIDE",NA,NA,NA,NA,279,"missing"
"1131","PN_MORB_CCONSUL_0_5","pn_morb_cconsul_0_5",1147,"Infant received consultation: No","MISAME3_WIDE",NA,NA,NA,NA,267,"missing"
"1132","PN_MORB_CCONSUL_0_6","pn_morb_cconsul_0_6",1148,"Infant received consultation: No","MISAME3_WIDE",NA,NA,NA,NA,275,"missing"
"1133","PN_MORB_CCONSUL_0_9","pn_morb_cconsul_0_9",1149,"Infant received consultation: No","MISAME3_WIDE",NA,NA,NA,NA,168,"missing"
"1127","PN_MORB_CCONSUL_0_12","pn_morb_cconsul_0_12",1150,"Infant received consultation: No","MISAME3_WIDE",NA,NA,NA,NA,0,"missing"
"1134","PN_MORB_CCONSUL_1_1","pn_morb_cconsul_1_1",1151,"Infant received consultation: Yes, at CSPS","MISAME3_WIDE",NA,NA,NA,NA,275,"missing"
"1136","PN_MORB_CCONSUL_1_2","pn_morb_cconsul_1_2",1152,"Infant received consultation: Yes, at CSPS","MISAME3_WIDE",NA,NA,NA,NA,276,"missing"
"1137","PN_MORB_CCONSUL_1_3","pn_morb_cconsul_1_3",1153,"Infant received consultation: Yes, at CSPS","MISAME3_WIDE",NA,NA,NA,NA,265,"missing"
"1138","PN_MORB_CCONSUL_1_4","pn_morb_cconsul_1_4",1154,"Infant received consultation: Yes, at CSPS","MISAME3_WIDE",NA,NA,NA,NA,279,"missing"
"1139","PN_MORB_CCONSUL_1_5","pn_morb_cconsul_1_5",1155,"Infant received consultation: Yes, at CSPS","MISAME3_WIDE",NA,NA,NA,NA,267,"missing"
"1140","PN_MORB_CCONSUL_1_6","pn_morb_cconsul_1_6",1156,"Infant received consultation: Yes, at CSPS","MISAME3_WIDE",NA,NA,NA,NA,275,"missing"
"1141","PN_MORB_CCONSUL_1_9","pn_morb_cconsul_1_9",1157,"Infant received consultation: Yes, at CSPS","MISAME3_WIDE",NA,NA,NA,NA,168,"missing"
"1135","PN_MORB_CCONSUL_1_12","pn_morb_cconsul_1_12",1158,"Infant received consultation: Yes, at CSPS","MISAME3_WIDE",NA,NA,NA,NA,0,"missing"
"1142","PN_MORB_CCONSUL_2_1","pn_morb_cconsul_2_1",1159,"Infant received consultation: Yes at hospital","MISAME3_WIDE",NA,NA,NA,NA,275,"missing"
"1144","PN_MORB_CCONSUL_2_2","pn_morb_cconsul_2_2",1160,"Infant received consultation: Yes at hospital","MISAME3_WIDE",NA,NA,NA,NA,276,"missing"
"1145","PN_MORB_CCONSUL_2_3","pn_morb_cconsul_2_3",1161,"Infant received consultation: Yes at hospital","MISAME3_WIDE",NA,NA,NA,NA,265,"missing"
"1146","PN_MORB_CCONSUL_2_4","pn_morb_cconsul_2_4",1162,"Infant received consultation: Yes at hospital","MISAME3_WIDE",NA,NA,NA,NA,279,"missing"
"1147","PN_MORB_CCONSUL_2_5","pn_morb_cconsul_2_5",1163,"Infant received consultation: Yes at hospital","MISAME3_WIDE",NA,NA,NA,NA,267,"missing"
"1148","PN_MORB_CCONSUL_2_6","pn_morb_cconsul_2_6",1164,"Infant received consultation: Yes at hospital","MISAME3_WIDE",NA,NA,NA,NA,275,"missing"
"1149","PN_MORB_CCONSUL_2_9","pn_morb_cconsul_2_9",1165,"Infant received consultation: Yes at hospital","MISAME3_WIDE",NA,NA,NA,NA,168,"missing"
"1143","PN_MORB_CCONSUL_2_12","pn_morb_cconsul_2_12",1166,"Infant received consultation: Yes at hospital","MISAME3_WIDE",NA,NA,NA,NA,0,"missing"
"1150","PN_MORB_CCONSUL_3_1","pn_morb_cconsul_3_1",1167,"Infant received consultation: Yes, by a traditional healer","MISAME3_WIDE",NA,NA,NA,NA,275,"missing"
"1152","PN_MORB_CCONSUL_3_2","pn_morb_cconsul_3_2",1168,"Infant received consultation: Yes, by a traditional healer","MISAME3_WIDE",NA,NA,NA,NA,276,"missing"
"1153","PN_MORB_CCONSUL_3_3","pn_morb_cconsul_3_3",1169,"Infant received consultation: Yes, by a traditional healer","MISAME3_WIDE",NA,NA,NA,NA,265,"missing"
"1154","PN_MORB_CCONSUL_3_4","pn_morb_cconsul_3_4",1170,"Infant received consultation: Yes, by a traditional healer","MISAME3_WIDE",NA,NA,NA,NA,279,"missing"
"1155","PN_MORB_CCONSUL_3_5","pn_morb_cconsul_3_5",1171,"Infant received consultation: Yes, by a traditional healer","MISAME3_WIDE",NA,NA,NA,NA,267,"missing"
"1156","PN_MORB_CCONSUL_3_6","pn_morb_cconsul_3_6",1172,"Infant received consultation: Yes, by a traditional healer","MISAME3_WIDE",NA,NA,NA,NA,275,"missing"
"1157","PN_MORB_CCONSUL_3_9","pn_morb_cconsul_3_9",1173,"Infant received consultation: Yes, by a traditional healer","MISAME3_WIDE",NA,NA,NA,NA,168,"missing"
"1151","PN_MORB_CCONSUL_3_12","pn_morb_cconsul_3_12",1174,"Infant received consultation: Yes, by a traditional healer","MISAME3_WIDE",NA,NA,NA,NA,0,"missing"
"1158","PN_MORB_CCONSUL_4_1","pn_morb_cconsul_4_1",1175,"Infant received consultation: Yes, at ASBC","MISAME3_WIDE",NA,NA,NA,NA,275,"missing"
"1160","PN_MORB_CCONSUL_4_2","pn_morb_cconsul_4_2",1176,"Infant received consultation: Yes, at ASBC","MISAME3_WIDE",NA,NA,NA,NA,276,"missing"
"1161","PN_MORB_CCONSUL_4_3","pn_morb_cconsul_4_3",1177,"Infant received consultation: Yes, at ASBC","MISAME3_WIDE",NA,NA,NA,NA,265,"missing"
"1162","PN_MORB_CCONSUL_4_4","pn_morb_cconsul_4_4",1178,"Infant received consultation: Yes, at ASBC","MISAME3_WIDE",NA,NA,NA,NA,279,"missing"
"1163","PN_MORB_CCONSUL_4_5","pn_morb_cconsul_4_5",1179,"Infant received consultation: Yes, at ASBC","MISAME3_WIDE",NA,NA,NA,NA,267,"missing"
"1164","PN_MORB_CCONSUL_4_6","pn_morb_cconsul_4_6",1180,"Infant received consultation: Yes, at ASBC","MISAME3_WIDE",NA,NA,NA,NA,275,"missing"
"1165","PN_MORB_CCONSUL_4_9","pn_morb_cconsul_4_9",1181,"Infant received consultation: Yes, at ASBC","MISAME3_WIDE",NA,NA,NA,NA,168,"missing"
"1159","PN_MORB_CCONSUL_4_12","pn_morb_cconsul_4_12",1182,"Infant received consultation: Yes, at ASBC","MISAME3_WIDE",NA,NA,NA,NA,0,"missing"
"1166","PN_MORB_CCONSUL_5_1","pn_morb_cconsul_5_1",1183,"Infant received consultation: Yes, by a friend","MISAME3_WIDE",NA,NA,NA,NA,275,"missing"
"1168","PN_MORB_CCONSUL_5_2","pn_morb_cconsul_5_2",1184,"Infant received consultation: Yes, by a friend","MISAME3_WIDE",NA,NA,NA,NA,276,"missing"
"1169","PN_MORB_CCONSUL_5_3","pn_morb_cconsul_5_3",1185,"Infant received consultation: Yes, by a friend","MISAME3_WIDE",NA,NA,NA,NA,265,"missing"
"1170","PN_MORB_CCONSUL_5_4","pn_morb_cconsul_5_4",1186,"Infant received consultation: Yes, by a friend","MISAME3_WIDE",NA,NA,NA,NA,279,"missing"
"1171","PN_MORB_CCONSUL_5_5","pn_morb_cconsul_5_5",1187,"Infant received consultation: Yes, by a friend","MISAME3_WIDE",NA,NA,NA,NA,267,"missing"
"1172","PN_MORB_CCONSUL_5_6","pn_morb_cconsul_5_6",1188,"Infant received consultation: Yes, by a friend","MISAME3_WIDE",NA,NA,NA,NA,275,"missing"
"1173","PN_MORB_CCONSUL_5_9","pn_morb_cconsul_5_9",1189,"Infant received consultation: Yes, by a friend","MISAME3_WIDE",NA,NA,NA,NA,168,"missing"
"1167","PN_MORB_CCONSUL_5_12","pn_morb_cconsul_5_12",1190,"Infant received consultation: Yes, by a friend","MISAME3_WIDE",NA,NA,NA,NA,0,"missing"
"1174","PN_MORB_CCONSUL_6_1","pn_morb_cconsul_6_1",1191,"Infant received consultation: Yes, by a family member","MISAME3_WIDE",NA,NA,NA,NA,275,"missing"
"1176","PN_MORB_CCONSUL_6_2","pn_morb_cconsul_6_2",1192,"Infant received consultation: Yes, by a family member","MISAME3_WIDE",NA,NA,NA,NA,276,"missing"
"1177","PN_MORB_CCONSUL_6_3","pn_morb_cconsul_6_3",1193,"Infant received consultation: Yes, by a family member","MISAME3_WIDE",NA,NA,NA,NA,265,"missing"
"1178","PN_MORB_CCONSUL_6_4","pn_morb_cconsul_6_4",1194,"Infant received consultation: Yes, by a family member","MISAME3_WIDE",NA,NA,NA,NA,279,"missing"
"1179","PN_MORB_CCONSUL_6_5","pn_morb_cconsul_6_5",1195,"Infant received consultation: Yes, by a family member","MISAME3_WIDE",NA,NA,NA,NA,267,"missing"
"1180","PN_MORB_CCONSUL_6_6","pn_morb_cconsul_6_6",1196,"Infant received consultation: Yes, by a family member","MISAME3_WIDE",NA,NA,NA,NA,275,"missing"
"1181","PN_MORB_CCONSUL_6_9","pn_morb_cconsul_6_9",1197,"Infant received consultation: Yes, by a family member","MISAME3_WIDE",NA,NA,NA,NA,168,"missing"
"1175","PN_MORB_CCONSUL_6_12","pn_morb_cconsul_6_12",1198,"Infant received consultation: Yes, by a family member","MISAME3_WIDE",NA,NA,NA,NA,0,"missing"
"1182","PN_MORB_CCONSUL_88_1","pn_morb_cconsul_88_1",1199,"Infant received consultation: Yes, other","MISAME3_WIDE",NA,NA,NA,NA,275,"missing"
"1184","PN_MORB_CCONSUL_88_2","pn_morb_cconsul_88_2",1200,"Infant received consultation: Yes, other","MISAME3_WIDE",NA,NA,NA,NA,276,"missing"
"1185","PN_MORB_CCONSUL_88_3","pn_morb_cconsul_88_3",1201,"Infant received consultation: Yes, other","MISAME3_WIDE",NA,NA,NA,NA,265,"missing"
"1186","PN_MORB_CCONSUL_88_4","pn_morb_cconsul_88_4",1202,"Infant received consultation: Yes, other","MISAME3_WIDE",NA,NA,NA,NA,279,"missing"
"1187","PN_MORB_CCONSUL_88_5","pn_morb_cconsul_88_5",1203,"Infant received consultation: Yes, other","MISAME3_WIDE",NA,NA,NA,NA,267,"missing"
"1188","PN_MORB_CCONSUL_88_6","pn_morb_cconsul_88_6",1204,"Infant received consultation: Yes, other","MISAME3_WIDE",NA,NA,NA,NA,275,"missing"
"1189","PN_MORB_CCONSUL_88_9","pn_morb_cconsul_88_9",1205,"Infant received consultation: Yes, other","MISAME3_WIDE",NA,NA,NA,NA,168,"missing"
"1183","PN_MORB_CCONSUL_88_12","pn_morb_cconsul_88_12",1206,"Infant received consultation: Yes, other","MISAME3_WIDE",NA,NA,NA,NA,0,"missing"
"1190","PN_MORB_CCONSUL_99_1","pn_morb_cconsul_99_1",1207,"Infant received consultation: Yes, don't know","MISAME3_WIDE",NA,NA,NA,NA,275,"missing"
"1192","PN_MORB_CCONSUL_99_2","pn_morb_cconsul_99_2",1208,"Infant received consultation: Yes, don't know","MISAME3_WIDE",NA,NA,NA,NA,276,"missing"
"1193","PN_MORB_CCONSUL_99_3","pn_morb_cconsul_99_3",1209,"Infant received consultation: Yes, don't know","MISAME3_WIDE",NA,NA,NA,NA,265,"missing"
"1194","PN_MORB_CCONSUL_99_4","pn_morb_cconsul_99_4",1210,"Infant received consultation: Yes, don't know","MISAME3_WIDE",NA,NA,NA,NA,279,"missing"
"1195","PN_MORB_CCONSUL_99_5","pn_morb_cconsul_99_5",1211,"Infant received consultation: Yes, don't know","MISAME3_WIDE",NA,NA,NA,NA,267,"missing"
"1196","PN_MORB_CCONSUL_99_6","pn_morb_cconsul_99_6",1212,"Infant received consultation: Yes, don't know","MISAME3_WIDE",NA,NA,NA,NA,275,"missing"
"1197","PN_MORB_CCONSUL_99_9","pn_morb_cconsul_99_9",1213,"Infant received consultation: Yes, don't know","MISAME3_WIDE",NA,NA,NA,NA,168,"missing"
"1191","PN_MORB_CCONSUL_99_12","pn_morb_cconsul_99_12",1214,"Infant received consultation: Yes, don't know","MISAME3_WIDE",NA,NA,NA,NA,0,"missing"
"1198","PN_MORB_CCONSUL_OTHER_1","pn_morb_cconsul_other_1",1215,"Other morbidities","MISAME3_WIDE",NA,NA,NA,NA,0,"missing"
"1200","PN_MORB_CCONSUL_OTHER_2","pn_morb_cconsul_other_2",1216,"Other morbidities","MISAME3_WIDE",NA,NA,NA,NA,0,"missing"
"1201","PN_MORB_CCONSUL_OTHER_3","pn_morb_cconsul_other_3",1217,"Other morbidities","MISAME3_WIDE",NA,NA,NA,NA,0,"missing"
"1202","PN_MORB_CCONSUL_OTHER_4","pn_morb_cconsul_other_4",1218,"Other morbidities","MISAME3_WIDE",NA,NA,NA,NA,0,"missing"
"1203","PN_MORB_CCONSUL_OTHER_5","pn_morb_cconsul_other_5",1219,"Other morbidities","MISAME3_WIDE",NA,NA,NA,NA,0,"missing"
"1204","PN_MORB_CCONSUL_OTHER_6","pn_morb_cconsul_other_6",1220,"Other morbidities","MISAME3_WIDE",NA,NA,NA,NA,0,"missing"
"1205","PN_MORB_CCONSUL_OTHER_9","pn_morb_cconsul_other_9",1221,"Other morbidities","MISAME3_WIDE",NA,NA,NA,NA,0,"missing"
"1199","PN_MORB_CCONSUL_OTHER_12","pn_morb_cconsul_other_12",1222,"Other morbidities","MISAME3_WIDE",NA,NA,NA,NA,0,"missing"
"1070","PN_MORB_C1TREAT_0_1","pn_morb_c1treat_0_1",1223,"Treatment child morbidity: No","MISAME3_WIDE",NA,NA,NA,NA,275,"missing"
"1072","PN_MORB_C1TREAT_0_2","pn_morb_c1treat_0_2",1224,"Treatment child morbidity: No","MISAME3_WIDE",NA,NA,NA,NA,276,"missing"
"1073","PN_MORB_C1TREAT_0_3","pn_morb_c1treat_0_3",1225,"Treatment child morbidity: No","MISAME3_WIDE",NA,NA,NA,NA,265,"missing"
"1074","PN_MORB_C1TREAT_0_4","pn_morb_c1treat_0_4",1226,"Treatment child morbidity: No","MISAME3_WIDE",NA,NA,NA,NA,279,"missing"
"1075","PN_MORB_C1TREAT_0_5","pn_morb_c1treat_0_5",1227,"Treatment child morbidity: No","MISAME3_WIDE",NA,NA,NA,NA,267,"missing"
"1076","PN_MORB_C1TREAT_0_6","pn_morb_c1treat_0_6",1228,"Treatment child morbidity: No","MISAME3_WIDE",NA,NA,NA,NA,275,"missing"
"1077","PN_MORB_C1TREAT_0_9","pn_morb_c1treat_0_9",1229,"Treatment child morbidity: No","MISAME3_WIDE",NA,NA,NA,NA,168,"missing"
"1071","PN_MORB_C1TREAT_0_12","pn_morb_c1treat_0_12",1230,"Treatment child morbidity: No","MISAME3_WIDE",NA,NA,NA,NA,0,"missing"
"1078","PN_MORB_C1TREAT_1_1","pn_morb_c1treat_1_1",1231,"Treatment child morbidity: Yes, prescribed by health worker","MISAME3_WIDE",NA,NA,NA,NA,275,"missing"
"1080","PN_MORB_C1TREAT_1_2","pn_morb_c1treat_1_2",1232,"Treatment child morbidity: Yes, prescribed by health worker","MISAME3_WIDE",NA,NA,NA,NA,276,"missing"
"1081","PN_MORB_C1TREAT_1_3","pn_morb_c1treat_1_3",1233,"Treatment child morbidity: Yes, prescribed by health worker","MISAME3_WIDE",NA,NA,NA,NA,265,"missing"
"1082","PN_MORB_C1TREAT_1_4","pn_morb_c1treat_1_4",1234,"Treatment child morbidity: Yes, prescribed by health worker","MISAME3_WIDE",NA,NA,NA,NA,279,"missing"
"1083","PN_MORB_C1TREAT_1_5","pn_morb_c1treat_1_5",1235,"Treatment child morbidity: Yes, prescribed by health worker","MISAME3_WIDE",NA,NA,NA,NA,267,"missing"
"1084","PN_MORB_C1TREAT_1_6","pn_morb_c1treat_1_6",1236,"Treatment child morbidity: Yes, prescribed by health worker","MISAME3_WIDE",NA,NA,NA,NA,275,"missing"
"1085","PN_MORB_C1TREAT_1_9","pn_morb_c1treat_1_9",1237,"Treatment child morbidity: Yes, prescribed by health worker","MISAME3_WIDE",NA,NA,NA,NA,168,"missing"
"1079","PN_MORB_C1TREAT_1_12","pn_morb_c1treat_1_12",1238,"Treatment child morbidity: Yes, prescribed by health worker","MISAME3_WIDE",NA,NA,NA,NA,0,"missing"
"1086","PN_MORB_C1TREAT_2_1","pn_morb_c1treat_2_1",1239,"Treatment child morbidity: Yes, self-medication","MISAME3_WIDE",NA,NA,NA,NA,275,"missing"
"1088","PN_MORB_C1TREAT_2_2","pn_morb_c1treat_2_2",1240,"Treatment child morbidity: Yes, self-medication","MISAME3_WIDE",NA,NA,NA,NA,276,"missing"
"1089","PN_MORB_C1TREAT_2_3","pn_morb_c1treat_2_3",1241,"Treatment child morbidity: Yes, self-medication","MISAME3_WIDE",NA,NA,NA,NA,265,"missing"
"1090","PN_MORB_C1TREAT_2_4","pn_morb_c1treat_2_4",1242,"Treatment child morbidity: Yes, self-medication","MISAME3_WIDE",NA,NA,NA,NA,279,"missing"
"1091","PN_MORB_C1TREAT_2_5","pn_morb_c1treat_2_5",1243,"Treatment child morbidity: Yes, self-medication","MISAME3_WIDE",NA,NA,NA,NA,267,"missing"
"1092","PN_MORB_C1TREAT_2_6","pn_morb_c1treat_2_6",1244,"Treatment child morbidity: Yes, self-medication","MISAME3_WIDE",NA,NA,NA,NA,275,"missing"
"1093","PN_MORB_C1TREAT_2_9","pn_morb_c1treat_2_9",1245,"Treatment child morbidity: Yes, self-medication","MISAME3_WIDE",NA,NA,NA,NA,168,"missing"
"1087","PN_MORB_C1TREAT_2_12","pn_morb_c1treat_2_12",1246,"Treatment child morbidity: Yes, self-medication","MISAME3_WIDE",NA,NA,NA,NA,0,"missing"
"1094","PN_MORB_C1TREAT_3_1","pn_morb_c1treat_3_1",1247,"Treatment child morbidity: Yes, traditional treatment","MISAME3_WIDE",NA,NA,NA,NA,275,"missing"
"1096","PN_MORB_C1TREAT_3_2","pn_morb_c1treat_3_2",1248,"Treatment child morbidity: Yes, traditional treatment","MISAME3_WIDE",NA,NA,NA,NA,276,"missing"
"1097","PN_MORB_C1TREAT_3_3","pn_morb_c1treat_3_3",1249,"Treatment child morbidity: Yes, traditional treatment","MISAME3_WIDE",NA,NA,NA,NA,265,"missing"
"1098","PN_MORB_C1TREAT_3_4","pn_morb_c1treat_3_4",1250,"Treatment child morbidity: Yes, traditional treatment","MISAME3_WIDE",NA,NA,NA,NA,279,"missing"
"1099","PN_MORB_C1TREAT_3_5","pn_morb_c1treat_3_5",1251,"Treatment child morbidity: Yes, traditional treatment","MISAME3_WIDE",NA,NA,NA,NA,267,"missing"
"1100","PN_MORB_C1TREAT_3_6","pn_morb_c1treat_3_6",1252,"Treatment child morbidity: Yes, traditional treatment","MISAME3_WIDE",NA,NA,NA,NA,275,"missing"
"1101","PN_MORB_C1TREAT_3_9","pn_morb_c1treat_3_9",1253,"Treatment child morbidity: Yes, traditional treatment","MISAME3_WIDE",NA,NA,NA,NA,168,"missing"
"1095","PN_MORB_C1TREAT_3_12","pn_morb_c1treat_3_12",1254,"Treatment child morbidity: Yes, traditional treatment","MISAME3_WIDE",NA,NA,NA,NA,0,"missing"
"1102","PN_MORB_C1TREAT_4_1","pn_morb_c1treat_4_1",1255,"Treatment child morbidity: Yes, treatment for malnutrition","MISAME3_WIDE",NA,NA,NA,NA,275,"missing"
"1104","PN_MORB_C1TREAT_4_2","pn_morb_c1treat_4_2",1256,"Treatment child morbidity: Yes, treatment for malnutrition","MISAME3_WIDE",NA,NA,NA,NA,276,"missing"
"1105","PN_MORB_C1TREAT_4_3","pn_morb_c1treat_4_3",1257,"Treatment child morbidity: Yes, treatment for malnutrition","MISAME3_WIDE",NA,NA,NA,NA,265,"missing"
"1106","PN_MORB_C1TREAT_4_4","pn_morb_c1treat_4_4",1258,"Treatment child morbidity: Yes, treatment for malnutrition","MISAME3_WIDE",NA,NA,NA,NA,279,"missing"
"1107","PN_MORB_C1TREAT_4_5","pn_morb_c1treat_4_5",1259,"Treatment child morbidity: Yes, treatment for malnutrition","MISAME3_WIDE",NA,NA,NA,NA,267,"missing"
"1108","PN_MORB_C1TREAT_4_6","pn_morb_c1treat_4_6",1260,"Treatment child morbidity: Yes, treatment for malnutrition","MISAME3_WIDE",NA,NA,NA,NA,275,"missing"
"1109","PN_MORB_C1TREAT_4_9","pn_morb_c1treat_4_9",1261,"Treatment child morbidity: Yes, treatment for malnutrition","MISAME3_WIDE",NA,NA,NA,NA,168,"missing"
"1103","PN_MORB_C1TREAT_4_12","pn_morb_c1treat_4_12",1262,"Treatment child morbidity: Yes, treatment for malnutrition","MISAME3_WIDE",NA,NA,NA,NA,0,"missing"
"1110","PN_MORB_C1TREAT_88_1","pn_morb_c1treat_88_1",1263,"Treatment child morbidity: Yes. other","MISAME3_WIDE",NA,NA,NA,NA,275,"missing"
"1112","PN_MORB_C1TREAT_88_2","pn_morb_c1treat_88_2",1264,"Treatment child morbidity: Yes. other","MISAME3_WIDE",NA,NA,NA,NA,276,"missing"
"1113","PN_MORB_C1TREAT_88_3","pn_morb_c1treat_88_3",1265,"Treatment child morbidity: Yes. other","MISAME3_WIDE",NA,NA,NA,NA,265,"missing"
"1114","PN_MORB_C1TREAT_88_4","pn_morb_c1treat_88_4",1266,"Treatment child morbidity: Yes. other","MISAME3_WIDE",NA,NA,NA,NA,279,"missing"
"1115","PN_MORB_C1TREAT_88_5","pn_morb_c1treat_88_5",1267,"Treatment child morbidity: Yes. other","MISAME3_WIDE",NA,NA,NA,NA,267,"missing"
"1116","PN_MORB_C1TREAT_88_6","pn_morb_c1treat_88_6",1268,"Treatment child morbidity: Yes. other","MISAME3_WIDE",NA,NA,NA,NA,275,"missing"
"1117","PN_MORB_C1TREAT_88_9","pn_morb_c1treat_88_9",1269,"Treatment child morbidity: Yes. other","MISAME3_WIDE",NA,NA,NA,NA,168,"missing"
"1111","PN_MORB_C1TREAT_88_12","pn_morb_c1treat_88_12",1270,"Treatment child morbidity: Yes. other","MISAME3_WIDE",NA,NA,NA,NA,0,"missing"
"1118","PN_MORB_C1TREAT_OTHER_1","pn_morb_c1treat_other_1",1271,"Other treatment child morbidity","MISAME3_WIDE",NA,NA,NA,NA,0,"missing"
"1120","PN_MORB_C1TREAT_OTHER_2","pn_morb_c1treat_other_2",1272,"Other treatment child morbidity","MISAME3_WIDE",NA,NA,NA,NA,0,"missing"
"1121","PN_MORB_C1TREAT_OTHER_3","pn_morb_c1treat_other_3",1273,"Other treatment child morbidity","MISAME3_WIDE",NA,NA,NA,NA,0,"missing"
"1122","PN_MORB_C1TREAT_OTHER_4","pn_morb_c1treat_other_4",1274,"Other treatment child morbidity","MISAME3_WIDE",NA,NA,NA,NA,0,"missing"
"1123","PN_MORB_C1TREAT_OTHER_5","pn_morb_c1treat_other_5",1275,"Other treatment child morbidity","MISAME3_WIDE",NA,NA,NA,NA,0,"missing"
"1124","PN_MORB_C1TREAT_OTHER_6","pn_morb_c1treat_other_6",1276,"Other treatment child morbidity","MISAME3_WIDE",NA,NA,NA,NA,0,"missing"
"1125","PN_MORB_C1TREAT_OTHER_9","pn_morb_c1treat_other_9",1277,"Other treatment child morbidity","MISAME3_WIDE",NA,NA,NA,NA,0,"missing"
"1119","PN_MORB_C1TREAT_OTHER_12","pn_morb_c1treat_other_12",1278,"Other treatment child morbidity","MISAME3_WIDE",NA,NA,NA,NA,0,"missing"
"1062","PN_MORB_C1RESULT_1","pn_morb_c1result_1",1279,"Morbi 1 child result","MISAME3_WIDE",NA,NA,NA,NA,5,"missing"
"1064","PN_MORB_C1RESULT_2","pn_morb_c1result_2",1280,"Morbi 1 child result","MISAME3_WIDE",NA,NA,NA,NA,7,"missing"
"1065","PN_MORB_C1RESULT_3","pn_morb_c1result_3",1281,"Morbi 1 child result","MISAME3_WIDE",NA,NA,NA,NA,8,"missing"
"1066","PN_MORB_C1RESULT_4","pn_morb_c1result_4",1282,"Morbi 1 child result","MISAME3_WIDE",NA,NA,NA,NA,20,"missing"
"1067","PN_MORB_C1RESULT_5","pn_morb_c1result_5",1283,"Morbi 1 child result","MISAME3_WIDE",NA,NA,NA,NA,21,"missing"
"1068","PN_MORB_C1RESULT_6","pn_morb_c1result_6",1284,"Morbi 1 child result","MISAME3_WIDE",NA,NA,NA,NA,30,"missing"
"1069","PN_MORB_C1RESULT_9","pn_morb_c1result_9",1285,"Morbi 1 child result","MISAME3_WIDE",NA,NA,NA,NA,19,"missing"
"1063","PN_MORB_C1RESULT_12","pn_morb_c1result_12",1286,"Morbi 1 child result","MISAME3_WIDE",NA,NA,NA,NA,0,"missing"
"982","PN_MORB_C1DIAGN_1_1","pn_morb_c1diagn_1_1",1287,"Diagnosis child morbidity: Malaria","MISAME3_WIDE","Post Natal FU M01","CETERM",NA,"Child",5,"no"
"984","PN_MORB_C1DIAGN_1_2","pn_morb_c1diagn_1_2",1288,"Diagnosis child morbidity: Malaria","MISAME3_WIDE","Post Natal FU M02","CETERM",NA,"Child",7,"no"
"985","PN_MORB_C1DIAGN_1_3","pn_morb_c1diagn_1_3",1289,"Diagnosis child morbidity: Malaria","MISAME3_WIDE","Post Natal FU M03","CETERM",NA,"Child",8,"no"
"986","PN_MORB_C1DIAGN_1_4","pn_morb_c1diagn_1_4",1290,"Diagnosis child morbidity: Malaria","MISAME3_WIDE","Post Natal FU M04","CETERM",NA,"Child",20,"no"
"987","PN_MORB_C1DIAGN_1_5","pn_morb_c1diagn_1_5",1291,"Diagnosis child morbidity: Malaria","MISAME3_WIDE","Post Natal FU M05","CETERM",NA,"Child",20,"no"
"988","PN_MORB_C1DIAGN_1_6","pn_morb_c1diagn_1_6",1292,"Diagnosis child morbidity: Malaria","MISAME3_WIDE","Post Natal FU M06","CETERM",NA,"Child",29,"no"
"989","PN_MORB_C1DIAGN_1_9","pn_morb_c1diagn_1_9",1293,"Diagnosis child morbidity: Malaria","MISAME3_WIDE","Post Natal FU M09","CETERM",NA,"Child",9,"no"
"983","PN_MORB_C1DIAGN_1_12","pn_morb_c1diagn_1_12",1294,"Diagnosis child morbidity: Malaria","MISAME3_WIDE","Post Natal FU M12","CETERM",NA,"Child",0,"missing"
"990","PN_MORB_C1DIAGN_2_1","pn_morb_c1diagn_2_1",1295,"Diagnosis child morbidity: Broncho-pneumonia","MISAME3_WIDE","Post Natal FU M01","CETERM",NA,"Child",5,"no"
"992","PN_MORB_C1DIAGN_2_2","pn_morb_c1diagn_2_2",1296,"Diagnosis child morbidity: Broncho-pneumonia","MISAME3_WIDE","Post Natal FU M02","CETERM",NA,"Child",7,"no"
"993","PN_MORB_C1DIAGN_2_3","pn_morb_c1diagn_2_3",1297,"Diagnosis child morbidity: Broncho-pneumonia","MISAME3_WIDE","Post Natal FU M03","CETERM",NA,"Child",8,"no"
"994","PN_MORB_C1DIAGN_2_4","pn_morb_c1diagn_2_4",1298,"Diagnosis child morbidity: Broncho-pneumonia","MISAME3_WIDE","Post Natal FU M04","CETERM",NA,"Child",20,"no"
"995","PN_MORB_C1DIAGN_2_5","pn_morb_c1diagn_2_5",1299,"Diagnosis child morbidity: Broncho-pneumonia","MISAME3_WIDE","Post Natal FU M05","CETERM",NA,"Child",20,"no"
"996","PN_MORB_C1DIAGN_2_6","pn_morb_c1diagn_2_6",1300,"Diagnosis child morbidity: Broncho-pneumonia","MISAME3_WIDE","Post Natal FU M06","CETERM",NA,"Child",29,"no"
"997","PN_MORB_C1DIAGN_2_9","pn_morb_c1diagn_2_9",1301,"Diagnosis child morbidity: Broncho-pneumonia","MISAME3_WIDE","Post Natal FU M09","CETERM",NA,"Child",9,"no"
"991","PN_MORB_C1DIAGN_2_12","pn_morb_c1diagn_2_12",1302,"Diagnosis child morbidity: Broncho-pneumonia","MISAME3_WIDE","Post Natal FU M12","CETERM",NA,"Child",0,"missing"
"998","PN_MORB_C1DIAGN_3_1","pn_morb_c1diagn_3_1",1303,"Diagnosis child morbidity: Bacterial/viral/parasitic diarrhea","MISAME3_WIDE","Post Natal FU M01","CETERM",NA,"Child",5,"no"
"1000","PN_MORB_C1DIAGN_3_2","pn_morb_c1diagn_3_2",1304,"Diagnosis child morbidity: Bacterial/viral/parasitic diarrhea","MISAME3_WIDE","Post Natal FU M02","CETERM",NA,"Child",7,"no"
"1001","PN_MORB_C1DIAGN_3_3","pn_morb_c1diagn_3_3",1305,"Diagnosis child morbidity: Bacterial/viral/parasitic diarrhea","MISAME3_WIDE","Post Natal FU M03","CETERM",NA,"Child",8,"no"
"1002","PN_MORB_C1DIAGN_3_4","pn_morb_c1diagn_3_4",1306,"Diagnosis child morbidity: Bacterial/viral/parasitic diarrhea","MISAME3_WIDE","Post Natal FU M04","CETERM",NA,"Child",20,"no"
"1003","PN_MORB_C1DIAGN_3_5","pn_morb_c1diagn_3_5",1307,"Diagnosis child morbidity: Bacterial/viral/parasitic diarrhea","MISAME3_WIDE","Post Natal FU M05","CETERM",NA,"Child",20,"no"
"1004","PN_MORB_C1DIAGN_3_6","pn_morb_c1diagn_3_6",1308,"Diagnosis child morbidity: Bacterial/viral/parasitic diarrhea","MISAME3_WIDE","Post Natal FU M06","CETERM",NA,"Child",29,"no"
"1005","PN_MORB_C1DIAGN_3_9","pn_morb_c1diagn_3_9",1309,"Diagnosis child morbidity: Bacterial/viral/parasitic diarrhea","MISAME3_WIDE","Post Natal FU M09","CETERM",NA,"Child",9,"no"
"999","PN_MORB_C1DIAGN_3_12","pn_morb_c1diagn_3_12",1310,"Diagnosis child morbidity: Bacterial/viral/parasitic diarrhea","MISAME3_WIDE","Post Natal FU M12","CETERM",NA,"Child",0,"missing"
"1006","PN_MORB_C1DIAGN_4_1","pn_morb_c1diagn_4_1",1311,"Diagnosis child morbidity: dengue","MISAME3_WIDE","Post Natal FU M01","CETERM",NA,"Child",5,"no"
"1008","PN_MORB_C1DIAGN_4_2","pn_morb_c1diagn_4_2",1312,"Diagnosis child morbidity: dengue","MISAME3_WIDE","Post Natal FU M02","CETERM",NA,"Child",7,"no"
"1009","PN_MORB_C1DIAGN_4_3","pn_morb_c1diagn_4_3",1313,"Diagnosis child morbidity: dengue","MISAME3_WIDE","Post Natal FU M03","CETERM",NA,"Child",8,"no"
"1010","PN_MORB_C1DIAGN_4_4","pn_morb_c1diagn_4_4",1314,"Diagnosis child morbidity: dengue","MISAME3_WIDE","Post Natal FU M04","CETERM",NA,"Child",20,"no"
"1011","PN_MORB_C1DIAGN_4_5","pn_morb_c1diagn_4_5",1315,"Diagnosis child morbidity: dengue","MISAME3_WIDE","Post Natal FU M05","CETERM",NA,"Child",20,"no"
"1012","PN_MORB_C1DIAGN_4_6","pn_morb_c1diagn_4_6",1316,"Diagnosis child morbidity: dengue","MISAME3_WIDE","Post Natal FU M06","CETERM",NA,"Child",29,"no"
"1013","PN_MORB_C1DIAGN_4_9","pn_morb_c1diagn_4_9",1317,"Diagnosis child morbidity: dengue","MISAME3_WIDE","Post Natal FU M09","CETERM",NA,"Child",9,"no"
"1007","PN_MORB_C1DIAGN_4_12","pn_morb_c1diagn_4_12",1318,"Diagnosis child morbidity: dengue","MISAME3_WIDE","Post Natal FU M12","CETERM",NA,"Child",0,"missing"
"1014","PN_MORB_C1DIAGN_5_1","pn_morb_c1diagn_5_1",1319,"Diagnosis child morbidity: dehydration","MISAME3_WIDE","Post Natal FU M01","CETERM",NA,"Child",5,"no"
"1016","PN_MORB_C1DIAGN_5_2","pn_morb_c1diagn_5_2",1320,"Diagnosis child morbidity: dehydration","MISAME3_WIDE","Post Natal FU M02","CETERM",NA,"Child",7,"no"
"1017","PN_MORB_C1DIAGN_5_3","pn_morb_c1diagn_5_3",1321,"Diagnosis child morbidity: dehydration","MISAME3_WIDE","Post Natal FU M03","CETERM",NA,"Child",8,"no"
"1018","PN_MORB_C1DIAGN_5_4","pn_morb_c1diagn_5_4",1322,"Diagnosis child morbidity: dehydration","MISAME3_WIDE","Post Natal FU M04","CETERM",NA,"Child",20,"no"
"1019","PN_MORB_C1DIAGN_5_5","pn_morb_c1diagn_5_5",1323,"Diagnosis child morbidity: dehydration","MISAME3_WIDE","Post Natal FU M05","CETERM",NA,"Child",20,"no"
"1020","PN_MORB_C1DIAGN_5_6","pn_morb_c1diagn_5_6",1324,"Diagnosis child morbidity: dehydration","MISAME3_WIDE","Post Natal FU M06","CETERM",NA,"Child",29,"no"
"1021","PN_MORB_C1DIAGN_5_9","pn_morb_c1diagn_5_9",1325,"Diagnosis child morbidity: dehydration","MISAME3_WIDE","Post Natal FU M09","CETERM",NA,"Child",9,"no"
"1015","PN_MORB_C1DIAGN_5_12","pn_morb_c1diagn_5_12",1326,"Diagnosis child morbidity: dehydration","MISAME3_WIDE","Post Natal FU M12","CETERM",NA,"Child",0,"missing"
"1022","PN_MORB_C1DIAGN_6_1","pn_morb_c1diagn_6_1",1327,"Diagnosis child morbidity: malnutrition","MISAME3_WIDE","Post Natal FU M01","CETERM",NA,"Child",5,"no"
"1024","PN_MORB_C1DIAGN_6_2","pn_morb_c1diagn_6_2",1328,"Diagnosis child morbidity: malnutrition","MISAME3_WIDE","Post Natal FU M02","CETERM",NA,"Child",7,"no"
"1025","PN_MORB_C1DIAGN_6_3","pn_morb_c1diagn_6_3",1329,"Diagnosis child morbidity: malnutrition","MISAME3_WIDE","Post Natal FU M03","CETERM",NA,"Child",8,"no"
"1026","PN_MORB_C1DIAGN_6_4","pn_morb_c1diagn_6_4",1330,"Diagnosis child morbidity: malnutrition","MISAME3_WIDE","Post Natal FU M04","CETERM",NA,"Child",20,"no"
"1027","PN_MORB_C1DIAGN_6_5","pn_morb_c1diagn_6_5",1331,"Diagnosis child morbidity: malnutrition","MISAME3_WIDE","Post Natal FU M05","CETERM",NA,"Child",20,"no"
"1028","PN_MORB_C1DIAGN_6_6","pn_morb_c1diagn_6_6",1332,"Diagnosis child morbidity: malnutrition","MISAME3_WIDE","Post Natal FU M06","CETERM",NA,"Child",29,"no"
"1029","PN_MORB_C1DIAGN_6_9","pn_morb_c1diagn_6_9",1333,"Diagnosis child morbidity: malnutrition","MISAME3_WIDE","Post Natal FU M09","CETERM",NA,"Child",9,"no"
"1023","PN_MORB_C1DIAGN_6_12","pn_morb_c1diagn_6_12",1334,"Diagnosis child morbidity: malnutrition","MISAME3_WIDE","Post Natal FU M12","CETERM",NA,"Child",0,"missing"
"1038","PN_MORB_C1DIAGN_99_1","pn_morb_c1diagn_99_1",1335,"Diagnosis child morbidity: Do not know","MISAME3_WIDE",NA,NA,NA,NA,5,"missing"
"1040","PN_MORB_C1DIAGN_99_2","pn_morb_c1diagn_99_2",1336,"Diagnosis child morbidity: Do not know","MISAME3_WIDE",NA,NA,NA,NA,7,"missing"
"1041","PN_MORB_C1DIAGN_99_3","pn_morb_c1diagn_99_3",1337,"Diagnosis child morbidity: Do not know","MISAME3_WIDE",NA,NA,NA,NA,8,"missing"
"1042","PN_MORB_C1DIAGN_99_4","pn_morb_c1diagn_99_4",1338,"Diagnosis child morbidity: Do not know","MISAME3_WIDE",NA,NA,NA,NA,20,"missing"
"1043","PN_MORB_C1DIAGN_99_5","pn_morb_c1diagn_99_5",1339,"Diagnosis child morbidity: Do not know","MISAME3_WIDE",NA,NA,NA,NA,20,"missing"
"1044","PN_MORB_C1DIAGN_99_6","pn_morb_c1diagn_99_6",1340,"Diagnosis child morbidity: Do not know","MISAME3_WIDE",NA,NA,NA,NA,29,"missing"
"1045","PN_MORB_C1DIAGN_99_9","pn_morb_c1diagn_99_9",1341,"Diagnosis child morbidity: Do not know","MISAME3_WIDE",NA,NA,NA,NA,9,"missing"
"1039","PN_MORB_C1DIAGN_99_12","pn_morb_c1diagn_99_12",1342,"Diagnosis child morbidity: Do not know","MISAME3_WIDE",NA,NA,NA,NA,0,"missing"
"1030","PN_MORB_C1DIAGN_88_1","pn_morb_c1diagn_88_1",1343,"Diagnosis child morbidity: Other","MISAME3_WIDE",NA,NA,NA,NA,5,"missing"
"1032","PN_MORB_C1DIAGN_88_2","pn_morb_c1diagn_88_2",1344,"Diagnosis child morbidity: Other","MISAME3_WIDE",NA,NA,NA,NA,7,"missing"
"1033","PN_MORB_C1DIAGN_88_3","pn_morb_c1diagn_88_3",1345,"Diagnosis child morbidity: Other","MISAME3_WIDE",NA,NA,NA,NA,8,"missing"
"1034","PN_MORB_C1DIAGN_88_4","pn_morb_c1diagn_88_4",1346,"Diagnosis child morbidity: Other","MISAME3_WIDE",NA,NA,NA,NA,20,"missing"
"1035","PN_MORB_C1DIAGN_88_5","pn_morb_c1diagn_88_5",1347,"Diagnosis child morbidity: Other","MISAME3_WIDE",NA,NA,NA,NA,20,"missing"
"1036","PN_MORB_C1DIAGN_88_6","pn_morb_c1diagn_88_6",1348,"Diagnosis child morbidity: Other","MISAME3_WIDE",NA,NA,NA,NA,29,"missing"
"1037","PN_MORB_C1DIAGN_88_9","pn_morb_c1diagn_88_9",1349,"Diagnosis child morbidity: Other","MISAME3_WIDE",NA,NA,NA,NA,9,"missing"
"1031","PN_MORB_C1DIAGN_88_12","pn_morb_c1diagn_88_12",1350,"Diagnosis child morbidity: Other","MISAME3_WIDE",NA,NA,NA,NA,0,"missing"
"1046","PN_MORB_C1DIAGN_OTHER_1","pn_morb_c1diagn_other_1",1351,"Other Diagnosis child morbidity","MISAME3_WIDE","Post Natal FU M01","CETERM",NA,"Child",1,"missing"
"1048","PN_MORB_C1DIAGN_OTHER_2","pn_morb_c1diagn_other_2",1352,"Other Diagnosis child morbidity","MISAME3_WIDE","Post Natal FU M02","CETERM",NA,"Child",2,"missing"
"1049","PN_MORB_C1DIAGN_OTHER_3","pn_morb_c1diagn_other_3",1353,"Other Diagnosis child morbidity","MISAME3_WIDE","Post Natal FU M03","CETERM",NA,"Child",1,"missing"
"1050","PN_MORB_C1DIAGN_OTHER_4","pn_morb_c1diagn_other_4",1354,"Other Diagnosis child morbidity","MISAME3_WIDE","Post Natal FU M04","CETERM",NA,"Child",6,"no"
"1051","PN_MORB_C1DIAGN_OTHER_5","pn_morb_c1diagn_other_5",1355,"Other Diagnosis child morbidity","MISAME3_WIDE","Post Natal FU M05","CETERM",NA,"Child",5,"no"
"1052","PN_MORB_C1DIAGN_OTHER_6","pn_morb_c1diagn_other_6",1356,"Other Diagnosis child morbidity","MISAME3_WIDE","Post Natal FU M06","CETERM",NA,"Child",6,"no"
"1053","PN_MORB_C1DIAGN_OTHER_9","pn_morb_c1diagn_other_9",1357,"Other Diagnosis child morbidity","MISAME3_WIDE","Post Natal FU M09","CETERM",NA,"Child",0,"missing"
"1047","PN_MORB_C1DIAGN_OTHER_12","pn_morb_c1diagn_other_12",1358,"Other Diagnosis child morbidity","MISAME3_WIDE","Post Natal FU M12","CETERM",NA,"Child",0,"missing"
"1054","PN_MORB_C1HOSP_1","pn_morb_c1hosp_1",1359,"Hospitalisation child","MISAME3_WIDE","Post Natal FU M01","HOTERM",NA,"Child",275,"no"
"1056","PN_MORB_C1HOSP_2","pn_morb_c1hosp_2",1360,"Hospitalisation child","MISAME3_WIDE","Post Natal FU M02","HOTERM",NA,"Child",276,"no"
"1057","PN_MORB_C1HOSP_3","pn_morb_c1hosp_3",1361,"Hospitalisation child","MISAME3_WIDE","Post Natal FU M03","HOTERM",NA,"Child",265,"no"
"1058","PN_MORB_C1HOSP_4","pn_morb_c1hosp_4",1362,"Hospitalisation child","MISAME3_WIDE","Post Natal FU M04","HOTERM",NA,"Child",279,"no"
"1059","PN_MORB_C1HOSP_5","pn_morb_c1hosp_5",1363,"Hospitalisation child","MISAME3_WIDE","Post Natal FU M05","HOTERM",NA,"Child",267,"no"
"1060","PN_MORB_C1HOSP_6","pn_morb_c1hosp_6",1364,"Hospitalisation child","MISAME3_WIDE","Post Natal FU M06","HOTERM",NA,"Child",275,"no"
"1061","PN_MORB_C1HOSP_9","pn_morb_c1hosp_9",1365,"Hospitalisation child","MISAME3_WIDE","Post Natal FU M09","HOTERM",NA,"Child",168,"no"
"1055","PN_MORB_C1HOSP_12","pn_morb_c1hosp_12",1366,"Hospitalisation child","MISAME3_WIDE","Post Natal FU M12","HOTERM",NA,"Child",0,"missing"
"1361","SECTION_12","SECTION_12",1367,"SECTION_12","MISAME3_WIDE",NA,NA,NA,NA,250,"missing"
"1","BC_CFFM","bc_cFFM",1368,"Neonate fat-free mass (kg)","MISAME3_WIDE","Post Natal FU","FFMKG",NA,NA,231,"yes"
"4","BC_CFM","bc_cFM",1369,"Neonate fat-mass (kg)","MISAME3_WIDE","Post Natal FU","FMKG",NA,NA,231,"yes"
"3","BC_CFFM_PER","bc_cFFM_per",1370,"Neonate fat-free mass percentage","MISAME3_WIDE","Post Natal FU","FFMPCT",NA,NA,231,"yes"
"6","BC_CFM_PER","bc_cFM_per",1371,"Neonate fat-mass percentage","MISAME3_WIDE","Post Natal FU","FMPCT",NA,NA,231,"yes"
"2","BC_CFFM_INDEX","bc_cFFM_index",1372,"Neonate fat-free mass index","MISAME3_WIDE","Post Natal FU","FFMINDEX",NA,NA,231,"yes"
"5","BC_CFM_INDEX","bc_cFM_index",1373,"Neonate fat-mass index","MISAME3_WIDE","Post Natal FU","FMINDEX",NA,NA,231,"yes"
"9","BC_WFFM","bc_wFFM",1374,"Maternal fat-free mass (kg)","MISAME3_WIDE","Post Natal FU","FFMKG",NA,"Mother",109,"yes"
"12","BC_WFM","bc_wFM",1375,"Maternal fat-mass (kg)","MISAME3_WIDE","Post Natal FU","FMKG",NA,"Mother",109,"yes"
"11","BC_WFFM_PER","bc_wFFM_per",1376,"Maternal fat-free mass percentage","MISAME3_WIDE","Post Natal FU","FFMPCT",NA,"Mother",109,"yes"
"14","BC_WFM_PER","bc_wFM_per",1377,"Maternal fat-mass percentage","MISAME3_WIDE","Post Natal FU","FMPCT",NA,"Mother",109,"yes"
"10","BC_WFFM_INDEX","bc_wFFM_index",1378,"Maternal fat-free mass index","MISAME3_WIDE","Post Natal FU","FFMINDEX",NA,"Mother",109,"yes"
"13","BC_WFM_INDEX","bc_wFM_index",1379,"Maternal fat-mass index","MISAME3_WIDE","Post Natal FU","FMINDEX",NA,"Mother",109,"yes"
"8","BC_WBMI","bc_wbmi",1380,"Maternal body mass index","MISAME3_WIDE","Post Natal FU","BMI",NA,"Mother",109,"yes"
"7","BC_MEASUREMENT_DAYS","bc_measurement_days",1381,"Number of days after birth body composition was measured","MISAME3_WIDE","Post Natal FU","AGEDAYS",NA,NA,244,"yes"
"19","COMP_IFACOMPLIANCE_PRENATAL","comp_IFAcompliance_prenatal",1382,"Iron folic acid compliance during pregnancy (%)","MISAME3_WIDE","Treatment Compliance","FACID, GFSTRESN","FACICOMP","Mother",288,"yes"
"18","COMP_BEPCOMPLIANCE_PRENATAL","comp_BEPcompliance_prenatal",1383,"BEP compliance during pregnancy (%)","MISAME3_WIDE","Treatment Compliance","GFSTRESN","BEPCOMP","Mother",289,"yes"
"400","END_REASON","end_reason",1384,"Reason for withdrawal","MISAME3_WIDE",NA,NA,NA,NA,8,"missing"
"401","END_REASON_OTHER","end_reason_other",1385,"Ohter reason withdrawal","MISAME3_WIDE",NA,NA,NA,NA,0,"missing"
"402","END_REFUSE","end_refuse",1386,"Reason for refusing","MISAME3_WIDE",NA,NA,NA,NA,0,"missing"
"403","END_REFUSE_OTHER","end_refuse_other",1387,"Ohter reason refusing","MISAME3_WIDE",NA,NA,NA,NA,0,"missing"
"399","END_DATE","end_date",1388,"date end of study","MISAME3_WIDE","End of Study","AGEDAYS",NA,NA,8,"yes"
"439","IMIC_DATA","IMiC_data",1389,"IMiC_data","MISAME3_WIDE",NA,"COHORT, COHORTN",NA,NA,290,"yes"
"441","IMIC_DATE_1421","IMiC_date_1421",1390,"Time & date of sample storage between 14 and 21 days postnatally","MISAME3_WIDE","BM Collection 14-21D","AGEDAYS, GFSTRESN","BMSAMCOL","Mother",276,"yes"
"440","IMIC_DATE_12","IMiC_date_12",1391,"Time & date of sample storage between 1 & 2 months postnatally","MISAME3_WIDE","BM Collection 1M-2M","AGEDAYS, GFSTRESN","BMSAMCOL","Mother",287,"yes"
"442","IMIC_DATE_34","IMiC_date_34",1392,"Time & date of sample storage between 3 & 4 months postnatally","MISAME3_WIDE","BM Collection 3M-4M","AGEDAYS, GFSTRESN","BMSAMCOL","Mother",281,"yes"
"15","BMID1","bmid1",1393,"BM id for sample collected at 14-21 days postpartum","MISAME3_WIDE","BM Collection 14-21D","GFSTRESC","BMID","Mother",276,"yes"
"16","BMID2","bmid2",1394,"BM id for sample collected at 1-2 months postpartum","MISAME3_WIDE","BM Collection 1M-2M","GFSTRESC","BMID","Mother",282,"yes"
"17","BMID3","bmid3",1395,"BM id for sample collected at 3-4 months postpartum","MISAME3_WIDE","BM Collection 3M-4M","GFSTRESC","BMID","Mother",280,"yes"
"624","LAMA_DATE_SAMPLE_PN1421","lama_date_sample_pn1421",1396,"Time & date of sample collection between 14 and 21 days postnatally",NA,NA,NA,NA,NA,NA,"missing"
"623","LAMA_DATE_SAMPLE_PN12","lama_date_sample_pn12",1397,"Time & date of sample collection between 1 and 2 months postnatally",NA,NA,NA,NA,NA,NA,"missing"
"625","LAMA_DATE_SAMPLE_PN34","lama_date_sample_pn34",1398,"Time & date of sample collection between 3 and 4 months postnatally",NA,NA,NA,NA,NA,NA,"missing"
