"","VARNAME","variable_original","label_original","MEMNAME","seq_original","VISIT_ddf","TARGETVR_ddf","TESTCD_ddf","RELTIVE_ddf","N_ddf","Matched_Full"
"109","CRF2_Q2","crf2_q2","Date","CRF2_ELIGIBILITY",2,"Screening","AGEDAYS","","",150,"yes"
"120","CRF2_Q3","crf2_q3","Time","CRF2_ELIGIBILITY",3,"","","","",150,"no"
"131","CRF2_Q4","crf2_q4","Outcome of the visit","CRF2_ELIGIBILITY",4,"","","","",150,"no"
"143","CRF2_Q5","crf2_q5","Date of death mother","CRF2_ELIGIBILITY",5,"Screening","CETERM","","Mother",0,"missing"
"144","CRF2_Q6","crf2_q6","Type of pregnancy","CRF2_ELIGIBILITY",6,"","MULTBRTH","","",150,"yes"
"145","CRF2_Q7","crf2_q7","Number of outcome type","CRF2_ELIGIBILITY",7,"","PREGOUTN","","",150,"yes"
"146","CRF2_Q8","crf2_q8","Date of birth of child","CRF2_ELIGIBILITY",8,"","BRTHYR,BRTHWEEK","","",150,"yes"
"147","CRF2_Q9","crf2_q9","Time of birth of child","CRF2_ELIGIBILITY",9,"","","","",150,"no"
"98","CRF2_Q10","crf2_q10","Baby currently alive","CRF2_ELIGIBILITY",10,"","DEAD","","",150,"yes"
"99","CRF2_Q11","crf2_q11","System generated current age of the baby when this form was filled (hours)","CRF2_ELIGIBILITY",11,"","","","",150,"no"
"100","CRF2_Q12","crf2_q12","First day of Last Menstrual Periods (this data is collected from pregnancy surve","CRF2_ELIGIBILITY",12,"","GAGELMP","","",150,"yes"
"101","CRF2_Q13","crf2_q13","Expected date of delivery  (this data is collected from pregnancy surveillance)","CRF2_ELIGIBILITY",13,"","","","",150,"no"
"102","CRF2_Q14","crf2_q14","Week of pregnancy at which a child is born. (Autogenerated from LMP and Date of","CRF2_ELIGIBILITY",14,"","","","",150,"no"
"103","CRF2_Q15","crf2_q15","Any ultrasound which is available for this pregnancy (most earliest)","CRF2_ELIGIBILITY",15,"","","","",150,"no"
"104","CRF2_Q15_A","crf2_q15_a","Date of Ultrasound done - if report is available (this data is collected from pr","CRF2_ELIGIBILITY",16,"","","","",86,"no"
"105","CRF2_Q16","crf2_q16","Weeks of pregnancy mentioned on the ultrasound report","CRF2_ELIGIBILITY",17,"","","","",86,"no"
"106","CRF2_Q17","crf2_q17","Last Menstrual Periods according to ultrasound","CRF2_ELIGIBILITY",18,"","GAGELMP","","",86,"yes"
"107","CRF2_Q18","crf2_q18","Weeks of pregnancy according to ultrasound at which baby was born","CRF2_ELIGIBILITY",19,"","GAGEUS","","",86,"yes"
"108","CRF2_Q19","crf2_q19","Anthro reader 1","CRF2_ELIGIBILITY",20,"","","","",150,"no"
"110","CRF2_Q20","crf2_q20","Anthro reader 2","CRF2_ELIGIBILITY",21,"","","","",150,"no"
"111","CRF2_Q21","crf2_q21","Maternal MUAC - reader 1 (cm)","CRF2_ELIGIBILITY",22,"","","","",150,"no"
"112","CRF2_Q22","crf2_q22","Maternal MUAC - reader 2 (cm)","CRF2_ELIGIBILITY",23,"","","","",150,"no"
"113","CRF2_Q23","crf2_q23","System gererated average maternal MUAC","CRF2_ELIGIBILITY",24,"Screening","MUACCM","","Mother",150,"yes"
"114","CRF2_Q24","crf2_q24","Whether the MUAC at eligibility assessment is less than 23.0 cm (system generate","CRF2_ELIGIBILITY",25,"","","","",150,"no"
"115","CRF2_Q25","crf2_q25","Current weight of the child  - reader 1 (gram)","CRF2_ELIGIBILITY",26,"Screening","WTKG","","",150,"yes"
"116","CRF2_Q26","crf2_q26","Current weight of the child  - reader 2 (gram)","CRF2_ELIGIBILITY",27,"Screening","WTKG","","",150,"yes"
"117","CRF2_Q27","crf2_q27","System gererated average child weight in grams","CRF2_ELIGIBILITY",28,"Screening","WTKG","","",150,"yes"
"118","CRF2_Q28","crf2_q28","Whether woman is willing to stay in the catchement area for next 6 months","CRF2_ELIGIBILITY",29,"","","","",150,"no"
"119","CRF2_Q29","crf2_q29","Child will continue to stay with the mother for next 6 months of age?","CRF2_ELIGIBILITY",30,"","","","",150,"no"
"121","CRF2_Q30","crf2_q30","Whether the woman has problem of inverted nipples","CRF2_ELIGIBILITY",31,"Screening","CETERM","","Mother",150,"no"
"122","CRF2_Q31","crf2_q31","Whether the woman have any other health problem/s or problem/s with breast due t","CRF2_ELIGIBILITY",32,"","","","",150,"no"
"123","CRF2_Q32","crf2_q32","Code of any other problem","CRF2_ELIGIBILITY",33,"Screening","CETERM","","Mother",0,"missing"
"124","CRF2_Q33","crf2_q33","Whether woman is working outside  home due to which she is  not able to breastfe","CRF2_ELIGIBILITY",34,"","MWORK","","",150,"yes"
"125","CRF2_Q34","crf2_q34","Woman reconfirmed an intention to exclusively breastfeed the child for at least","CRF2_ELIGIBILITY",35,"","","","",150,"no"
"126","CRF2_Q35","crf2_q35","Whether the child has Cleft lip","CRF2_ELIGIBILITY",36,"Screening","CETERM","","Child",150,"no"
"127","CRF2_Q36","crf2_q36"," Whether the child has Cleft Palate","CRF2_ELIGIBILITY",37,"Screening","CETERM","","Child",150,"no"
"128","CRF2_Q37","crf2_q37","Whether the child has Hydrocephalus","CRF2_ELIGIBILITY",38,"Screening","CETERM","","Child",150,"no"
"129","CRF2_Q38","crf2_q38","Whether the child has  Intestinal obstruction","CRF2_ELIGIBILITY",39,"Screening","CETERM","","Child",150,"no"
"130","CRF2_Q39","crf2_q39","Whether the child has Down Syndrome","CRF2_ELIGIBILITY",40,"Screening","CETERM","","Child",150,"no"
"132","CRF2_Q40","crf2_q40","Whether the child has congenital anomaly or any other serious illness for which","CRF2_ELIGIBILITY",41,"Screening","CMTRT","","Child",150,"no"
"133","CRF2_Q40_DESCRIPTION","crf2_q40_description","q40_description","CRF2_ELIGIBILITY",42,"Screening","CETERM","","Child",0,"missing"
"134","CRF2_Q41","crf2_q41","Whether the woman was previously enrolled in the same lactating trial or the pre","CRF2_ELIGIBILITY",43,"","","","",150,"no"
"135","CRF2_Q42","crf2_q42","Whether the woman has any known allergy to food items, like peanuts, dairy produ","CRF2_ELIGIBILITY",44,"Screening","CETERM","","Mother",150,"no"
"136","CRF2_Q43","crf2_q43","Lactating women final eligibility for consent","CRF2_ELIGIBILITY",45,"","","","",150,"no"
"137","CRF2_Q44","crf2_q44","Research staff to explain trial procedures to the woman with all inclusion and n","CRF2_ELIGIBILITY",46,"","","","",150,"no"
"138","CRF2_Q45","crf2_q45","Informed consent administered and explained in local language","CRF2_ELIGIBILITY",47,"","","","",150,"no"
"139","CRF2_Q46","crf2_q46","Woman has given her written informed consent to participate in the study volunta","CRF2_ELIGIBILITY",48,"","","","",150,"no"
"140","CRF2_Q47","crf2_q47","Woman  has agreed to give specimens for Woman  and infant?","CRF2_ELIGIBILITY",49,"","","","",150,"no"
"141","CRF2_Q48","crf2_q48","Woman  has signed/given the thumb impression","CRF2_ELIGIBILITY",50,"","","","",150,"no"
"142","CRF2_Q49","crf2_q49","Reconfirm from the woman  that she understands all the procedures","CRF2_ELIGIBILITY",51,"","","","",150,"no"
"97","CRF2_ENDTIME","crf2_Endtime","Endtime","CRF2_ELIGIBILITY",52,"","","","",150,"no"
"1408","Q9 CRF3A_RANDOMIZATION","q9","q9","CRF3A_RANDOMIZATION",61,"Randomization","ARMCD,EXTRT","","Mother",150,"yes"
"845","DOB","DOB","dob","DOB",65,"","","","",150,"no"
"201","CRF3B_Q3","crf3b_q3","Date","CRF3B_BASELINE",68,"Baseline","AGEDAYS","","",150,"yes"
"252","CRF3B_Q4","crf3b_q4","Time","CRF3B_BASELINE",69,"","","","",150,"no"
"263","CRF3B_Q5","crf3b_q5","Ethnicity","CRF3B_BASELINE",70,"","ETHNIC","","",150,"yes"
"287","CRF3B_Q6","crf3b_q6","Religion","CRF3B_BASELINE",71,"","","","",150,"no"
"372","CRF3B_Q7","crf3b_q7","Number of people living in household?","CRF3B_BASELINE",72,"Baseline","SSSTRESN","NPERSON","",150,"yes"
"386","CRF3B_Q8","crf3b_q8","Number of rooms are in the household for sleeping?","CRF3B_BASELINE",73,"Baseline","SSSTRESN","NROOMS","",150,"yes"
"417","CRF3B_Q9","crf3b_q9","Household have a separate room/space for cooking?","CRF3B_BASELINE",74,"Baseline","SSSTRESN","COOKPLAC","",150,"yes"
"149","CRF3B_Q10","crf3b_q10","Type fuel is used for cooking in this house?","CRF3B_BASELINE",75,"Baseline","SSSTRESN","COOKFUEL","",150,"yes"
"150","CRF3B_Q11","crf3b_q11","Material is used for the floor of the house?","CRF3B_BASELINE",76,"Baseline","SSSTRESN","FLOOR","",150,"yes"
"151","CRF3B_Q12","crf3b_q12","Material is used for the wall of the house?","CRF3B_BASELINE",77,"Baseline","SSSTRESN","WALL","",150,"yes"
"152","CRF3B_Q13","crf3b_q13","Main source of drinking water for the household members?","CRF3B_BASELINE",78,"Baseline","SSSTRESN","H2OSRCP","",150,"yes"
"153","CRF3B_Q14","crf3b_q14","Anything technique which is applied to water before drinking?","CRF3B_BASELINE",79,"","","","",150,"no"
"154","CRF3B_Q15","crf3b_q15","Technique which is use to make water suitable for drinking?","CRF3B_BASELINE",80,"Baseline","SSSTRESN","H2OTRTP","",38,"yes"
"155","CRF3B_Q16","crf3b_q16","Source of water for cooking and hand washing etc?","CRF3B_BASELINE",81,"Baseline","SSSTRESN","H2OSRCC","",150,"yes"
"156","CRF3B_Q17","crf3b_q17","Age of the woman in years","CRF3B_BASELINE",82,"","MAGE","","",150,"yes"
"157","CRF3B_Q18","crf3b_q18","Woman attended school or madrassa, for education?","CRF3B_BASELINE",83,"","","","",150,"no"
"158","CRF3B_Q19","crf3b_q19","Level of education woman has received i.e. Primary, secondary, College or more?","CRF3B_BASELINE",84,"","","","",60,"no"
"160","CRF3B_Q20","crf3b_q20","Total years of education completed?","CRF3B_BASELINE",85,"","MEDUCYRS","","",60,"yes"
"161","CRF3B_Q21_A","crf3b_q21_a"," High Blood Pressure","CRF3B_BASELINE",86,"Baseline","CETERM","","Mother",150,"no"
"162","CRF3B_Q21_B","crf3b_q21_b"," Cardiac Diseases","CRF3B_BASELINE",87,"Baseline","CETERM","","Mother",150,"no"
"163","CRF3B_Q21_C","crf3b_q21_c"," Diabetes","CRF3B_BASELINE",88,"Baseline","CETERM","","Mother",150,"no"
"164","CRF3B_Q21_D","crf3b_q21_d"," Epilepsy","CRF3B_BASELINE",89,"Baseline","CETERM","","Mother",150,"no"
"165","CRF3B_Q21_E","crf3b_q21_e","Any other illness","CRF3B_BASELINE",90,"","","","",150,"no"
"166","CRF3B_Q21_E_DESCRIPTION","crf3b_q21_e_description","Other illnesses","CRF3B_BASELINE",91,"Baseline","CETERM","","Mother",8,"no"
"167","CRF3B_Q22","crf3b_q22","During pregnancy did the woman seek care for routine antenatal care?","CRF3B_BASELINE",92,"","ANTEHC","","",150,"yes"
"168","CRF3B_Q23","crf3b_q23","Provider type, where ANC was sought","CRF3B_BASELINE",93,"","","","",142,"no"
"169","CRF3B_Q23_OTHER_DESCRIPTION","crf3b_q23_other_description","Provider description","CRF3B_BASELINE",94,"","","","",0,"missing"
"170","CRF3B_Q24","crf3b_q24","Number of ANC visit perfomed from provider 1-5 in Q31","CRF3B_BASELINE",95,"","NUMHCVIS","","",140,"yes"
"171","CRF3B_Q25","crf3b_q25","Weeks of pregnancy when last antenatal care from health provider was sought by w","CRF3B_BASELINE",96,"","","","",140,"no"
"172","CRF3B_Q26","crf3b_q26","During this pregnancy, woman recieved any injection in the arm to prevent Tetanu","CRF3B_BASELINE",97,"Baseline","CMTRT","","Mother",150,"no"
"173","CRF3B_Q27","crf3b_q27","How many times did she get these injections during this pregnancy?","CRF3B_BASELINE",98,"","","","",134,"no"
"174","CRF3B_Q28_A","crf3b_q28_a","FEVER","CRF3B_BASELINE",99,"Baseline","CETERM","","Mother",150,"no"
"175","CRF3B_Q28_B","crf3b_q28_b","URINARY TRACT INFECTION","CRF3B_BASELINE",100,"Baseline","CETERM","","Mother",150,"no"
"176","CRF3B_Q28_C","crf3b_q28_c","BLEEDING FROM VAGNIA","CRF3B_BASELINE",101,"Baseline","CETERM,COMPRISK","","Mother",150,"yes"
"177","CRF3B_Q28_D","crf3b_q28_d"," CONVULSIONS","CRF3B_BASELINE",102,"Baseline","CETERM","","Mother",150,"no"
"178","CRF3B_Q28_E","crf3b_q28_e"," SEVERE HEADACHE","CRF3B_BASELINE",103,"Baseline","CETERM,CESEVN","","Mother",150,"no"
"179","CRF3B_Q28_F","crf3b_q28_f","BLURRED VISION","CRF3B_BASELINE",104,"Baseline","CETERM","","Mother",150,"no"
"180","CRF3B_Q28_G","crf3b_q28_g","PUFFY FACE","CRF3B_BASELINE",105,"Baseline","CETERM","","Mother",150,"no"
"181","CRF3B_Q28_H","crf3b_q28_h","SWELLING OF THE EXTREMETIES","CRF3B_BASELINE",106,"Baseline","CETERM","","Mother",150,"no"
"182","CRF3B_Q28_I","crf3b_q28_i"," FAST OR DIFFICULT BREATHING","CRF3B_BASELINE",107,"Baseline","CETERM","","Mother",150,"no"
"183","CRF3B_Q28_J","crf3b_q28_j"," SEVERE ANEMIA (PALE OR SHORTNESS OF BREATH)","CRF3B_BASELINE",108,"Baseline","CETERM,CESEVN,ANEMIA","","Mother",150,"yes"
"184","CRF3B_Q28_K","crf3b_q28_k","SEVERE BLEEDING FROM VAGINA DURING LABOUR PAIN","CRF3B_BASELINE",109,"Baseline","CETERM,CESEVN,COMPRISK","","Mother",150,"yes"
"185","CRF3B_Q28_L","crf3b_q28_l"," TOO WEAKNESS TO GET OUT OF BED","CRF3B_BASELINE",110,"Baseline","CETERM","","Mother",150,"no"
"186","CRF3B_Q28_M","crf3b_q28_m"," DIABETES","CRF3B_BASELINE",111,"Baseline","CETERM,DM","","Mother",150,"yes"
"187","CRF3B_Q28_N","crf3b_q28_n","SMELLY DISCHARGE FROM VAGINA","CRF3B_BASELINE",112,"Baseline","CETERM","","Mother",150,"no"
"188","CRF3B_Q28_O","crf3b_q28_o"," PREMATURE LABOR PAIN","CRF3B_BASELINE",113,"Baseline","CETERM,COMPRISK","","Mother",150,"yes"
"189","CRF3B_Q28_P","crf3b_q28_p","CONSPITATION","CRF3B_BASELINE",114,"Baseline","CETERM","","Mother",150,"no"
"190","CRF3B_Q28_Q","crf3b_q28_q","SEVERE DIARRHEA","CRF3B_BASELINE",115,"Baseline","CETERM,CESEVN","","Mother",150,"no"
"191","CRF3B_Q28_R","crf3b_q28_r"," COUGH","CRF3B_BASELINE",116,"Baseline","CETERM","","Mother",150,"no"
"192","CRF3B_Q28_S","crf3b_q28_s","OLIGOHYDRAMINOS","CRF3B_BASELINE",117,"Baseline","CETERM","","Mother",150,"no"
"193","CRF3B_Q28_T","crf3b_q28_t","POLYHYDROMNIOS","CRF3B_BASELINE",118,"Baseline","CETERM","","Mother",150,"no"
"194","CRF3B_Q28_U","crf3b_q28_u"," JAUNDICE","CRF3B_BASELINE",119,"Baseline","CETERM","","Mother",150,"no"
"195","CRF3B_Q28_V","crf3b_q28_v","SPOTTING","CRF3B_BASELINE",120,"Baseline","CETERM,COMPRISK","","Mother",150,"yes"
"196","CRF3B_Q28_W","crf3b_q28_w"," SEVERE ABDOMINAL PAIN (NOT LABOR PAIN)","CRF3B_BASELINE",121,"Baseline","CETERM,CESEVN","","Mother",150,"no"
"197","CRF3B_Q28_X","crf3b_q28_x","LEAKING COMPLAIN","CRF3B_BASELINE",122,"Baseline","CETERM","","Mother",150,"no"
"198","CRF3B_Q28_Y","crf3b_q28_y","OTHER COMPLICATION/S","CRF3B_BASELINE",123,"","","","",150,"no"
"199","CRF3B_Q28_Y_DESCRIPTION","crf3b_q28_y_description","Other domplication description","CRF3B_BASELINE",124,"Baseline","CETERM","","Mother",6,"no"
"200","CRF3B_Q29","crf3b_q29","Whether woman sought any care for any of above mentioned danger signs or symptom","CRF3B_BASELINE",125,"","","","",150,"no"
"202","CRF3B_Q30","crf3b_q30","Place where woman sought care for danger signs or symptom/s mentioned ?","CRF3B_BASELINE",126,"","","","",104,"no"
"203","CRF3B_Q30_OTHER_DESCRIPTION","crf3b_q30_other_description","Provieder description","CRF3B_BASELINE",127,"","","","",0,"missing"
"204","CRF3B_Q31_A","crf3b_q31_a","Oral antibiotics","CRF3B_BASELINE",128,"Baseline","CMTRT","","Mother",103,"no"
"205","CRF3B_Q31_B","crf3b_q31_b"," Oral antimalarial","CRF3B_BASELINE",129,"Baseline","CMTRT","","Mother",103,"no"
"206","CRF3B_Q31_C","crf3b_q31_c","  Oral BP medicines","CRF3B_BASELINE",130,"Baseline","CMTRT","","Mother",103,"no"
"207","CRF3B_Q31_D","crf3b_q31_d","Any Antipyretic","CRF3B_BASELINE",131,"Baseline","CMTRT","","Mother",103,"no"
"208","CRF3B_Q31_E","crf3b_q31_e","Any Pain killer injection","CRF3B_BASELINE",132,"Baseline","CMTRT","","Mother",103,"no"
"209","CRF3B_Q31_F","crf3b_q31_f","  Injectable iron","CRF3B_BASELINE",133,"Baseline","CMTRT","","Mother",103,"no"
"210","CRF3B_Q31_G","crf3b_q31_g","Oral Iron","CRF3B_BASELINE",134,"Baseline","CMTRT","","Mother",103,"no"
"211","CRF3B_Q31_H","crf3b_q31_h","Oral folic acid","CRF3B_BASELINE",135,"Baseline","CMTRT","","Mother",103,"no"
"212","CRF3B_Q31_I","crf3b_q31_i","Any Oral other medications","CRF3B_BASELINE",136,"","","","",103,"no"
"213","CRF3B_Q31_J","crf3b_q31_j","Any other treatment (Specify)","CRF3B_BASELINE",137,"","","","",103,"no"
"214","CRF3B_Q31_J_DESCRIPTION","crf3b_q31_j_description","Other illnes description","CRF3B_BASELINE",138,"","","","",2,"missing"
"215","CRF3B_Q32_A","crf3b_q32_a"," CONVULSIONS","CRF3B_BASELINE",139,"Baseline","CETERM","","Mother",150,"no"
"216","CRF3B_Q32_B","crf3b_q32_b"," HIGH BLOOD PRESSURE","CRF3B_BASELINE",140,"Baseline","CETERM,HTN","","Mother",150,"yes"
"217","CRF3B_Q32_C","crf3b_q32_c"," SEVERE ANEMIA","CRF3B_BASELINE",141,"Baseline","CETERM,CESEVN,ANEMIA","","Mother",150,"yes"
"218","CRF3B_Q32_D","crf3b_q32_d","Diabetes","CRF3B_BASELINE",142,"Baseline","CETERM,DM","","Mother",150,"yes"
"219","CRF3B_Q32_E","crf3b_q32_e","SEVERE HEADACHE","CRF3B_BASELINE",143,"Baseline","CETERM,CESEVN","","Mother",150,"no"
"220","CRF3B_Q32_F","crf3b_q32_f","BLURRED VISION","CRF3B_BASELINE",144,"Baseline","CETERM","","Mother",150,"no"
"221","CRF3B_Q32_G","crf3b_q32_g","TOO WEEKNESS TO COME OUT OF BED","CRF3B_BASELINE",145,"Baseline","CETERM","","Mother",150,"no"
"222","CRF3B_Q32_H","crf3b_q32_h","SEVERE ABDOMINAL PAIN","CRF3B_BASELINE",146,"Baseline","CETERM,CESEVN","","Mother",150,"no"
"223","CRF3B_Q32_I","crf3b_q32_i"," FAST OF DIFFICULT BREATHING","CRF3B_BASELINE",147,"Baseline","CETERM","","Mother",150,"no"
"224","CRF3B_Q32_J","crf3b_q32_j","PUFFY FACE","CRF3B_BASELINE",148,"Baseline","CETERM","","Mother",150,"no"
"225","CRF3B_Q32_K","crf3b_q32_k"," VAGINAL BLEEDING BEFORE LABOR","CRF3B_BASELINE",149,"Baseline","CETERM,COMPRISK","","Mother",150,"yes"
"226","CRF3B_Q32_L","crf3b_q32_l","EXCESSIVE BLEEDING","CRF3B_BASELINE",150,"Baseline","CETERM,COMPRISK","","Mother",150,"yes"
"227","CRF3B_Q32_M","crf3b_q32_m","FEVER","CRF3B_BASELINE",151,"Baseline","CETERM","","Mother",150,"no"
"228","CRF3B_Q32_N","crf3b_q32_n"," SMELLY DISCHARGE FROM VAGINA","CRF3B_BASELINE",152,"Baseline","CETERM","","Mother",150,"no"
"229","CRF3B_Q32_O","crf3b_q32_o","EARLY/PRETERM LABOR (LESS THAN 9 MONTHS)","CRF3B_BASELINE",153,"Baseline","CETERM,COMPRISK","","Mother",150,"yes"
"230","CRF3B_Q32_P","crf3b_q32_p","WATER BROKE 6 HOURS OR MORE BEFORE LABOR","CRF3B_BASELINE",154,"Baseline","CETERM,COMPRISK","","Mother",150,"yes"
"231","CRF3B_Q32_Q","crf3b_q32_q","LABOR PAIN 12 HOURS OR MORE","CRF3B_BASELINE",155,"Baseline","CETERM,COMPRISK","","Mother",150,"yes"
"232","CRF3B_Q32_R","crf3b_q32_r"," ANY OTHER COMPLICATION","CRF3B_BASELINE",156,"","","","",150,"no"
"233","CRF3B_Q32_R_DESCRIPTION","crf3b_q32_r_description","Other complication description","CRF3B_BASELINE",157,"Baseline","CETERM,COMPRISK","","Mother",3,"missing"
"234","CRF3B_Q33","crf3b_q33","Whether woman sought any care for any of above mentioned danger signs or symptom","CRF3B_BASELINE",158,"","","","",150,"no"
"235","CRF3B_Q34","crf3b_q34","Place where care was sought for danger signs or symptom/s reported in Q32","CRF3B_BASELINE",159,"","","","",60,"no"
"236","CRF3B_Q35_A","crf3b_q35_a","Oral antibiotics","CRF3B_BASELINE",160,"Baseline","CMTRT","","Mother",54,"no"
"237","CRF3B_Q35_B","crf3b_q35_b"," Oral antimalarial","CRF3B_BASELINE",161,"Baseline","CMTRT","","Mother",54,"no"
"238","CRF3B_Q35_C","crf3b_q35_c","Oral BP medicines","CRF3B_BASELINE",162,"Baseline","CMTRT","","Mother",54,"no"
"239","CRF3B_Q35_D","crf3b_q35_d","Antipyretic","CRF3B_BASELINE",163,"Baseline","CMTRT","","Mother",54,"no"
"240","CRF3B_Q35_E","crf3b_q35_e","Pain killer injection","CRF3B_BASELINE",164,"Baseline","CMTRT","","Mother",54,"no"
"241","CRF3B_Q35_F","crf3b_q35_f","Injectable iron","CRF3B_BASELINE",165,"Baseline","CMTRT","","Mother",54,"no"
"242","CRF3B_Q35_G","crf3b_q35_g"," Oral Iron","CRF3B_BASELINE",166,"Baseline","CMTRT","","Mother",54,"no"
"243","CRF3B_Q35_H","crf3b_q35_h","Oral folic acid","CRF3B_BASELINE",167,"Baseline","CMTRT,FACID","","Mother",54,"yes"
"244","CRF3B_Q35_I","crf3b_q35_i","Oral other medications","CRF3B_BASELINE",168,"","","","",54,"no"
"245","CRF3B_Q35_J","crf3b_q35_j","C-section","CRF3B_BASELINE",169,"","DELIVERY,CSECTYN","","",54,"yes"
"246","CRF3B_Q35_K","crf3b_q35_k","Any other  treatment/management","CRF3B_BASELINE",170,"","","","",54,"no"
"247","CRF3B_Q35_K_DESCRIPTION","crf3b_q35_k_description","Other illness description","CRF3B_BASELINE",171,"","","","",10,"no"
"248","CRF3B_Q36","crf3b_q36","Gender of baby","CRF3B_BASELINE",172,"","SEXN","","",150,"yes"
"249","CRF3B_Q37","crf3b_q37","Place of delivery","CRF3B_BASELINE",173,"","DLVLOCN","","",150,"yes"
"250","CRF3B_Q38","crf3b_q38","Whether the water broke before labor or during labor?","CRF3B_BASELINE",174,"Baseline","GFSTRESN","WATBROK","Mother",150,"no"
"251","CRF3B_Q39","crf3b_q39","How much time before labor did the water break? (Hours)","CRF3B_BASELINE",175,"Baseline","GFSTRESN","WATBRKTM","Mother",32,"no"
"253","CRF3B_Q40","crf3b_q40","The color of the liqor when the water broke","CRF3B_BASELINE",176,"Baseline","GFSTRESN","WATBRCLR","Mother",150,"no"
"254","CRF3B_Q41","crf3b_q41","Whether the liquor foul smelling?","CRF3B_BASELINE",177,"Baseline","CETERM","","Mother",150,"no"
"255","CRF3B_Q42","crf3b_q42","How much time did the labor and delivery take?","CRF3B_BASELINE",178,"Baseline","GFSTRESN","GAPLDEL","Mother",150,"no"
"256","CRF3B_Q43","crf3b_q43","Provider who assisted woman delivery at the facility?","CRF3B_BASELINE",179,"","DLVPSNN","","",150,"yes"
"257","CRF3B_Q44","crf3b_q44","Mode of delivery","CRF3B_BASELINE",180,"","DELIVERY,CSECTYN","","",150,"yes"
"258","CRF3B_Q45","crf3b_q45","Before labour, did whether the woman receive any kind of injection to increase t","CRF3B_BASELINE",181,"Baseline","CMTRT","","Mother",150,"no"
"259","CRF3B_Q46","crf3b_q46","Before labour, did you receive any kind of vaginal tablet to increase the intens","CRF3B_BASELINE",182,"Baseline","CMTRT","","Mother",150,"no"
"260","CRF3B_Q47","crf3b_q47","Whether the foley passed to induce labor","CRF3B_BASELINE",183,"Baseline","PRTRT","","Mother",150,"no"
"261","CRF3B_Q48","crf3b_q48","Part of the baby which came out first?","CRF3B_BASELINE",184,"","BRTHPRES","","",150,"yes"
"262","CRF3B_Q49","crf3b_q49","How did the infant breathe right after birth?","CRF3B_BASELINE",185,"Baseline","CETERM","","Child",150,"no"
"264","CRF3B_Q50","crf3b_q50","How long (in minutes) after birth did the baby begin breathing and/or crying?","CRF3B_BASELINE",186,"","CRY","","",150,"yes"
"265","CRF3B_Q51","crf3b_q51","How long(in minutes) after birth did the birth attendant cut the cord?","CRF3B_BASELINE",187,"","","","",150,"no"
"266","CRF3B_Q52","crf3b_q52","Instrument which was used to cut the cord?","CRF3B_BASELINE",188,"","","","",150,"no"
"267","CRF3B_Q53","crf3b_q53","Whether the instrument was boiled before the cord was cut?","CRF3B_BASELINE",189,"","","","",150,"no"
"268","CRF3B_Q54","crf3b_q54","Material used to clamp the cord?","CRF3B_BASELINE",190,"","","","",150,"no"
"269","CRF3B_Q55","crf3b_q55","How long after birth was the baby given a bath for the first time?","CRF3B_BASELINE",191,"","","","",150,"no"
"270","CRF3B_Q56","crf3b_q56","Whether the colostrum was given to the baby  immediately after birth?","CRF3B_BASELINE",192,"Baseline","GFSTRESN","COLOFEED","Child",150,"yes"
"271","CRF3B_Q57_A","crf3b_q57_a","C-section","CRF3B_BASELINE",193,"","","","",6,"no"
"272","CRF3B_Q57_B","crf3b_q57_b","Baby is admitted in a hospital","CRF3B_BASELINE",194,"Baseline","HOTERM","","Child",6,"no"
"273","CRF3B_Q57_C","crf3b_q57_c","Mother was not aware to given colostrum to the baby","CRF3B_BASELINE",195,"","","","",6,"no"
"274","CRF3B_Q57_D","crf3b_q57_d","Baby was sick or too weak to feed","CRF3B_BASELINE",196,"Baseline","CETERM","","Child",6,"no"
"275","CRF3B_Q57_E","crf3b_q57_e","Cultural misconception","CRF3B_BASELINE",197,"","","","",6,"no"
"276","CRF3B_Q57_F","crf3b_q57_f","Baby was given formula milk at the hospital or clinic which was continued","CRF3B_BASELINE",198,"Baseline","FORMLKFL,FEEDINGN","","",6,"yes"
"277","CRF3B_Q57_G","crf3b_q57_g","Lack/poor awareness","CRF3B_BASELINE",199,"","","","",6,"no"
"278","CRF3B_Q57_H","crf3b_q57_h","Mother was too sick to feed","CRF3B_BASELINE",200,"Baseline","CETERM","","Mother",6,"no"
"279","CRF3B_Q57_I","crf3b_q57_i","Mother had some problem in her breast","CRF3B_BASELINE",201,"Baseline","CETERM","","Mother",6,"no"
"280","CRF3B_Q57_J","crf3b_q57_j","There was a cultural believe that it  dangerous for a baby","CRF3B_BASELINE",202,"","","","",6,"no"
"281","CRF3B_Q57_K","crf3b_q57_k","Because of tradition not to breastfeed for a few days","CRF3B_BASELINE",203,"","","","",6,"no"
"282","CRF3B_Q57_L","crf3b_q57_l","No one at the hospital or clinic informed that it is necessary","CRF3B_BASELINE",204,"","","","",6,"no"
"283","CRF3B_Q57_M","crf3b_q57_m","Colostrum was not given because of other reasons","CRF3B_BASELINE",205,"","","","",6,"no"
"284","CRF3B_Q57_M_DESCRIPTION","crf3b_q57_m_description","Dexcription of other reasons","CRF3B_BASELINE",206,"Baseline","CETERM","","Mother",0,"missing"
"285","CRF3B_Q58","crf3b_q58","How soon after birth was the baby given mother’s first thick yellowish milk (col","CRF3B_BASELINE",207,"Baseline","BFEDFL,FEEDINGN,AGEDAYS","","Child",150,"yes"
"286","CRF3B_Q59","crf3b_q59","Whether the mother has started breastfeeding the newborn?","CRF3B_BASELINE",208,"","","","",150,"no"
"288","CRF3B_Q60","crf3b_q60","How soon after birth was the baby attached to mother’s breast for breastfeeding?","CRF3B_BASELINE",209,"","","","",148,"no"
"289","CRF3B_Q61","crf3b_q61","Whether the  baby was given anything else to drink since birth?","CRF3B_BASELINE",210,"","","","",150,"no"
"290","CRF3B_Q62_A","crf3b_q62_a","Cow/Goat/Bufallo milk","CRF3B_BASELINE",211,"Baseline","ANMLK_R","","",93,"yes"
"291","CRF3B_Q62_B","crf3b_q62_b","Plane water","CRF3B_BASELINE",212,"Baseline","H20FED_R","","",93,"no"
"292","CRF3B_Q62_C","crf3b_q62_c","Glucose/sugar water","CRF3B_BASELINE",213,"Baseline","H20FED_R","","",93,"no"
"293","CRF3B_Q62_D","crf3b_q62_d","Grip water","CRF3B_BASELINE",214,"Baseline","H20FED_R","","",93,"no"
"294","CRF3B_Q62_E","crf3b_q62_e","Fruit juice","CRF3B_BASELINE",215,"Baseline","H20FED_R","","",93,"no"
"295","CRF3B_Q62_F","crf3b_q62_f","Formula milk","CRF3B_BASELINE",216,"Baseline","FORMLK_R,FEEDINGN","","",93,"yes"
"296","CRF3B_Q62_G","crf3b_q62_g","Tea","CRF3B_BASELINE",217,"Baseline","H20FED_R","","",93,"no"
"297","CRF3B_Q62_H","crf3b_q62_h","Honey","CRF3B_BASELINE",218,"Baseline","SLDFED_R,FEEDINGN","","",93,"yes"
"298","CRF3B_Q62_I","crf3b_q62_i","Hukka water","CRF3B_BASELINE",219,"Baseline","H20FED_R","","",93,"no"
"299","CRF3B_Q62_J","crf3b_q62_j"," Basmati oil","CRF3B_BASELINE",220,"Baseline","SLDFED_R,FEEDINGN","","",93,"yes"
"300","CRF3B_Q62_K","crf3b_q62_k"," Ghutti","CRF3B_BASELINE",221,"Baseline","SLDFED_R,FEEDINGN","","",93,"yes"
"301","CRF3B_Q62_L","crf3b_q62_l","rose water","CRF3B_BASELINE",222,"Baseline","H20FED_R","","",93,"no"
"302","CRF3B_Q62_M","crf3b_q62_m"," Cerelac","CRF3B_BASELINE",223,"Baseline","SLDFED_R,FEEDINGN","","",93,"yes"
"303","CRF3B_Q62_N","crf3b_q62_n","Herbal water","CRF3B_BASELINE",224,"Baseline","H20FED_R","","",93,"no"
"304","CRF3B_Q62_O","crf3b_q62_o","Baby was given any other thing","CRF3B_BASELINE",225,"Baseline","","","",93,"no"
"305","CRF3B_Q62_O_DESCRIPTION","crf3b_q62_o_description","Other things description","CRF3B_BASELINE",226,"Baseline","CMTRT","","Child",1,"missing"
"306","CRF3B_Q63_A","crf3b_q63_a","Mother had a C-Section","CRF3B_BASELINE",227,"","","","",93,"no"
"307","CRF3B_Q63_B","crf3b_q63_b","Breast milk is not sufficiently available according to mother","CRF3B_BASELINE",228,"","","","",93,"no"
"308","CRF3B_Q63_C","crf3b_q63_c","Baby was too ill or too weak to suckle","CRF3B_BASELINE",229,"Baseline","CETERM","","Child",93,"no"
"309","CRF3B_Q63_D","crf3b_q63_d","Baby was admitted to the hospital or clinic","CRF3B_BASELINE",230,"Baseline","HOTERM","","Child",93,"no"
"310","CRF3B_Q63_E","crf3b_q63_e","Inluence of family elders to hold the breastfeeding","CRF3B_BASELINE",231,"","","","",93,"no"
"311","CRF3B_Q63_F","crf3b_q63_f","Formula milk was started at hospital, which was continued","CRF3B_BASELINE",232,"Baseline","FORMLK_R,FEEDINGN","","",93,"yes"
"312","CRF3B_Q63_G","crf3b_q63_g","Negligence of mother","CRF3B_BASELINE",233,"","","","",93,"no"
"313","CRF3B_Q63_H","crf3b_q63_h","Mother was too ill to breastfeed","CRF3B_BASELINE",234,"Baseline","CETERM","","Mother",93,"no"
"314","CRF3B_Q63_I","crf3b_q63_i","Mother has some problem in her breast","CRF3B_BASELINE",235,"Baseline","CETERM","","Mother",93,"no"
"315","CRF3B_Q63_J","crf3b_q63_j","Mother is dangerous for a baby","CRF3B_BASELINE",236,"Baseline","CETERM","","Mother",93,"no"
"316","CRF3B_Q63_K","crf3b_q63_k","Cultural norms of not to breastfeed the baby for few days","CRF3B_BASELINE",237,"","","","",93,"no"
"317","CRF3B_Q63_L","crf3b_q63_l","Other reasons","CRF3B_BASELINE",238,"","","","",93,"no"
"318","CRF3B_Q63_L_DESCRITION","crf3b_q63_l_descrition","Other reason description","CRF3B_BASELINE",239,"","","","",0,"missing"
"319","CRF3B_Q64","crf3b_q64","Mother/caregiver reported any danger sign, complication, problem or disease in t","CRF3B_BASELINE",240,"","","","",150,"no"
"320","CRF3B_Q65_A","crf3b_q65_a"," Difficulty in feeding","CRF3B_BASELINE",241,"Baseline","CETERM","","Child",44,"no"
"321","CRF3B_Q65_B","crf3b_q65_b","Cough","CRF3B_BASELINE",242,"Baseline","CETERM","","Child",44,"no"
"322","CRF3B_Q65_C","crf3b_q65_c","Cold/Flu/Runny nose","CRF3B_BASELINE",243,"Baseline","CETERM","","Child",44,"no"
"323","CRF3B_Q65_D","crf3b_q65_d"," Difficulty in breathing /Fast respiratory rate","CRF3B_BASELINE",244,"Baseline","CETERM","","Child",44,"no"
"324","CRF3B_Q65_E","crf3b_q65_e","Convulsions","CRF3B_BASELINE",245,"Baseline","CETERM","","Child",44,"no"
"325","CRF3B_Q65_F","crf3b_q65_f","Fever","CRF3B_BASELINE",246,"Baseline","CETERM","","Child",44,"no"
"326","CRF3B_Q65_G","crf3b_q65_g","Hypothermia","CRF3B_BASELINE",247,"Baseline","CETERM","","Child",44,"no"
"327","CRF3B_Q65_H","crf3b_q65_h","Lethargy or no movement","CRF3B_BASELINE",248,"Baseline","CETERM","","Child",44,"no"
"328","CRF3B_Q65_I","crf3b_q65_i","Skin Pustules","CRF3B_BASELINE",249,"Baseline","CETERM","","Child",44,"no"
"329","CRF3B_Q65_J","crf3b_q65_j"," Jaundice","CRF3B_BASELINE",250,"Baseline","CETERM","","Child",44,"no"
"330","CRF3B_Q65_K","crf3b_q65_k","Umbilical redness or discharge","CRF3B_BASELINE",251,"Baseline","CETERM","","Child",44,"no"
"331","CRF3B_Q65_L","crf3b_q65_l","Persistant vomiting or vomit all feed","CRF3B_BASELINE",252,"Baseline","VOMFL_R,CETERM","","Child",44,"yes"
"332","CRF3B_Q65_M","crf3b_q65_m","Diarrhea","CRF3B_BASELINE",253,"Baseline","DIARFL_R,CETERM","","Child",44,"yes"
"333","CRF3B_Q65_N","crf3b_q65_n","Oral Thrush","CRF3B_BASELINE",254,"Baseline","CETERM","","Child",44,"no"
"334","CRF3B_Q65_O","crf3b_q65_o","Irritability or excessive crying","CRF3B_BASELINE",255,"Baseline","CETERM","","Child",44,"no"
"335","CRF3B_Q65_P","crf3b_q65_p"," Redness of eyes or watery discharge","CRF3B_BASELINE",256,"Baseline","CETERM","","Child",44,"no"
"336","CRF3B_Q65_Q","crf3b_q65_q","Grunting","CRF3B_BASELINE",257,"Baseline","CETERM","","Child",44,"no"
"337","CRF3B_Q65_R","crf3b_q65_r"," Lips / tongue turning blue or black","CRF3B_BASELINE",258,"Baseline","CETERM","","Child",44,"no"
"338","CRF3B_Q65_S","crf3b_q65_s","Bluish peripheral extremties","CRF3B_BASELINE",259,"Baseline","CETERM","","Child",44,"no"
"339","CRF3B_Q65_T","crf3b_q65_t","Bleeding from nose","CRF3B_BASELINE",260,"Baseline","CETERM","","Child",44,"no"
"340","CRF3B_Q65_U","crf3b_q65_u"," Constipation","CRF3B_BASELINE",261,"Baseline","CETERM","","Child",44,"no"
"341","CRF3B_Q65_V","crf3b_q65_v","Dysentery","CRF3B_BASELINE",262,"Baseline","CETERM","","Child",44,"no"
"342","CRF3B_Q65_W","crf3b_q65_w","Problem with unrination","CRF3B_BASELINE",263,"Baseline","CETERM","","Child",44,"no"
"343","CRF3B_Q65_X","crf3b_q65_x","Ear discharge or pus","CRF3B_BASELINE",264,"Baseline","CETERM","","Child",44,"no"
"344","CRF3B_Q65_Y","crf3b_q65_y","Chest congestion","CRF3B_BASELINE",265,"Baseline","CETERM","","Child",44,"no"
"345","CRF3B_Q65_Z","crf3b_q65_z","Any other complication","CRF3B_BASELINE",266,"","","","",44,"no"
"346","CRF3B_Q65_Z_DESCRIPTION","crf3b_q65_z_description","Other complication description","CRF3B_BASELINE",267,"Baseline","CETERM","","Child",4,"no"
"347","CRF3B_Q66","crf3b_q66","Whether any care was sought for the baby since birth for complication/s if any m","CRF3B_BASELINE",268,"","","","",150,"no"
"348","CRF3B_Q67_A","crf3b_q67_a","Vital Pakistan/ Aga Khan PHC Center","CRF3B_BASELINE",269,"","","","",48,"no"
"349","CRF3B_Q67_B","crf3b_q67_b","Attiya hospital","CRF3B_BASELINE",270,"","","","",48,"no"
"350","CRF3B_Q67_C","crf3b_q67_c"," AKUH","CRF3B_BASELINE",271,"","","","",48,"no"
"351","CRF3B_Q67_D","crf3b_q67_d"," NICH/Civil","CRF3B_BASELINE",272,"","","","",48,"no"
"352","CRF3B_Q67_E","crf3b_q67_e","AKU Kharadar","CRF3B_BASELINE",273,"","","","",48,"no"
"353","CRF3B_Q67_F","crf3b_q67_f","Korangi-5 government hospital","CRF3B_BASELINE",274,"","","","",48,"no"
"354","CRF3B_Q67_G","crf3b_q67_g"," Any other government hospital","CRF3B_BASELINE",275,"","","","",48,"no"
"355","CRF3B_Q67_H","crf3b_q67_h","Any other  Private hospital","CRF3B_BASELINE",276,"","","","",48,"no"
"356","CRF3B_Q67_I","crf3b_q67_i","Some GP Clinic","CRF3B_BASELINE",277,"","","","",48,"no"
"357","CRF3B_Q67_J","crf3b_q67_j"," BHU/Rural Health center","CRF3B_BASELINE",278,"","","","",48,"no"
"358","CRF3B_Q67_K","crf3b_q67_k","Government Dispensary","CRF3B_BASELINE",279,"","","","",48,"no"
"359","CRF3B_Q67_L","crf3b_q67_l","Medical store","CRF3B_BASELINE",280,"","","","",48,"no"
"360","CRF3B_Q67_M","crf3b_q67_m","Self medication","CRF3B_BASELINE",281,"","","","",48,"no"
"361","CRF3B_Q68","crf3b_q68","Did the baby receive any treatment during this period?","CRF3B_BASELINE",282,"","","","",48,"no"
"362","CRF3B_Q69_A","crf3b_q69_a","Kept in an incubator","CRF3B_BASELINE",283,"Baseline","PRTRT","","Child",37,"no"
"363","CRF3B_Q69_B","crf3b_q69_b","Injectable antibiotics were administered","CRF3B_BASELINE",284,"Baseline","CMTRT","","Child",37,"no"
"364","CRF3B_Q69_C","crf3b_q69_c","Antibiotic syrup was given","CRF3B_BASELINE",285,"Baseline","CMTRT","","Child",37,"no"
"365","CRF3B_Q69_D","crf3b_q69_d","Drip was administered","CRF3B_BASELINE",286,"Baseline","CMTRT","","Child",37,"no"
"366","CRF3B_Q69_E","crf3b_q69_e","Oxygen was given through bag, tube or mask","CRF3B_BASELINE",287,"Baseline","CMTRT","","Child",37,"no"
"367","CRF3B_Q69_F","crf3b_q69_f","Kept on a ventilator","CRF3B_BASELINE",288,"Baseline","PRTRT","","Child",37,"no"
"368","CRF3B_Q69_G","crf3b_q69_g"," Baby was kept on NG feed","CRF3B_BASELINE",289,"Baseline","PRTRT","","Child",37,"no"
"369","CRF3B_Q69_H","crf3b_q69_h"," Some other medicine – not powdered one","CRF3B_BASELINE",290,"","","","",37,"no"
"370","CRF3B_Q69_I","crf3b_q69_i","Some other treatment was given","CRF3B_BASELINE",291,"","","","",37,"no"
"371","CRF3B_Q69_I_DESCRIPTION","crf3b_q69_i_description","Other treatment description","CRF3B_BASELINE",292,"","","","",0,"missing"
"374","CRF3B_Q70_HRS","crf3b_q70_hrs","For how long was the baby admitted? Hours","CRF3B_BASELINE",293,"Baseline","HODUR","","",37,"no"
"373","CRF3B_Q70_DAYS","crf3b_q70_days","For how long was the baby admitted? Days","CRF3B_BASELINE",294,"Baseline","HODUR","","",37,"no"
"375","CRF3B_Q71","crf3b_q71","State of baby health condition percieved by Mother/caregiver family?","CRF3B_BASELINE",295,"","","","",150,"no"
"376","CRF3B_Q72_A","crf3b_q72_a","Respiratory rate  (00.0 if refused) If the respiratory rate is 60 or more, count","CRF3B_BASELINE",296,"Baseline","VSSTRESN","RESP","Child",150,"no"
"377","CRF3B_Q72_B","crf3b_q72_b","Respiratory rate  (00.0 if refused) If the respiratory rate is 60 or more, count","CRF3B_BASELINE",297,"Baseline","VSSTRESN","RESP","Child",150,"no"
"378","CRF3B_Q73","crf3b_q73","Is respiratory rate on two different readings is 60 or above","CRF3B_BASELINE",298,"","","","",150,"no"
"379","CRF3B_Q74","crf3b_q74","Severe chest indrawing – Is chest indrawing on every breath?","CRF3B_BASELINE",299,"Baseline","CETERM","","Child",150,"no"
"380","CRF3B_Q75_A","crf3b_q75_a","Axillary temperature","CRF3B_BASELINE",300,"Baseline","VSSTRESN","TEMP","Child",150,"yes"
"381","CRF3B_Q75_B","crf3b_q75_b","Axillary temperature","CRF3B_BASELINE",301,"Baseline","VSSTRESN","TEMP","Child",150,"yes"
"382","CRF3B_Q76","crf3b_q76","Is temperature on two different readings is equal or greater than 38.0","CRF3B_BASELINE",302,"","","","",150,"no"
"383","CRF3B_Q77","crf3b_q77","Is temperature on two different readings is less than 35.5","CRF3B_BASELINE",303,"","","","",150,"no"
"384","CRF3B_Q78","crf3b_q78","Baby's level of alterness or conciousness or body movement","CRF3B_BASELINE",304,"Baseline","CETERM","","Child",150,"no"
"385","CRF3B_Q79","crf3b_q79","Convulsions","CRF3B_BASELINE",305,"Baseline","CETERM","","Child",150,"no"
"387","CRF3B_Q80_A","crf3b_q80_a","Ask the mother if the baby is having problem in taking milk?","CRF3B_BASELINE",306,"Baseline","CETERM","","Child",150,"no"
"388","CRF3B_Q80_B1","crf3b_q80_b1","Position of breastfeeding","CRF3B_BASELINE",307,"","","","",150,"no"
"389","CRF3B_Q80_B2","crf3b_q80_b2","Attachement for breastfeeding","CRF3B_BASELINE",308,"","","","",150,"no"
"390","CRF3B_Q80_B3","crf3b_q80_b3","Suckling of baby","CRF3B_BASELINE",309,"Baseline","CETERM","","Child",150,"no"
"391","CRF3B_Q80_B4","crf3b_q80_b4","Overall feeding of baby","CRF3B_BASELINE",310,"","","","",150,"no"
"392","CRF3B_Q81","crf3b_q81","Is the position of breastfeeding corrected by research staff","CRF3B_BASELINE",311,"","","","",119,"no"
"393","CRF3B_Q82","crf3b_q82","Is attachment of breastfeeding is corrected by research staff","CRF3B_BASELINE",312,"","","","",119,"no"
"394","CRF3B_Q83","crf3b_q83","Does the baby find to have a poor sucking due to illness","CRF3B_BASELINE",313,"Baseline","CETERM","","Child",72,"no"
"395","CRF3B_Q84","crf3b_q84","Is the baby unable to feed?","CRF3B_BASELINE",314,"","","","",0,"missing"
"396","CRF3B_Q85","crf3b_q85","Any pustules on the skin?","CRF3B_BASELINE",315,"Baseline","CETERM","","Child",150,"no"
"397","CRF3B_Q86","crf3b_q86","Umbilical redness or discharge of pus?","CRF3B_BASELINE",316,"Baseline","CETERM","","Child",150,"no"
"398","CRF3B_Q87","crf3b_q87","Jaundice","CRF3B_BASELINE",317,"Baseline","CETERM","","Child",150,"no"
"399","CRF3B_Q88_A","crf3b_q88_a"," Cough","CRF3B_BASELINE",318,"Baseline","CETERM","","Child",150,"no"
"400","CRF3B_Q88_B","crf3b_q88_b"," Cold/Flu/Runny nose","CRF3B_BASELINE",319,"Baseline","CETERM","","Child",150,"no"
"401","CRF3B_Q88_C","crf3b_q88_c"," Vomiting","CRF3B_BASELINE",320,"Baseline","VOMFL,CETERM","","Child",150,"yes"
"402","CRF3B_Q88_D","crf3b_q88_d"," Diarrhea","CRF3B_BASELINE",321,"Baseline","DIARFL,CETERM","","Child",150,"yes"
"403","CRF3B_Q88_E","crf3b_q88_e","Oral thrush","CRF3B_BASELINE",322,"Baseline","CETERM","","Child",150,"no"
"404","CRF3B_Q88_F","crf3b_q88_f","Irritability / excessive crying","CRF3B_BASELINE",323,"Baseline","CETERM","","Child",150,"no"
"405","CRF3B_Q88_G","crf3b_q88_g"," Redness of eyes or discharge of water","CRF3B_BASELINE",324,"Baseline","CETERM","","Child",150,"no"
"406","CRF3B_Q88_H","crf3b_q88_h","Lips / tongue turning blue or blackish","CRF3B_BASELINE",325,"Baseline","CETERM","","Child",150,"no"
"407","CRF3B_Q88_I","crf3b_q88_i"," Tips of finger/Feet turn blue","CRF3B_BASELINE",326,"Baseline","CETERM","","Child",150,"no"
"408","CRF3B_Q88_J","crf3b_q88_j"," Some sounds present during respiration (grunting, stridor etc)","CRF3B_BASELINE",327,"Baseline","CETERM","","Child",150,"no"
"409","CRF3B_Q88_K","crf3b_q88_k","Bleeding from nose","CRF3B_BASELINE",328,"Baseline","CETERM","","Child",150,"no"
"410","CRF3B_Q88_L","crf3b_q88_l"," Pus in ear","CRF3B_BASELINE",329,"Baseline","CETERM","","Child",150,"no"
"411","CRF3B_Q88_M","crf3b_q88_m","Chest congestion","CRF3B_BASELINE",330,"Baseline","CETERM","","Child",150,"no"
"412","CRF3B_Q88_N","crf3b_q88_n","Allergy / rash","CRF3B_BASELINE",331,"Baseline","CETERM","","Child",150,"no"
"413","CRF3B_Q88_O","crf3b_q88_o"," Constipation","CRF3B_BASELINE",332,"Baseline","CETERM","","Child",150,"no"
"414","CRF3B_Q88_P","crf3b_q88_p"," Other","CRF3B_BASELINE",333,"","","","",150,"no"
"415","CRF3B_Q88_P_DESCRIPTION","crf3b_q88_p_description","Other description","CRF3B_BASELINE",334,"Baseline","CETERM","","Child",2,"missing"
"416","CRF3B_Q89","crf3b_q89","According to the health worker, does the baby have any severe symptom for which","CRF3B_BASELINE",335,"","","","",150,"no"
"418","CRF3B_Q90","crf3b_q90","Does the mother/family want a referral for their own satisfaction?","CRF3B_BASELINE",336,"","","","",150,"no"
"419","CRF3B_Q91","crf3b_q91","Did the health worker refer the baby based on the mother’s/ family’s concern or","CRF3B_BASELINE",337,"","","","",0,"missing"
"420","CRF3B_Q92","crf3b_q92","Did the parent/family of the baby accept the referral?","CRF3B_BASELINE",338,"","","","",0,"missing"
"421","CRF3B_Q93_A","crf3b_q93_a","Did not think the baby was sick enough to need health care","CRF3B_BASELINE",339,"","","","",0,"missing"
"422","CRF3B_Q93_B","crf3b_q93_b","No one available to go with the caregiver","CRF3B_BASELINE",340,"","","","",0,"missing"
"423","CRF3B_Q93_C","crf3b_q93_c","Too much time from her regular duties","CRF3B_BASELINE",341,"","","","",0,"missing"
"424","CRF3B_Q93_D","crf3b_q93_d","Someone else has to decide","CRF3B_BASELINE",342,"","","","",0,"missing"
"425","CRF3B_Q93_E","crf3b_q93_e","Facility too far to travel","CRF3B_BASELINE",343,"","","","",0,"missing"
"426","CRF3B_Q93_F","crf3b_q93_f","No transportation available","CRF3B_BASELINE",344,"","","","",0,"missing"
"427","CRF3B_Q93_G","crf3b_q93_g","Cost (transport, health care, other)","CRF3B_BASELINE",345,"","","","",0,"missing"
"428","CRF3B_Q93_H","crf3b_q93_h","Not satisfied with the available health care","CRF3B_BASELINE",346,"","","","",0,"missing"
"429","CRF3B_Q93_I","crf3b_q93_i"," Problem requires traditional care","CRF3B_BASELINE",347,"","","","",0,"missing"
"430","CRF3B_Q93_J","crf3b_q93_j","Thought baby was too sick to travel","CRF3B_BASELINE",348,"","","","",0,"missing"
"431","CRF3B_Q93_K","crf3b_q93_k","Thought baby will die no matter what","CRF3B_BASELINE",349,"","","","",0,"missing"
"432","CRF3B_Q93_L","crf3b_q93_l"," Other reasons","CRF3B_BASELINE",350,"","","","",0,"missing"
"433","CRF3B_Q93_L_DESCRIPTION","crf3b_q93_l_description","Other reason description","CRF3B_BASELINE",351,"","","","",0,"missing"
"434","CRF3B_Q94","crf3b_q94","Whether this is this first pregnancy with the this baby?","CRF3B_BASELINE",352,"","GRAVIDA,PARITY","","",150,"yes"
"435","CRF3B_Q95","crf3b_q95","Including this pregnancy, number of times woman got pregnant","CRF3B_BASELINE",353,"","GRAVIDA,PARITY","","",150,"yes"
"436","CRF3B_Q96_A","crf3b_q96_a","Total numbers of alive births including this baby which woman had","CRF3B_BASELINE",354,"","NLIVBRTH,LVBRTHHX","","",150,"yes"
"437","CRF3B_Q96_B","crf3b_q96_b","Total number of stillbirths which woman had","CRF3B_BASELINE",355,"","NSTLBRTH,STLBRTHX","","",137,"yes"
"438","CRF3B_Q96_C","crf3b_q96_c","Total number of miscarriages or abortions which woman had","CRF3B_BASELINE",356,"","NMSCR,MISCRHX","","",137,"yes"
"439","CRF3B_Q97_A","crf3b_q97_a","Total number of children currently alive including this child within age of 0-11","CRF3B_BASELINE",357,"","NLCHILD","","",150,"yes"
"440","CRF3B_Q97_B","crf3b_q97_b","Total number of children currently alive within age  12-23 months","CRF3B_BASELINE",358,"","NLCHILD","","",137,"yes"
"441","CRF3B_Q97_C","crf3b_q97_c","Total number of children currently alive within age 24-59 months","CRF3B_BASELINE",359,"","NLCHILD","","",137,"yes"
"442","CRF3B_Q97_D","crf3b_q97_d","Total number of children currently alive within age greater than 59 months","CRF3B_BASELINE",360,"","NLCHILD","","",137,"yes"
"443","CRF3B_Q98","crf3b_q98","End time","CRF3B_BASELINE",361,"","","","",150,"no"
"462","CRF3C_Q3","crf3c_q3","Date","CRF3C_BANTHRO",364,"Baseline","AGEDAYS","","",150,"yes"
"463","CRF3C_Q4","crf3c_q4","Time","CRF3C_BANTHRO",365,"","","","",150,"no"
"464","CRF3C_Q5","crf3c_q5","Anthro reader 1","CRF3C_BANTHRO",366,"","","","",150,"no"
"465","CRF3C_Q6","crf3c_q6","Anthro reader 2","CRF3C_BANTHRO",367,"","","","",150,"no"
"466","CRF3C_Q7_A","crf3c_q7_a","Current weight of the baby in grams - Reader 1","CRF3C_BANTHRO",368,"Baseline","WTKG","","",150,"yes"
"467","CRF3C_Q7_B","crf3c_q7_b","Current weight of the baby in grams - Reader 2","CRF3C_BANTHRO",369,"Baseline","WTKG","","",150,"yes"
"468","CRF3C_Q8","crf3c_q8","System gererated average baby weight in grams","CRF3C_BANTHRO",370,"Baseline","WTKG","","",150,"yes"
"469","CRF3C_Q9_A","crf3c_q9_a","Current lenght of the baby in cm - Reader 1","CRF3C_BANTHRO",371,"Baseline","LENCM","","",150,"yes"
"470","CRF3C_Q9_B","crf3c_q9_b","Current lenght of the baby in cm - Reader 2","CRF3C_BANTHRO",372,"Baseline","LENCM","","",150,"yes"
"444","CRF3C_Q10","crf3c_q10","System gererated average length of baby in cm","CRF3C_BANTHRO",373,"Baseline","LENCM","","",150,"yes"
"445","CRF3C_Q11_A","crf3c_q11_a","Current MUAC of the baby in grams - Reader 1","CRF3C_BANTHRO",374,"Baseline","MUACCM","","",150,"yes"
"446","CRF3C_Q11_B","crf3c_q11_b","Current MUAC of the baby in grams - Reader 2","CRF3C_BANTHRO",375,"Baseline","MUACCM","","",150,"yes"
"447","CRF3C_Q12","crf3c_q12","System gererated average MUAC of baby in cm","CRF3C_BANTHRO",376,"Baseline","MUACCM","","",150,"yes"
"448","CRF3C_Q13_A","crf3c_q13_a","Current Occipito-Frontal Head Circumference of the baby in grams - Reader 1","CRF3C_BANTHRO",377,"Baseline","OCCFDCM","","",150,"yes"
"449","CRF3C_Q13_B","crf3c_q13_b","Current Occipito-Frontal Head Circumference of the baby in grams - Reader 2","CRF3C_BANTHRO",378,"Baseline","OCCFDCM","","",150,"yes"
"450","CRF3C_Q14","crf3c_q14","System gererated average Occipito-Frontal Head Circumference of baby in cm","CRF3C_BANTHRO",379,"Baseline","OCCFDCM","","",150,"yes"
"451","CRF3C_Q15_A","crf3c_q15_a","Maternal weight in Kg- Reader 1","CRF3C_BANTHRO",380,"","","","",150,"no"
"452","CRF3C_Q15_B","crf3c_q15_b","Maternal weight in Kg- Reader 2","CRF3C_BANTHRO",381,"","","","",150,"no"
"453","CRF3C_Q16","crf3c_q16","System gererated average maternal weight in Kg","CRF3C_BANTHRO",382,"Baseline","WTKG","","Mother",150,"yes"
"454","CRF3C_Q17_A","crf3c_q17_a","Maternal height in cm - Reader 1","CRF3C_BANTHRO",383,"","","","",150,"no"
"455","CRF3C_Q17_B","crf3c_q17_b","Maternal height in cm - Reader 2","CRF3C_BANTHRO",384,"","","","",150,"no"
"456","CRF3C_Q18","crf3c_q18","System gererated average maternal height in cm","CRF3C_BANTHRO",385,"Baseline","HTCM","","Mother",150,"yes"
"457","CRF3C_Q19_A","crf3c_q19_a","Maternal MUAC - reader 1 (cm)","CRF3C_BANTHRO",386,"","","","",150,"no"
"458","CRF3C_Q19_B","crf3c_q19_b","Maternal MUAC - reader 2 (cm)","CRF3C_BANTHRO",387,"","","","",150,"no"
"460","CRF3C_Q20","crf3c_q20","System gererated average maternal MUAC","CRF3C_BANTHRO",388,"Baseline","MUACCM","","Mother",150,"yes"
"461","CRF3C_Q26","crf3c_q26","Interview end time","CRF3C_BANTHRO",389,"","","","",150,"no"
"525","CRF4A_FORM_CRF_4A_ID","crf4a_form_crf_4a_id","Id to link 24 hours record details","CRF4A_EBF24",390,"","SUBJID","","",0,"missing"
"526","CRF4A_Q1","crf4a_q1","Follow-up number","CRF4A_EBF24",391,"","VISITNUM","","",0,"missing"
"531","CRF4A_Q2","crf4a_q2","STUDY ID","CRF4A_EBF24",392,"","SUBJIDO","","",0,"missing"
"532","CRF4A_Q3","crf4a_q3","Follow-up day","CRF4A_EBF24",393,"","","","",0,"missing"
"533","CRF4A_Q4","crf4a_q4","Date of visit","CRF4A_EBF24",394,"Follow up","AGEDTH,AGEDAYS","","",0,"missing"
"534","CRF4A_Q5","crf4a_q5","Time of visit","CRF4A_EBF24",395,"","","","",0,"missing"
"538","CRF4A_Q6","crf4a_q6","Autogenerated for follow-up team","CRF4A_EBF24",396,"","","","",0,"missing"
"541","CRF4A_Q7","crf4a_q7","Visit outcome","CRF4A_EBF24",397,"","","","",0,"missing"
"542","CRF4A_Q8","crf4a_q8","Is LW alive?","CRF4A_EBF24",398,"","","","",0,"missing"
"543","CRF4A_Q9","crf4a_q9","Date of death","CRF4A_EBF24",399,"","","","",0,"missing"
"527","CRF4A_Q10","crf4a_q10","Time of death","CRF4A_EBF24",400,"","","","",0,"missing"
"528","CRF4A_Q11","crf4a_q11","Is baby alive?","CRF4A_EBF24",401,"","DEAD","","",0,"missing"
"529","CRF4A_Q12","crf4a_q12","Date of death","CRF4A_EBF24",402,"","AGEDTH","","",0,"missing"
"530","CRF4A_Q13","crf4a_q13","Time of death","CRF4A_EBF24",403,"","","","",0,"missing"
"535","CRF4A_Q57","crf4a_q57","In last 24 hours, number of time baby was given breastfeeding or anything else?","CRF4A_EBF24",404,"","","","",0,"missing"
"536","CRF4A_Q58","crf4a_q58","Total number of times, the baby received breast milk was given","CRF4A_EBF24",405,"Follow up","BFEDFL,FEEDINGN","","",0,"missing"
"537","CRF4A_Q59","crf4a_q59","Total number of times when a baby received any recipe or food item?","CRF4A_EBF24",406,"Follow up","SLDFEDFL,FEEDINGN","","",0,"missing"
"539","CRF4A_Q60","crf4a_q60","Total number of times when a baby received non-food item?","CRF4A_EBF24",407,"","","","",0,"missing"
"540","CRF4A_Q62","crf4a_q62","Interview end time","CRF4A_EBF24",408,"","","","",0,"missing"
"471","CRF4A_D_FORM_CRF_4A_ID","crf4a_d_form_crf_4a_id","Id to link 24 hours record details","CRF4A_EBFRECALL",409,"","SUBJID","","",0,"missing"
"472","CRF4A_D_Q15_A","crf4a_d_q15_a","Time (hour duration) at which baby was breastfeed?  - From","CRF4A_EBFRECALL",410,"","","","",0,"missing"
"473","CRF4A_D_Q15_B","crf4a_d_q15_b","Time (hour duration) at which baby was breastfeed?  - To","CRF4A_EBFRECALL",411,"","","","",0,"missing"
"474","CRF4A_D_Q16","crf4a_d_q16","Whether the baby was  anything (this includes breastfeed, water, other source of","CRF4A_EBFRECALL",412,"","","","",0,"missing"
"475","CRF4A_D_Q17","crf4a_d_q17","Whether the baby was give breastfeeding during this specific hour","CRF4A_EBFRECALL",413,"","","","",0,"missing"
"476","CRF4A_D_Q18","crf4a_d_q18","How many times did baby has a breastfeed during this specific hour.","CRF4A_EBFRECALL",414,"","","","",0,"missing"
"477","CRF4A_D_Q19","crf4a_d_q19","Whether the source of breastfeed was mother herself or someone else","CRF4A_EBFRECALL",415,"","","","",0,"missing"
"478","CRF4A_D_Q20","crf4a_d_q20","Side of breast used for breastfeeding at this specific hour","CRF4A_EBFRECALL",416,"","","","",0,"missing"
"479","CRF4A_D_Q21","crf4a_d_q21","Methods used for breastfeeding at this specific hour","CRF4A_EBFRECALL",417,"Follow up","BOTTLEFL,GFSTRESC","BFMETHOD","Mother",0,"missing"
"480","CRF4A_D_Q22","crf4a_d_q22","Total time duration, the baby was breastfed at this specific hour","CRF4A_EBFRECALL",418,"","","","",0,"missing"
"481","CRF4A_D_Q23","crf4a_d_q23","Type of utensil used to administer expressed breasmilk","CRF4A_EBFRECALL",419,"","","","",0,"missing"
"482","CRF4A_D_Q24","crf4a_d_q24","How much amount is given (Approximate ml)","CRF4A_EBFRECALL",420,"","","","",0,"missing"
"483","CRF4A_D_Q25","crf4a_d_q25","Did the enrolled baby vomit immediately (Half an hour) after feeding?","CRF4A_EBFRECALL",421,"Follow up","VOMFL,CETERM","","Child",0,"missing"
"484","CRF4A_D_Q26","crf4a_d_q26","How much feed did the baby vomit?","CRF4A_EBFRECALL",422,"","","","",0,"missing"
"485","CRF4A_D_Q27","crf4a_d_q27","Was there any other baby (specifically ask for other siblings or children at hom","CRF4A_EBFRECALL",423,"","","","",0,"missing"
"486","CRF4A_D_Q28","crf4a_d_q28","Number of children who were breastfed by the enrolled LW at this specific hour","CRF4A_EBFRECALL",424,"","","","",0,"missing"
"487","CRF4A_D_Q29","crf4a_d_q29","During this specific hour, was baby given anything which was cooked at home (A r","CRF4A_EBFRECALL",425,"","","","",0,"missing"
"488","CRF4A_D_Q30","crf4a_d_q30","Where this recipe was made or cooked?","CRF4A_EBFRECALL",426,"","","","",0,"missing"
"489","CRF4A_D_Q31","crf4a_d_q31","Code of the recipe used","CRF4A_EBFRECALL",427,"","","","",0,"missing"
"490","CRF4A_D_Q32","crf4a_d_q32","Amount used in gram","CRF4A_EBFRECALL",428,"","","","",0,"missing"
"491","CRF4A_D_Q33","crf4a_d_q33","During this specific hour, was baby given any other thing which was cooked at ho","CRF4A_EBFRECALL",429,"","","","",0,"missing"
"492","CRF4A_D_Q34","crf4a_d_q34","Where this recipe was made or cooked?","CRF4A_EBFRECALL",430,"","","","",0,"missing"
"493","CRF4A_D_Q35","crf4a_d_q35","Recipe name/description which was given to a baby during this specific hour?","CRF4A_EBFRECALL",431,"","","","",0,"missing"
"494","CRF4A_D_Q36","crf4a_d_q36","Code of the recipe used","CRF4A_EBFRECALL",432,"","","","",0,"missing"
"495","CRF4A_D_Q37","crf4a_d_q37","Portion size description","CRF4A_EBFRECALL",433,"","","","",0,"missing"
"496","CRF4A_D_Q38","crf4a_d_q38","Amount used in gram","CRF4A_EBFRECALL",434,"","","","",0,"missing"
"497","CRF4A_D_Q39","crf4a_d_q39","During this specific hour, was baby given any other thing which was cooked at ho","CRF4A_EBFRECALL",435,"","","","",0,"missing"
"498","CRF4A_D_Q40","crf4a_d_q40","Where this recipe was made or cooked?","CRF4A_EBFRECALL",436,"","","","",0,"missing"
"499","CRF4A_D_Q41","crf4a_d_q41","Recipe name/description which was given to a baby during this specific hour?","CRF4A_EBFRECALL",437,"","","","",0,"missing"
"500","CRF4A_D_Q42","crf4a_d_q42","Code of the recipe used","CRF4A_EBFRECALL",438,"","","","",0,"missing"
"501","CRF4A_D_Q43","crf4a_d_q43","Portion size description","CRF4A_EBFRECALL",439,"","","","",0,"missing"
"502","CRF4A_D_Q44","crf4a_d_q44","Amount used in gram","CRF4A_EBFRECALL",440,"","","","",0,"missing"
"503","CRF4A_D_Q45","crf4a_d_q45","Was a specific food item used?","CRF4A_EBFRECALL",441,"","","","",0,"missing"
"504","CRF4A_D_Q46","crf4a_d_q46","Code of the recipe used","CRF4A_EBFRECALL",442,"","","","",0,"missing"
"505","CRF4A_D_Q47","crf4a_d_q47","Amount used in gram","CRF4A_EBFRECALL",443,"","","","",0,"missing"
"506","CRF4A_D_Q48","crf4a_d_q48","Was any other specific food item used?","CRF4A_EBFRECALL",444,"","","","",0,"missing"
"507","CRF4A_D_Q49","crf4a_d_q49","Code of the recipe used","CRF4A_EBFRECALL",445,"","","","",0,"missing"
"508","CRF4A_D_Q50","crf4a_d_q50","Amount used in gram","CRF4A_EBFRECALL",446,"","","","",0,"missing"
"509","CRF4A_D_Q51","crf4a_d_q51","Was any other specific food item?","CRF4A_EBFRECALL",447,"","","","",0,"missing"
"510","CRF4A_D_Q52","crf4a_d_q52","Name of food item which was given to the baby during this specific hour?","CRF4A_EBFRECALL",448,"","","","",0,"missing"
"511","CRF4A_D_Q53","crf4a_d_q53","Code of the recipe used","CRF4A_EBFRECALL",449,"","","","",0,"missing"
"512","CRF4A_D_Q54","crf4a_d_q54","Portion size description","CRF4A_EBFRECALL",450,"","","","",0,"missing"
"513","CRF4A_D_Q55","crf4a_d_q55","Amount used in gram","CRF4A_EBFRECALL",451,"","","","",0,"missing"
"514","CRF4A_D_Q56_A","crf4a_d_q56_a","Whether Baby was give non-food item _ Plain water - duing this specific hour","CRF4A_EBFRECALL",452,"Follow up","H20FEDFL","","",0,"missing"
"515","CRF4A_D_Q56_B","crf4a_d_q56_b","Whether Baby was give non-food item _ Sugar water - duing this specific hour","CRF4A_EBFRECALL",453,"Follow up","H20FEDFL","","",0,"missing"
"516","CRF4A_D_Q56_C","crf4a_d_q56_c","Whether Baby was give non-food item _ Grip water - duing this specific hour","CRF4A_EBFRECALL",454,"Follow up","H20FEDFL","","",0,"missing"
"517","CRF4A_D_Q56_D","crf4a_d_q56_d","Whether Baby was give non-food item _ Tea extract - duing this specific hour","CRF4A_EBFRECALL",455,"Follow up","H20FEDFL","","",0,"missing"
"518","CRF4A_D_Q56_E","crf4a_d_q56_e","Whether Baby was give non-food item _ Hookah water - duing this specific hour","CRF4A_EBFRECALL",456,"Follow up","H20FEDFL","","",0,"missing"
"519","CRF4A_D_Q56_F","crf4a_d_q56_f","Whether Baby was give non-food item _ Ghutti- duing this specific hour","CRF4A_EBFRECALL",457,"Follow up","H20FEDFL","","",0,"missing"
"520","CRF4A_D_Q56_G","crf4a_d_q56_g","Whether Baby was give non-food item _ Rose water - duing this specific hour","CRF4A_EBFRECALL",458,"Follow up","H20FEDFL","","",0,"missing"
"521","CRF4A_D_Q56_H","crf4a_d_q56_h","Whether Baby was give non-food item _ Herbal water - duing this specific hour","CRF4A_EBFRECALL",459,"Follow up","H20FEDFL","","",0,"missing"
"522","CRF4A_D_Q56_I","crf4a_d_q56_i","Whether Baby was give non-food item _Honey water- duing this specific hour","CRF4A_EBFRECALL",460,"Follow up","H20FEDFL","","",0,"missing"
"523","CRF4A_D_Q56_J","crf4a_d_q56_j","Whether Baby was give non-food item _ any other this- duing this specific hour","CRF4A_EBFRECALL",461,"","","","",0,"missing"
"524","CRF4A_D_Q56_J_DESCRIPTION","crf4a_d_q56_j_description","Other description","CRF4A_EBFRECALL",462,"Follow up","H20FEDFL","","",0,"missing"
"544","CRF4B_Q1","crf4b_q1","Follow-up number","CRF4B_ASSESS",463,"","VISITNUM","","",0,"missing"
"590","CRF4B_Q2","crf4b_q2","Age of the child on day of follow-up","CRF4B_ASSESS",464,"Follow up","AGEDAYS","","",0,"missing"
"607","CRF4B_Q3","crf4b_q3","STUDY ID","CRF4B_ASSESS",465,"","SUBJIDO","","",0,"missing"
"635","CRF4B_Q4","crf4b_q4","Date","CRF4B_ASSESS",466,"Follow up","AGEDAYS","","",0,"missing"
"652","CRF4B_Q5","crf4b_q5","Time","CRF4B_ASSESS",467,"","","","",0,"missing"
"653","CRF4B_Q6","crf4b_q6","Visit outcome","CRF4B_ASSESS",468,"","","","",0,"missing"
"654","CRF4B_Q7","crf4b_q7","Any reported danger sign/complication or illness in the baby since last visit?","CRF4B_ASSESS",469,"","","","",0,"missing"
"655","CRF4B_Q8_A","crf4b_q8_a"," Difficulty in feeding","CRF4B_ASSESS",470,"Follow up","CETERM","","Child",0,"missing"
"656","CRF4B_Q8_B","crf4b_q8_b","Cough","CRF4B_ASSESS",471,"Follow up","CETERM","","Child",0,"missing"
"657","CRF4B_Q8_C","crf4b_q8_c","Cold/Flu/Runny nose","CRF4B_ASSESS",472,"Follow up","CETERM","","Child",0,"missing"
"658","CRF4B_Q8_D","crf4b_q8_d"," Difficulty in breathing /Fast respiratory rate","CRF4B_ASSESS",473,"Follow up","CETERM","","Child",0,"missing"
"659","CRF4B_Q8_E","crf4b_q8_e","Convulsions","CRF4B_ASSESS",474,"Follow up","CETERM","","Child",0,"missing"
"660","CRF4B_Q8_F","crf4b_q8_f","Fever","CRF4B_ASSESS",475,"Follow up","CETERM","","Child",0,"missing"
"661","CRF4B_Q8_G","crf4b_q8_g","Hypothermia","CRF4B_ASSESS",476,"Follow up","CETERM","","Child",0,"missing"
"662","CRF4B_Q8_H","crf4b_q8_h","Lethargy or no movement","CRF4B_ASSESS",477,"Follow up","CETERM","","Child",0,"missing"
"663","CRF4B_Q8_I","crf4b_q8_i","Skin Pustules","CRF4B_ASSESS",478,"Follow up","CETERM","","Child",0,"missing"
"664","CRF4B_Q8_J","crf4b_q8_j"," Jaundice","CRF4B_ASSESS",479,"Follow up","CETERM","","Child",0,"missing"
"665","CRF4B_Q8_K","crf4b_q8_k","Umbilical redness or discharge","CRF4B_ASSESS",480,"Follow up","CETERM","","Child",0,"missing"
"666","CRF4B_Q8_L","crf4b_q8_l","Persistant vomiting or vomit all feed","CRF4B_ASSESS",481,"Follow up","VOMFL_R,CETERM","","Child",0,"missing"
"667","CRF4B_Q8_M","crf4b_q8_m","Diarrhea","CRF4B_ASSESS",482,"Follow up","DIARFL_R,CETERM","","Child",0,"missing"
"668","CRF4B_Q8_N","crf4b_q8_n","Oral Thrush","CRF4B_ASSESS",483,"Follow up","CETERM","","Child",0,"missing"
"669","CRF4B_Q8_O","crf4b_q8_o","Irritability or excessive crying","CRF4B_ASSESS",484,"Follow up","CETERM","","Child",0,"missing"
"670","CRF4B_Q8_P","crf4b_q8_p"," Redness of eyes or watery discharge","CRF4B_ASSESS",485,"Follow up","CETERM","","Child",0,"missing"
"671","CRF4B_Q8_Q","crf4b_q8_q","Grunting","CRF4B_ASSESS",486,"Follow up","CETERM","","Child",0,"missing"
"672","CRF4B_Q8_R","crf4b_q8_r"," Lips / tongue turning blue or black","CRF4B_ASSESS",487,"Follow up","CETERM","","Child",0,"missing"
"673","CRF4B_Q8_S","crf4b_q8_s","Bluish peripheral extremties","CRF4B_ASSESS",488,"Follow up","CETERM","","Child",0,"missing"
"674","CRF4B_Q8_T","crf4b_q8_t","Bleeding from nose","CRF4B_ASSESS",489,"Follow up","CETERM","","Child",0,"missing"
"675","CRF4B_Q8_U","crf4b_q8_u"," Constipation","CRF4B_ASSESS",490,"Follow up","CETERM","","Child",0,"missing"
"676","CRF4B_Q8_V","crf4b_q8_v","Dysentery","CRF4B_ASSESS",491,"Follow up","CETERM","","Child",0,"missing"
"677","CRF4B_Q8_W","crf4b_q8_w","Problem with unrination","CRF4B_ASSESS",492,"Follow up","CETERM","","Child",0,"missing"
"678","CRF4B_Q8_X","crf4b_q8_x","Ear discharge or pus","CRF4B_ASSESS",493,"Follow up","CETERM","","Child",0,"missing"
"679","CRF4B_Q8_Y","crf4b_q8_y","Chest congestion","CRF4B_ASSESS",494,"Follow up","CETERM","","Child",0,"missing"
"680","CRF4B_Q8_Z","crf4b_q8_z","Any other complication","CRF4B_ASSESS",495,"","","","",0,"missing"
"681","CRF4B_Q8_Z_DES_OTHER_1","crf4b_q8_z_des_other_1","Other complication description","CRF4B_ASSESS",496,"Follow up","CETERM","","Child",0,"missing"
"682","CRF4B_Q8_Z_DES_OTHER_2","crf4b_q8_z_des_other_2","Other complication description","CRF4B_ASSESS",497,"Follow up","CETERM","","Child",0,"missing"
"683","CRF4B_Q9","crf4b_q9","Whether any care was sought for the baby since last visit","CRF4B_ASSESS",498,"Follow up","HOTERM","","Child",0,"missing"
"545","CRF4B_Q10_A","crf4b_q10_a","Vital Pakistan/ Aga Khan PHC Center","CRF4B_ASSESS",499,"","","","",0,"missing"
"546","CRF4B_Q10_B","crf4b_q10_b","Attiya hospital","CRF4B_ASSESS",500,"","","","",0,"missing"
"547","CRF4B_Q10_C","crf4b_q10_c"," AKUH","CRF4B_ASSESS",501,"","","","",0,"missing"
"548","CRF4B_Q10_D","crf4b_q10_d"," NICH/Civil","CRF4B_ASSESS",502,"","","","",0,"missing"
"549","CRF4B_Q10_E","crf4b_q10_e","AKU Kharadar","CRF4B_ASSESS",503,"","","","",0,"missing"
"550","CRF4B_Q10_F","crf4b_q10_f","Korangi-5 government hospital","CRF4B_ASSESS",504,"","","","",0,"missing"
"551","CRF4B_Q10_G","crf4b_q10_g"," Any other government hospital","CRF4B_ASSESS",505,"","","","",0,"missing"
"552","CRF4B_Q10_H","crf4b_q10_h","Any other  Private hospital","CRF4B_ASSESS",506,"","","","",0,"missing"
"553","CRF4B_Q10_I","crf4b_q10_i","Some GP Clinic","CRF4B_ASSESS",507,"","","","",0,"missing"
"554","CRF4B_Q10_J","crf4b_q10_j"," BHU/Rural Health center","CRF4B_ASSESS",508,"","","","",0,"missing"
"555","CRF4B_Q10_K","crf4b_q10_k","Government Dispensary","CRF4B_ASSESS",509,"","","","",0,"missing"
"556","CRF4B_Q10_L","crf4b_q10_l","Medical store","CRF4B_ASSESS",510,"","","","",0,"missing"
"557","CRF4B_Q10_M","crf4b_q10_m","Self medication","CRF4B_ASSESS",511,"","","","",0,"missing"
"558","CRF4B_Q11","crf4b_q11","Did the baby receive any treatment during this period?","CRF4B_ASSESS",512,"","","","",0,"missing"
"559","CRF4B_Q12_A","crf4b_q12_a","Kept in an incubator","CRF4B_ASSESS",513,"Follow up","PRTRT","","Child",0,"missing"
"560","CRF4B_Q12_B","crf4b_q12_b","Injectable antibiotics were administered","CRF4B_ASSESS",514,"Follow up","CMTRT","","Child",0,"missing"
"561","CRF4B_Q12_C","crf4b_q12_c","Antibiotic syrup was given","CRF4B_ASSESS",515,"Follow up","CMTRT","","Child",0,"missing"
"562","CRF4B_Q12_D","crf4b_q12_d","Drip was administered","CRF4B_ASSESS",516,"Follow up","CMTRT","","Child",0,"missing"
"563","CRF4B_Q12_E","crf4b_q12_e","Oxygen was given through bag, tube or mask","CRF4B_ASSESS",517,"Follow up","CMTRT","","Child",0,"missing"
"564","CRF4B_Q12_F","crf4b_q12_f","Kept on a ventilator","CRF4B_ASSESS",518,"Follow up","PRTRT","","Child",0,"missing"
"565","CRF4B_Q12_G","crf4b_q12_g"," Baby was kept on NG feed","CRF4B_ASSESS",519,"Follow up","PRTRT","","Child",0,"missing"
"566","CRF4B_Q12_H","crf4b_q12_h"," Some other medicine – not powdered one","CRF4B_ASSESS",520,"","","","",0,"missing"
"567","CRF4B_Q12_I","crf4b_q12_i","Some other treatment was given","CRF4B_ASSESS",521,"","","","",0,"missing"
"568","CRF4B_Q12_I_DES_OTHER_1","crf4b_q12_i_des_other_1","Other treatment description","CRF4B_ASSESS",522,"","","","",0,"missing"
"569","CRF4B_Q12_I_DES_OTHER_2","crf4b_q12_i_des_other_2","Other treatment description","CRF4B_ASSESS",523,"","","","",0,"missing"
"570","CRF4B_Q13","crf4b_q13","Prescription/proof of medication","CRF4B_ASSESS",524,"","","","",0,"missing"
"571","CRF4B_Q14_A","crf4b_q14_a","Medication name #1","CRF4B_ASSESS",525,"Follow up","CMTRT","","Child",0,"missing"
"572","CRF4B_Q14_B","crf4b_q14_b","Medication name #2","CRF4B_ASSESS",526,"Follow up","CMTRT","","Child",0,"missing"
"573","CRF4B_Q14_C","crf4b_q14_c","Medication name #3","CRF4B_ASSESS",527,"Follow up","CMTRT","","Child",0,"missing"
"574","CRF4B_Q14_D","crf4b_q14_d","Medication name #4","CRF4B_ASSESS",528,"Follow up","CMTRT","","Child",0,"missing"
"575","CRF4B_Q14_E","crf4b_q14_e","Medication name #5","CRF4B_ASSESS",529,"Follow up","CMTRT","","Child",0,"missing"
"576","CRF4B_Q14_F_1","crf4b_q14_f_1","Medication name #6","CRF4B_ASSESS",530,"Follow up","CMTRT","","Child",0,"missing"
"577","CRF4B_Q14_F_2","crf4b_q14_f_2","Medication name #7","CRF4B_ASSESS",531,"Follow up","CMTRT","","Child",0,"missing"
"578","CRF4B_Q14_F_3","crf4b_q14_f_3","Medication name #8","CRF4B_ASSESS",532,"Follow up","CMTRT","","Child",0,"missing"
"579","CRF4B_Q15","crf4b_q15","Caregiver recall on medication name if prescription/medicine proof not available","CRF4B_ASSESS",533,"","","","",0,"missing"
"580","CRF4B_Q16_A","crf4b_q16_a","Medication name #1","CRF4B_ASSESS",534,"Follow up","CMTRT","","Child",0,"missing"
"581","CRF4B_Q16_B","crf4b_q16_b","Medication name #2","CRF4B_ASSESS",535,"Follow up","CMTRT","","Child",0,"missing"
"582","CRF4B_Q16_C","crf4b_q16_c","Medication name #3","CRF4B_ASSESS",536,"Follow up","CMTRT","","Child",0,"missing"
"583","CRF4B_Q16_D","crf4b_q16_d","Medication name #4","CRF4B_ASSESS",537,"Follow up","CMTRT","","Child",0,"missing"
"584","CRF4B_Q16_E","crf4b_q16_e","Medication name #5","CRF4B_ASSESS",538,"Follow up","CMTRT","","Child",0,"missing"
"585","CRF4B_Q16_F","crf4b_q16_f","Medication name #6","CRF4B_ASSESS",539,"Follow up","CMTRT","","Child",0,"missing"
"586","CRF4B_Q17","crf4b_q17","Are the medicines still being continued untill now?","CRF4B_ASSESS",540,"","","","",0,"missing"
"587","CRF4B_Q18","crf4b_q18","Ask the duration for which antibiotic has been used in days","CRF4B_ASSESS",541,"Follow up","CMDUR","","Child",0,"missing"
"589","CRF4B_Q19_H","crf4b_q19_h","If hospitalized, duration of stay (Hours)","CRF4B_ASSESS",542,"Follow up","HODUR","","",0,"missing"
"588","CRF4B_Q19_D","crf4b_q19_d","If hospitalized, duration of stay (Days)","CRF4B_ASSESS",543,"Follow up","HODUR","","",0,"missing"
"591","CRF4B_Q20","crf4b_q20","What is the state of the baby’s health according to the family?","CRF4B_ASSESS",544,"","","","",0,"missing"
"592","CRF4B_Q21_A","crf4b_q21_a","Respiratory rate - Breaths/ minute","CRF4B_ASSESS",545,"Follow up","VSSTRESN","RESP","Child",0,"missing"
"593","CRF4B_Q21_B","crf4b_q21_b","Respiratory rate - Breaths/ minute","CRF4B_ASSESS",546,"Follow up","VSSTRESN","RESP","Child",0,"missing"
"594","CRF4B_Q22","crf4b_q22","Respiratory rate on two different readings is 60 or above","CRF4B_ASSESS",547,"","","","",0,"missing"
"595","CRF4B_Q23","crf4b_q23","Severe chest indrawing – Is chest indrawing on every breath?","CRF4B_ASSESS",548,"Follow up","CETERM","","Child",0,"missing"
"596","CRF4B_Q24_A","crf4b_q24_a","Axillary temperature - Centigrade (first time)","CRF4B_ASSESS",549,"Follow up","VSSTRESN","TEMP","Child",0,"missing"
"597","CRF4B_Q24_B","crf4b_q24_b","Axillary temperature - Centigrade (second time)","CRF4B_ASSESS",550,"Follow up","VSSTRESN","TEMP","Child",0,"missing"
"598","CRF4B_Q25","crf4b_q25","Temperature on two different readings is equal or greater than 38.8","CRF4B_ASSESS",551,"","","","",0,"missing"
"599","CRF4B_Q26","crf4b_q26","Temperature on two different readings is less than 35.5","CRF4B_ASSESS",552,"","","","",0,"missing"
"600","CRF4B_Q27","crf4b_q27","Baby's level of alterness or conciousness or body movement","CRF4B_ASSESS",553,"Follow up","CETERM","","Child",0,"missing"
"601","CRF4B_Q28","crf4b_q28","Convulsions","CRF4B_ASSESS",554,"Follow up","CETERM","","Child",0,"missing"
"602","CRF4B_Q29_A","crf4b_q29_a","Ask the mother if the baby is having problem in taking milk?","CRF4B_ASSESS",555,"Follow up","CETERM","","Child",0,"missing"
"603","CRF4B_Q29_B1","crf4b_q29_b1","Position of breastfeeding","CRF4B_ASSESS",556,"","","","",0,"missing"
"604","CRF4B_Q29_B2","crf4b_q29_b2","Attachement for breastfeeding","CRF4B_ASSESS",557,"","","","",0,"missing"
"605","CRF4B_Q29_B3","crf4b_q29_b3","Suckling of baby","CRF4B_ASSESS",558,"","","","",0,"missing"
"606","CRF4B_Q29_B4","crf4b_q29_b4","Overall feeding of baby","CRF4B_ASSESS",559,"","","","",0,"missing"
"608","CRF4B_Q30","crf4b_q30","Position of breastfeeding corrected by research staff","CRF4B_ASSESS",560,"","","","",0,"missing"
"609","CRF4B_Q31","crf4b_q31","Attachment of breastfeeding is corrected by research staff","CRF4B_ASSESS",561,"","","","",0,"missing"
"610","CRF4B_Q32","crf4b_q32","Does the baby find to have a poor sucking due to illness","CRF4B_ASSESS",562,"","","","",0,"missing"
"611","CRF4B_Q33","crf4b_q33","Is the baby unable to feed?","CRF4B_ASSESS",563,"","","","",0,"missing"
"612","CRF4B_Q34","crf4b_q34","Any pustules on the skin?","CRF4B_ASSESS",564,"Follow up","CETERM","","Child",0,"missing"
"613","CRF4B_Q35","crf4b_q35","Umbilical redness or discharge of pus?","CRF4B_ASSESS",565,"Follow up","CETERM","","Child",0,"missing"
"614","CRF4B_Q36","crf4b_q36","Jaundice","CRF4B_ASSESS",566,"Follow up","CETERM","","Child",0,"missing"
"615","CRF4B_Q37_A","crf4b_q37_a"," Cough","CRF4B_ASSESS",567,"Follow up","CETERM","","Child",0,"missing"
"616","CRF4B_Q37_B","crf4b_q37_b"," Cold/Flu/Runny nose","CRF4B_ASSESS",568,"Follow up","CETERM","","Child",0,"missing"
"617","CRF4B_Q37_C","crf4b_q37_c"," Vomiting","CRF4B_ASSESS",569,"Follow up","VOMFL,CETERM","","Child",0,"missing"
"618","CRF4B_Q37_D","crf4b_q37_d"," Diarrhea","CRF4B_ASSESS",570,"Follow up","DIARFL,CETERM","","Child",0,"missing"
"619","CRF4B_Q37_E","crf4b_q37_e","Oral thrush","CRF4B_ASSESS",571,"Follow up","CETERM","","Child",0,"missing"
"620","CRF4B_Q37_F","crf4b_q37_f","Irritability / excessive crying","CRF4B_ASSESS",572,"Follow up","CETERM","","Child",0,"missing"
"621","CRF4B_Q37_G","crf4b_q37_g"," Redness of eyes or discharge of water","CRF4B_ASSESS",573,"Follow up","CETERM","","Child",0,"missing"
"622","CRF4B_Q37_H","crf4b_q37_h","Lips / tongue turning blue or blackish","CRF4B_ASSESS",574,"Follow up","CETERM","","Child",0,"missing"
"623","CRF4B_Q37_I","crf4b_q37_i"," Tips of finger/Feet turn blue","CRF4B_ASSESS",575,"Follow up","CETERM","","Child",0,"missing"
"624","CRF4B_Q37_J","crf4b_q37_j"," Some sounds present during respiration (grunting, stridor etc)","CRF4B_ASSESS",576,"Follow up","CETERM","","Child",0,"missing"
"625","CRF4B_Q37_K","crf4b_q37_k","Bleeding from nose","CRF4B_ASSESS",577,"Follow up","CETERM","","Child",0,"missing"
"626","CRF4B_Q37_L","crf4b_q37_l"," Pus in ear","CRF4B_ASSESS",578,"Follow up","CETERM","","Child",0,"missing"
"627","CRF4B_Q37_M","crf4b_q37_m","Chest congestion","CRF4B_ASSESS",579,"Follow up","CETERM","","Child",0,"missing"
"628","CRF4B_Q37_N","crf4b_q37_n","Allergy / rash","CRF4B_ASSESS",580,"Follow up","CETERM","","Child",0,"missing"
"629","CRF4B_Q37_O","crf4b_q37_o"," Constipation","CRF4B_ASSESS",581,"Follow up","CETERM","","Child",0,"missing"
"630","CRF4B_Q37_P","crf4b_q37_p"," Other (specify)","CRF4B_ASSESS",582,"","","","",0,"missing"
"631","CRF4B_Q37_P_DES_OTHER_1","crf4b_q37_p_des_other_1","Other description","CRF4B_ASSESS",583,"Follow up","CETERM","","Child",0,"missing"
"632","CRF4B_Q37_P_DES_OTHER_2","crf4b_q37_p_des_other_2","Other description","CRF4B_ASSESS",584,"Follow up","CETERM","","Child",0,"missing"
"633","CRF4B_Q38","crf4b_q38","Whether referral is required based on assessment","CRF4B_ASSESS",585,"","","","",0,"missing"
"634","CRF4B_Q39","crf4b_q39","Does the mother/family want a referral for their own satisfaction?","CRF4B_ASSESS",586,"","","","",0,"missing"
"636","CRF4B_Q40","crf4b_q40","Whether caregiver wants referral own satisfaction?","CRF4B_ASSESS",587,"","","","",0,"missing"
"637","CRF4B_Q41","crf4b_q41","Did the parent/family of the baby accept the referral?","CRF4B_ASSESS",588,"","","","",0,"missing"
"638","CRF4B_Q42_A","crf4b_q42_a","Refused to referral as Don't think the baby was sick enough to need health care","CRF4B_ASSESS",589,"","","","",0,"missing"
"639","CRF4B_Q42_B","crf4b_q42_b","Refused to referral as no one available to go with the caregiver","CRF4B_ASSESS",590,"","","","",0,"missing"
"640","CRF4B_Q42_C","crf4b_q42_c","Refused to referral as too much time from her regular duties","CRF4B_ASSESS",591,"","","","",0,"missing"
"641","CRF4B_Q42_D","crf4b_q42_d","Refused to referral as someone else has to decide","CRF4B_ASSESS",592,"","","","",0,"missing"
"642","CRF4B_Q42_E","crf4b_q42_e","Refused to referral as too far to travel","CRF4B_ASSESS",593,"","","","",0,"missing"
"643","CRF4B_Q42_F","crf4b_q42_f","Refused to referral as no transportation available","CRF4B_ASSESS",594,"","","","",0,"missing"
"644","CRF4B_Q42_G","crf4b_q42_g","Refused to referral as cost (transport, health care, other)","CRF4B_ASSESS",595,"","","","",0,"missing"
"645","CRF4B_Q42_H","crf4b_q42_h","Refused to referral as not satisfied with the available health care","CRF4B_ASSESS",596,"","","","",0,"missing"
"646","CRF4B_Q42_I","crf4b_q42_i","Reason for refusing as problem requires traditional care?","CRF4B_ASSESS",597,"","","","",0,"missing"
"647","CRF4B_Q42_J","crf4b_q42_j","Refused to referral as thought baby was too sick to travel","CRF4B_ASSESS",598,"","","","",0,"missing"
"648","CRF4B_Q42_K","crf4b_q42_k","Refused to referral as thought baby will die no matter what","CRF4B_ASSESS",599,"","","","",0,"missing"
"649","CRF4B_Q42_L","crf4b_q42_l","Refused to referral as Other reasons","CRF4B_ASSESS",600,"","","","",0,"missing"
"650","CRF4B_Q42_L_DES_OTHER","crf4b_q42_l_des_other","Other reason description","CRF4B_ASSESS",601,"","","","",0,"missing"
"651","CRF4B_Q43","crf4b_q43","Interview completion time","CRF4B_ASSESS",602,"","","","",0,"missing"
"686","CRF5A_Q1","crf5a_q1","STUDY ID (to be entered by research staff)","CRF5A_COMPLIANCE",603,"","SUBJIDO","","",0,"missing"
"697","CRF5A_Q2","crf5a_q2","followup_num","CRF5A_COMPLIANCE",604,"","VISITNUM","","",0,"missing"
"728","CRF5A_Q3","crf5a_q3","DAY","CRF5A_COMPLIANCE",605,"","","","",0,"missing"
"749","CRF5A_Q4","crf5a_q4","Date of first attempt (automated)","CRF5A_COMPLIANCE",606,"Follow up Day 42","AGEDAYS","","",0,"missing"
"758","CRF5A_Q5","crf5a_q5","Time of second attempt (automated) 24 hour clock","CRF5A_COMPLIANCE",607,"","","","",0,"missing"
"759","CRF5A_Q6","crf5a_q6","arm","CRF5A_COMPLIANCE",608,"","","","",0,"missing"
"760","CRF5A_Q7","crf5a_q7","Visit outcome","CRF5A_COMPLIANCE",609,"","","","",0,"missing"
"761","CRF5A_Q8","crf5a_q8","q19_details","CRF5A_COMPLIANCE",610,"","","","",0,"missing"
"762","CRF5A_Q9","crf5a_q9","Is LW alive?","CRF5A_COMPLIANCE",611,"","","","",0,"missing"
"687","CRF5A_Q10","crf5a_q10","Date of death","CRF5A_COMPLIANCE",612,"","","","",0,"missing"
"688","CRF5A_Q11","crf5a_q11","Time of death","CRF5A_COMPLIANCE",613,"","","","",0,"missing"
"689","CRF5A_Q12","crf5a_q12","Is child alive?","CRF5A_COMPLIANCE",614,"","DEAD","","",0,"missing"
"690","CRF5A_Q13","crf5a_q13","Date of death","CRF5A_COMPLIANCE",615,"","AGEDTH","","",0,"missing"
"691","CRF5A_Q14","crf5a_q14","Time of death","CRF5A_COMPLIANCE",616,"","","","",0,"missing"
"692","CRF5A_Q15","crf5a_q15","How often are you using this supplement since last visit?","CRF5A_COMPLIANCE",617,"","","","",0,"missing"
"693","CRF5A_Q16","crf5a_q16","System to copy date of last completely filled CRF5a","CRF5A_COMPLIANCE",618,"","","","",0,"missing"
"694","CRF5A_Q17","crf5a_q17","Number of days since last completed visit.","CRF5A_COMPLIANCE",619,"","","","",0,"missing"
"695","CRF5A_Q18","crf5a_q18","Total number of sachet supposed to be used by woman","CRF5A_COMPLIANCE",620,"","","","",0,"missing"
"696","CRF5A_Q19","crf5a_q19","Numbers of empty sachets returned by LW","CRF5A_COMPLIANCE",621,"","","","",0,"missing"
"698","CRF5A_Q20","crf5a_q20","Total amount of sachet used since last visit","CRF5A_COMPLIANCE",622,"","","","",0,"missing"
"699","CRF5A_Q21","crf5a_q21","Amount of sachets shared with someone else","CRF5A_COMPLIANCE",623,"","","","",0,"missing"
"700","CRF5A_Q22","crf5a_q22","Compliance Percantage","CRF5A_COMPLIANCE",624,"Follow up Day 47","GFSTRESN,EXENDY","SUPP_C","Mother",0,"missing"
"701","CRF5A_Q23","crf5a_q23","Whether sachet was shared with anyone else?","CRF5A_COMPLIANCE",625,"","","","",0,"missing"
"702","CRF5A_Q24_A","crf5a_q24_a","Shared with enrolled baby","CRF5A_COMPLIANCE",626,"","","","",0,"missing"
"703","CRF5A_Q24_B","crf5a_q24_b","Shared with other babies","CRF5A_COMPLIANCE",627,"","","","",0,"missing"
"704","CRF5A_Q24_C","crf5a_q24_c","Shared with other children at home","CRF5A_COMPLIANCE",628,"","","","",0,"missing"
"705","CRF5A_Q24_D","crf5a_q24_d","Shared with other lactating woman","CRF5A_COMPLIANCE",629,"","","","",0,"missing"
"706","CRF5A_Q24_E","crf5a_q24_e","Shared with other pregnant woman","CRF5A_COMPLIANCE",630,"","","","",0,"missing"
"707","CRF5A_Q24_F","crf5a_q24_f","Shared with other male family member","CRF5A_COMPLIANCE",631,"","","","",0,"missing"
"708","CRF5A_Q24_G","crf5a_q24_g","Shared with other neighbours","CRF5A_COMPLIANCE",632,"","","","",0,"missing"
"709","CRF5A_Q25","crf5a_q25","Shared with any other","CRF5A_COMPLIANCE",633,"","","","",0,"missing"
"710","CRF5A_Q26","crf5a_q26","Did you notice any side effects of Maamta since last visit?","CRF5A_COMPLIANCE",634,"","","","",0,"missing"
"711","CRF5A_Q27_A","crf5a_q27_a","If had Diarrhea","CRF5A_COMPLIANCE",635,"Follow up Day 42","CETERM","","Mother",0,"missing"
"712","CRF5A_Q27_B","crf5a_q27_b","If had Vomiting","CRF5A_COMPLIANCE",636,"Follow up Day 42","CETERM","","Mother",0,"missing"
"713","CRF5A_Q27_C","crf5a_q27_c","If had Abdominal Pain","CRF5A_COMPLIANCE",637,"Follow up Day 42","CETERM","","Mother",0,"missing"
"714","CRF5A_Q27_D","crf5a_q27_d","If had Rashes","CRF5A_COMPLIANCE",638,"Follow up Day 42","CETERM","","Mother",0,"missing"
"715","CRF5A_Q27_E","crf5a_q27_e","If had any other side effect","CRF5A_COMPLIANCE",639,"","","","",0,"missing"
"716","CRF5A_Q28","crf5a_q28","Whether woman stopped using supplement","CRF5A_COMPLIANCE",640,"","","","",0,"missing"
"717","CRF5A_Q29_A","crf5a_q29_a","Stop using because Taste is not good/bad taste","CRF5A_COMPLIANCE",641,"","","","",0,"missing"
"718","CRF5A_Q29_B","crf5a_q29_b","Stop using because it cause diarrhea","CRF5A_COMPLIANCE",642,"","","","",0,"missing"
"719","CRF5A_Q29_C","crf5a_q29_c","Stop using because it cause vomiting","CRF5A_COMPLIANCE",643,"","","","",0,"missing"
"720","CRF5A_Q29_D","crf5a_q29_d","Stop using because it cause abdominal pain","CRF5A_COMPLIANCE",644,"","","","",0,"missing"
"721","CRF5A_Q29_E","crf5a_q29_e","Stop using because it cause rashes","CRF5A_COMPLIANCE",645,"","","","",0,"missing"
"722","CRF5A_Q29_F","crf5a_q29_f","Stop using because it cause other illness","CRF5A_COMPLIANCE",646,"","","","",0,"missing"
"723","CRF5A_Q29_G","crf5a_q29_g","Stop using, however Forget to take it","CRF5A_COMPLIANCE",647,"","","","",0,"missing"
"724","CRF5A_Q29_H","crf5a_q29_h","Stop using because it finished before time","CRF5A_COMPLIANCE",648,"","","","",0,"missing"
"725","CRF5A_Q29_I","crf5a_q29_i","Stop using because she went somewhere","CRF5A_COMPLIANCE",649,"","","","",0,"missing"
"726","CRF5A_Q29_J","crf5a_q29_j","Stop using due to other reasons","CRF5A_COMPLIANCE",650,"","","","",0,"missing"
"727","CRF5A_Q29_J_DES_OTHER_1","crf5a_q29_j_des_other_1","Others (Specify)","CRF5A_COMPLIANCE",651,"","","","",0,"missing"
"729","CRF5A_Q30","crf5a_q30","Number of new sachets given today by health worker?","CRF5A_COMPLIANCE",652,"","","","",0,"missing"
"730","CRF5A_Q31","crf5a_q31","Is this 42 day visit?","CRF5A_COMPLIANCE",653,"Follow up Day 42","AGEDAYS","","",0,"missing"
"731","CRF5A_Q32","crf5a_q32","LW enrolled in  Arm C","CRF5A_COMPLIANCE",654,"Follow up Day 42","ARMCD,EXTRT","","Child",0,"missing"
"732","CRF5A_Q33","crf5a_q33","Is the child available","CRF5A_COMPLIANCE",655,"","","","",0,"missing"
"733","CRF5A_Q34","crf5a_q34","Ask the mother if the child received any powder medicine","CRF5A_COMPLIANCE",656,"","","","",0,"missing"
"734","CRF5A_Q35","crf5a_q35","Any prescription or wrapper of medicines which is available","CRF5A_COMPLIANCE",657,"","","","",0,"missing"
"735","CRF5A_Q36_A","crf5a_q36_a","Name of medicines {1._____}","CRF5A_COMPLIANCE",658,"Follow up","CMTRT","","Child",0,"missing"
"736","CRF5A_Q36_B","crf5a_q36_b","Name of medicines {2._____}","CRF5A_COMPLIANCE",659,"Follow up","CMTRT","","Child",0,"missing"
"737","CRF5A_Q36_C","crf5a_q36_c","Name of medicines {3._____}","CRF5A_COMPLIANCE",660,"Follow up","CMTRT","","Child",0,"missing"
"738","CRF5A_Q36_D","crf5a_q36_d","Name of medicines {4._____}","CRF5A_COMPLIANCE",661,"","","","",0,"missing"
"739","CRF5A_Q36_E","crf5a_q36_e","Name of medicines {5._____}","CRF5A_COMPLIANCE",662,"","","","",0,"missing"
"740","CRF5A_Q36_F","crf5a_q36_f","Name of medicines {6._____}","CRF5A_COMPLIANCE",663,"","","","",0,"missing"
"741","CRF5A_Q37","crf5a_q37","Ask mother or family, if they remember the name of medicine","CRF5A_COMPLIANCE",664,"","","","",0,"missing"
"742","CRF5A_Q38_A","crf5a_q38_a","Name of medicine if known {1._____}","CRF5A_COMPLIANCE",665,"Follow up","CMTRT","","Child",0,"missing"
"743","CRF5A_Q38_B","crf5a_q38_b","Name of medicine if known {2._____}","CRF5A_COMPLIANCE",666,"","","","",0,"missing"
"744","CRF5A_Q38_C","crf5a_q38_c","Name of medicine if known {3._____}","CRF5A_COMPLIANCE",667,"","","","",0,"missing"
"745","CRF5A_Q38_D","crf5a_q38_d","Name of medicine if known {4._____}","CRF5A_COMPLIANCE",668,"","","","",0,"missing"
"746","CRF5A_Q38_E","crf5a_q38_e","Name of medicine if known {5._____}","CRF5A_COMPLIANCE",669,"","","","",0,"missing"
"747","CRF5A_Q38_F","crf5a_q38_f","Name of medicine if known {6._____}","CRF5A_COMPLIANCE",670,"","","","",0,"missing"
"748","CRF5A_Q39","crf5a_q39","For how long were these medicine used?","CRF5A_COMPLIANCE",671,"Follow up","CMDUR","","Child",0,"missing"
"750","CRF5A_Q40","crf5a_q40","Are these medicines still being used","CRF5A_COMPLIANCE",672,"","","","",0,"missing"
"751","CRF5A_Q41","crf5a_q41","Consult with supervisor and discuss if any suspected medicine is Azithromycin","CRF5A_COMPLIANCE",673,"","","","",0,"missing"
"752","CRF5A_Q42","crf5a_q42","Final decision of Supervisor for Azithromycin dose","CRF5A_COMPLIANCE",674,"","","","",0,"missing"
"753","CRF5A_Q43","crf5a_q43","Date when a supervisor communicated to administer the dose to the child","CRF5A_COMPLIANCE",675,"","","","",0,"missing"
"865","LW_CRF5A_53","lw_crf5a_53","Inform and counsel the mother about Azithromycin","CRF5A_COMPLIANCE",676,"","","","",0,"missing"
"754","CRF5A_Q44","crf5a_q44","a) Weight of the child  (grams)","CRF5A_COMPLIANCE",677,"Follow up Day 42","WTKG","","",0,"missing"
"755","CRF5A_Q45","crf5a_q45","b) Weight of the child  (kilograms)","CRF5A_COMPLIANCE",678,"","","","",0,"missing"
"756","CRF5A_Q46","crf5a_q46","Dose in Milligram","CRF5A_COMPLIANCE",679,"Follow up Day 42","EXDOSE","","Child",0,"missing"
"757","CRF5A_Q47","crf5a_q47","Dose in ml","CRF5A_COMPLIANCE",680,"","","","",0,"missing"
"866","LW_CRF5A_60","lw_crf5a_60","Interview end time","CRF5A_COMPLIANCE",681,"","","","",0,"missing"
"849","FORM_CRF_5B_DETAILS_ID","form_crf_5b_details_id","form_crf_5b_details_id","CRF5B_FOODRECALL",682,"","","","",0,"missing"
"867","LW_CRF5B_25","lw_crf5b_25","lw_crf5b_25","CRF5B_FOODRECALL",683,"","","","",0,"missing"
"763","CRF5B_D_Q15","crf5b_d_q15","LW has eaten anything between specific hour","CRF5B_FOODRECALL",684,"","","","",0,"missing"
"764","CRF5B_D_Q16","crf5b_d_q16","Woman consume any recipe during this hour","CRF5B_FOODRECALL",685,"","","","",0,"missing"
"765","CRF5B_D_Q17","crf5b_d_q17","Place where food was cooked??","CRF5B_FOODRECALL",686,"","","","",0,"missing"
"766","CRF5B_D_Q18","crf5b_d_q18","Food recipe code","CRF5B_FOODRECALL",687,"","","","",0,"missing"
"767","CRF5B_D_Q19","crf5b_d_q19","Amount used in gram","CRF5B_FOODRECALL",688,"","","","",0,"missing"
"768","CRF5B_D_Q20","crf5b_d_q20","Woman consumed any other recipe during this hour","CRF5B_FOODRECALL",689,"","","","",0,"missing"
"769","CRF5B_D_Q21","crf5b_d_q21","Place where recipe was made","CRF5B_FOODRECALL",690,"","","","",0,"missing"
"770","CRF5B_D_Q22","crf5b_d_q22","Recipe code","CRF5B_FOODRECALL",691,"","","","",0,"missing"
"771","CRF5B_D_Q23","crf5b_d_q23","Amount used in gram","CRF5B_FOODRECALL",692,"","","","",0,"missing"
"772","CRF5B_D_Q24","crf5b_d_q24","Any food item consumed","CRF5B_FOODRECALL",693,"","","","",0,"missing"
"773","CRF5B_D_Q25","crf5b_d_q25","Code of food item","CRF5B_FOODRECALL",694,"","","","",0,"missing"
"774","CRF5B_D_Q26","crf5b_d_q26","Amount used in gram","CRF5B_FOODRECALL",695,"","","","",0,"missing"
"775","CRF5B_D_Q27","crf5b_d_q27","Any food item consumed","CRF5B_FOODRECALL",696,"","","","",0,"missing"
"776","CRF5B_D_Q28","crf5b_d_q28","Code of food item used","CRF5B_FOODRECALL",697,"","","","",0,"missing"
"777","CRF5B_D_Q29","crf5b_d_q29","Amount used in gram","CRF5B_FOODRECALL",698,"","","","",0,"missing"
"868","LW_CRF5B_49","lw_crf5b_49","lw_crf5b_49","CRF5B_FOODRECALL",699,"","","","",0,"missing"
"850","FORM_CRF_5B_ID","form_crf_5b_id","form_crf_5b_id","CRF5B_FOODRECALL",700,"","","","",0,"missing"
"684","CRF5_Q14_FROM","crf5_q14_from","Q25_A_HourlyTime_From","CRF5B_FOODRECALL",701,"","","","",0,"missing"
"685","CRF5_Q14_TO","crf5_q14_to","Q25_B_HourlyTime_To","CRF5B_FOODRECALL",702,"","","","",0,"missing"
"778","CRF6_Q1","crf6_q1","Followup_Number","CRF6_ANTHRO",703,"Follow up month 1","VISITNUM","","",0,"missing"
"800","CRF6_Q3","crf6_q3","Date of visit","CRF6_ANTHRO",705,"","AGEDAYS","","",0,"missing"
"801","CRF6_Q4","crf6_q4","Time of visit","CRF6_ANTHRO",706,"","","","",0,"missing"
"802","CRF6_Q5","crf6_q5","Autogenerated","CRF6_ANTHRO",707,"","","","",0,"missing"
"803","CRF6_Q6","crf6_q6","Visit outcome","CRF6_ANTHRO",708,"","","","",0,"missing"
"804","CRF6_Q7","crf6_q7","Current age of child (System generated)","CRF6_ANTHRO",709,"","AGEDAYS","","",0,"missing"
"805","CRF6_Q8","crf6_q8","Is child present","CRF6_ANTHRO",710,"","","","",0,"missing"
"806","CRF6_Q9","crf6_q9","Anthro reader 1","CRF6_ANTHRO",711,"","","","",0,"missing"
"779","CRF6_Q10","crf6_q10","Anthro reader 2","CRF6_ANTHRO",712,"","","","",0,"missing"
"780","CRF6_Q11_A","crf6_q11_a","Current weight of the baby in grams - Reader 1","CRF6_ANTHRO",713,"Follow up month 1","WTKG","","",0,"missing"
"781","CRF6_Q11_B","crf6_q11_b","Current weight of the baby in grams - Reader 2","CRF6_ANTHRO",714,"Follow up month 1","WTKG","","",0,"missing"
"782","CRF6_Q12","crf6_q12","System gererated average baby weight in grams","CRF6_ANTHRO",715,"Follow up month 1","WTKG","","",0,"missing"
"783","CRF6_Q13_A","crf6_q13_a","Current lenght of the baby in cm - Reader 1","CRF6_ANTHRO",716,"Follow up month 1","LENCM","","",0,"missing"
"784","CRF6_Q13_AB","crf6_q13_ab","Current lenght of the baby in cm - Reader 2","CRF6_ANTHRO",717,"Follow up month 1","LENCM","","",0,"missing"
"785","CRF6_Q14","crf6_q14","System gererated average length of baby in cm","CRF6_ANTHRO",718,"Follow up month 1","LENCM","","",0,"missing"
"786","CRF6_Q15_A","crf6_q15_a","Current MUAC of the baby in grams - Reader 1","CRF6_ANTHRO",719,"Follow up month 1","MUACCM","","",0,"missing"
"787","CRF6_Q15_B","crf6_q15_b","Current MUAC of the baby in grams - Reader 2","CRF6_ANTHRO",720,"Follow up month 1","MUACCM","","",0,"missing"
"788","CRF6_Q16","crf6_q16","System gererated average MUAC of baby in cm","CRF6_ANTHRO",721,"Follow up month 1","MUACCM","","",0,"missing"
"789","CRF6_Q17_A","crf6_q17_a","Current Occipito-Frontal Head Circumference of the baby in grams - Reader 1","CRF6_ANTHRO",722,"Follow up month 1","OCCFDCM","","",0,"missing"
"790","CRF6_Q17_B","crf6_q17_b","Current Occipito-Frontal Head Circumference of the baby in grams - Reader 2","CRF6_ANTHRO",723,"Follow up month 1","OCCFDCM","","",0,"missing"
"791","CRF6_Q18","crf6_q18","System gererated average Occipito-Frontal Head Circumference of baby in cm","CRF6_ANTHRO",724,"Follow up month 1","OCCFDCM","","",0,"missing"
"792","CRF6_Q19","crf6_q19","Whether mother is present","CRF6_ANTHRO",725,"","","","",0,"missing"
"793","CRF6_Q20_A","crf6_q20_a","Maternal weight in Kg- Reader 1","CRF6_ANTHRO",726,"","","","",0,"missing"
"794","CRF6_Q20_B","crf6_q20_b","Maternal weight in Kg- Reader 2","CRF6_ANTHRO",727,"","","","",0,"missing"
"795","CRF6_Q21","crf6_q21","System gererated average maternal weight in Kg","CRF6_ANTHRO",728,"Follow up month 1","WTKG","","Mother",0,"missing"
"796","CRF6_Q22_A","crf6_q22_a","Maternal MUAC - reader 1 (cm)","CRF6_ANTHRO",729,"","","","",0,"missing"
"797","CRF6_Q22_B","crf6_q22_b","Maternal MUAC - reader 2 (cm)","CRF6_ANTHRO",730,"","","","",0,"missing"
"798","CRF6_Q23","crf6_q23","System gererated average maternal MUAC","CRF6_ANTHRO",731,"Follow up month 1","MUACCM","","Mother",0,"missing"
"799","CRF6_Q24","crf6_q24","Interview end time","CRF6_ANTHRO",732,"","","","",0,"missing"
"1423","STUDY_ID","study_id","study_id","CRF8_SAE",734,"","SUBJIDO","","",0,"missing"
"807","CRF8_Q1","crf8_q1","Date (automated)","CRF8_SAE",735,"Follow up","AGEDAYS","","",0,"missing"
"818","CRF8_Q2","crf8_q2","Time (automated)","CRF8_SAE",736,"","","","",0,"missing"
"836","CRF8_Q3","crf8_q3","Date of enrolment","CRF8_SAE",737,"","","","",0,"missing"
"839","CRF8_Q4","crf8_q4","Follow-up visit number","CRF8_SAE",738,"Follow up","VISITNUM","","",0,"missing"
"840","CRF8_Q5","crf8_q5","Date when adverse event was observed / start date","CRF8_SAE",739,"Follow up","CEDUR","","Child",0,"missing"
"841","CRF8_Q6","crf8_q6","Time of event observed","CRF8_SAE",740,"","","","",0,"missing"
"842","CRF8_Q7","crf8_q7","Date when adverse event was stopped","CRF8_SAE",741,"Follow up","CEDUR","","Child",0,"missing"
"843","CRF8_Q8","crf8_q8","Time of event stopped","CRF8_SAE",742,"","","","",0,"missing"
"844","CRF8_Q9","crf8_q9","Date when adverse event was reported","CRF8_SAE",743,"","","","",0,"missing"
"808","CRF8_Q10","crf8_q10","Time of event reported","CRF8_SAE",744,"","","","",0,"missing"
"809","CRF8_Q11","crf8_q11","Date of informing Research specialist","CRF8_SAE",745,"","","","",0,"missing"
"810","CRF8_Q12","crf8_q12","Time of informing  Research specialist","CRF8_SAE",746,"","","","",0,"missing"
"811","CRF8_Q13","crf8_q13","Date of informing PIs","CRF8_SAE",747,"","","","",0,"missing"
"812","CRF8_Q14","crf8_q14","Time of informing PIs","CRF8_SAE",748,"","","","",0,"missing"
"813","CRF8_Q15","crf8_q15","Who is affected by the adverse event?","CRF8_SAE",749,"","RELTIVEN,CAUSEDTH","","",0,"missing"
"814","CRF8_Q16","crf8_q16","Who reported the adverse event?","CRF8_SAE",750,"","","","",0,"missing"
"815","CRF8_Q17","crf8_q17","How soon after having the intervention, the adverse event occurred? Minutes","CRF8_SAE",751,"","","","",0,"missing"
"816","CRF8_Q18","crf8_q18","How soon after having the intervention, the adverse event occurred? Hours","CRF8_SAE",752,"","","","",0,"missing"
"817","CRF8_Q19","crf8_q19","How soon after having the intervention, the adverse event occurred? Days","CRF8_SAE",753,"","","","",0,"missing"
"819","CRF8_Q20","crf8_q20","Outcome of event","CRF8_SAE",754,"","","","",0,"missing"
"820","CRF8_Q21","crf8_q21","Outcome of event Other's Description","CRF8_SAE",755,"","","","",0,"missing"
"821","CRF8_Q22","crf8_q22","Date of Death (if died)","CRF8_SAE",756,"","AGEDTH","","",0,"missing"
"822","CRF8_Q23","crf8_q23","Time of Death","CRF8_SAE",757,"","","","",0,"missing"
"823","CRF8_Q24","crf8_q24","Place of Death","CRF8_SAE",758,"","","","",0,"missing"
"824","CRF8_Q24_DESCRIPTION","crf8_q24_description","Place of Death Other's Description","CRF8_SAE",759,"","","","",0,"missing"
"825","CRF8_Q25","crf8_q25","Cause of Death","CRF8_SAE",760,"","","","",0,"missing"
"826","CRF8_Q25_DESCRIPTION","crf8_q25_description","Cause of Death Details","CRF8_SAE",761,"Follow up","CETERM,CAUSEDTH","","Child",0,"missing"
"827","CRF8_Q26_1","crf8_q26_1","SAE characteristics or diagnosis by study physician or key danger sign/s or deta","CRF8_SAE",762,"Follow up","CETERM","","Child",0,"missing"
"828","CRF8_Q26_2","crf8_q26_2","SAE characteristics or diagnosis by study physician or key danger sign/s or deta","CRF8_SAE",763,"Follow up","CETERM","","Child",0,"missing"
"829","CRF8_Q26_3","crf8_q26_3","SAE characteristics or diagnosis by study physician or key danger sign/s or deta","CRF8_SAE",764,"Follow up","CETERM","","Child",0,"missing"
"830","CRF8_Q26_4","crf8_q26_4","SAE characteristics or diagnosis by study physician or key danger sign/s or deta","CRF8_SAE",765,"Follow up","CETERM","","Child",0,"missing"
"831","CRF8_Q27","crf8_q27","Status of proposed treatment after SAEs appear","CRF8_SAE",766,"","","","",0,"missing"
"832","CRF8_Q28_1","crf8_q28_1","Categorization of SAE 1. IM/IV injectable","CRF8_SAE",767,"","","","",0,"missing"
"833","CRF8_Q28_2","crf8_q28_2","Categorization of SAE 2. Hospitalization","CRF8_SAE",768,"Follow up","CESHOSP","","Child",0,"missing"
"834","CRF8_Q28_3","crf8_q28_3","Categorization of SAE 3. Fatal","CRF8_SAE",769,"","","","",0,"missing"
"835","CRF8_Q29","crf8_q29","Event abated after discontinuation of the study intervention","CRF8_SAE",770,"","","","",0,"missing"
"837","CRF8_Q30","crf8_q30","Event reappeared after reintroducing study intervention","CRF8_SAE",771,"","","","",0,"missing"
"838","CRF8_Q31","crf8_q31","Participant from study follow-ups","CRF8_SAE",772,"","","","",0,"missing"
"11","CRF11_25_MEDI","crf11_25_medi","Name of Medicine & Code","CRF11_Q32",776,"Unscheduled","CMTRT","","Child",449,"no"
"12","CRF11_25_TOT_DAY","crf11_25_tot_day","Total days given","CRF11_Q32",777,"Unscheduled","CMDUR","","Child",449,"no"
"13","CRF11_63_MEDI","crf11_63_medi","Name of medicine","CRF11_Q70",781,"Unscheduled","CMTRT","","Child",1761,"no"
"39","CRF11_Q3","crf11_q3","age","CRF11_MORBIDITY",785,"Unscheduled","AGEDAYS","","",1176,"yes"
"52","CRF11_Q4","crf11_q4","dob","CRF11_MORBIDITY",786,"","BRTHYR,BRTHWEEK","","",1176,"yes"
"63","CRF11_Q5","crf11_q5","Date","CRF11_MORBIDITY",787,"Unscheduled","AGEDAYS","","",1176,"yes"
"87","CRF11_Q6","crf11_q6","Time","CRF11_MORBIDITY",788,"","","","",1176,"no"
"94","CRF11_Q7","crf11_q7","[Caretaker (relation to newborn)]","CRF11_MORBIDITY",789,"","","","",1174,"no"
"95","CRF11_Q8","crf11_q8","Other","CRF11_MORBIDITY",790,"","","","",0,"missing"
"96","CRF11_Q9","crf11_q9","Was the newborn referred by the CHW or did someone else referred or was it a sel","CRF11_MORBIDITY",791,"","","","",1174,"no"
"18","CRF11_Q10","crf11_q10","Purpose of referral","CRF11_MORBIDITY",792,"","","","",1174,"no"
"19","CRF11_Q11","crf11_q11","Has the baby been feeding poorly?","CRF11_MORBIDITY",793,"Unscheduled","CETERM","","Child",1174,"no"
"20","CRF11_Q12","crf11_q12","Has the baby had a fever?","CRF11_MORBIDITY",794,"Unscheduled","CETERM","","Child",1174,"no"
"21","CRF11_Q13","crf11_q13","Has the baby felt cold to the touch?","CRF11_MORBIDITY",795,"Unscheduled","CETERM","","Child",1174,"no"
"22","CRF11_Q14","crf11_q14","Has the baby had a runny nose recently?","CRF11_MORBIDITY",796,"Unscheduled","CETERM","","Child",1174,"no"
"23","CRF11_Q15","crf11_q15","Does the baby have a cough?","CRF11_MORBIDITY",797,"Unscheduled","CETERM","","Child",1174,"no"
"24","CRF11_Q16","crf11_q16","Does the baby have fast or difficult breathing?","CRF11_MORBIDITY",798,"Unscheduled","CETERM","","Child",1174,"no"
"25","CRF11_Q17","crf11_q17","Has the baby had vomiting?","CRF11_MORBIDITY",799,"Unscheduled","VOMFL,CETERM","","Child",1174,"yes"
"26","CRF11_Q18","crf11_q18","Has the baby been having diarrhea?","CRF11_MORBIDITY",800,"Unscheduled","DIARFL,CETERM","","Child",1174,"yes"
"27","CRF11_Q19","crf11_q19","Has there been blood in the baby’s stools?","CRF11_MORBIDITY",801,"Unscheduled","BLDSTLFL,CETERM","","Child",1174,"no"
"29","CRF11_Q20","crf11_q20","Has there been discharge from the baby's umbilicus?","CRF11_MORBIDITY",802,"Unscheduled","CETERM","","Child",1174,"no"
"30","CRF11_Q21","crf11_q21","Other,  specify","CRF11_MORBIDITY",803,"Unscheduled","CETERM","","Child",131,"no"
"31","CRF11_Q22","crf11_q22","Other,  specify","CRF11_MORBIDITY",804,"Unscheduled","CETERM","","Child",13,"no"
"32","CRF11_Q23","crf11_q23","Other,  specify","CRF11_MORBIDITY",805,"Unscheduled","CETERM","","Child",1,"missing"
"33","CRF11_Q24","crf11_q24","Did the baby receive any medicine over the last seven days?","CRF11_MORBIDITY",806,"","","","",1174,"no"
"34","CRF11_Q26","crf11_q26","Current weight of the child (grams)","CRF11_MORBIDITY",807,"Unscheduled","WTKG","","",1174,"yes"
"35","CRF11_Q27","crf11_q27","Oxygen saturation (%)","CRF11_MORBIDITY",808,"Unscheduled","VSSTRESN","SPO2","Child",1174,"no"
"36","CRF11_Q28","crf11_q28","Heart rate (Beats/min)","CRF11_MORBIDITY",809,"Unscheduled","VSSTRESN","HR","Child",1174,"no"
"37","CRF11_Q29A","crf11_q29a","Respiratory rate Reading 1","CRF11_MORBIDITY",810,"Unscheduled","VSSTRESN","RESP","Child",1174,"no"
"38","CRF11_Q29B","crf11_q29b","Respiratory rate Reading 2","CRF11_MORBIDITY",811,"Unscheduled","VSSTRESN","RESP","Child",528,"no"
"40","CRF11_Q30","crf11_q30","Severe chest Indrawing","CRF11_MORBIDITY",812,"Unscheduled","CETERM,CESEVN","","Child",1174,"no"
"41","CRF11_Q31A","crf11_q31a","Axillary temperature Reading 1","CRF11_MORBIDITY",813,"Unscheduled","VSSTRESN","TEMP","Child",1174,"yes"
"42","CRF11_Q31B","crf11_q31b","Axillary temperature Reading 2","CRF11_MORBIDITY",814,"Unscheduled","VSSTRESN","TEMP","Child",349,"yes"
"43","CRF11_Q32","crf11_q32","Level of consciousness of the baby and movement","CRF11_MORBIDITY",815,"Unscheduled","CETERM","","Child",1174,"no"
"44","CRF11_Q33","crf11_q33","Convulsions","CRF11_MORBIDITY",816,"Unscheduled","CETERM","","Child",1174,"no"
"45","CRF11_Q34A","crf11_q34a","Feeding assessment performed by","CRF11_MORBIDITY",817,"","","","",1174,"no"
"46","CRF11_Q34B","crf11_q34b","Feeding assessment","CRF11_MORBIDITY",818,"Unscheduled","CETERM","","Child",1174,"no"
"47","CRF11_Q35","crf11_q35","Skin pustules","CRF11_MORBIDITY",819,"Unscheduled","CETERM","","Child",1174,"no"
"48","CRF11_Q36","crf11_q36","Is there pus (white or yellow) discharge present in the umbilicus?","CRF11_MORBIDITY",820,"Unscheduled","CETERM","","Child",1174,"no"
"49","CRF11_Q37","crf11_q37","Is the cord or the base of umbilical stump red?","CRF11_MORBIDITY",821,"Unscheduled","CETERM","","Child",1174,"no"
"50","CRF11_Q38","crf11_q38","Is the baby suffering from jaundice","CRF11_MORBIDITY",822,"Unscheduled","CETERM","","Child",1174,"no"
"51","CRF11_Q39","crf11_q39","Apnoea","CRF11_MORBIDITY",823,"Unscheduled","CETERM","","Child",1174,"no"
"53","CRF11_Q40","crf11_q40","Cyanosis","CRF11_MORBIDITY",824,"Unscheduled","CETERM","","Child",1174,"no"
"54","CRF11_Q41","crf11_q41","Unable to cry","CRF11_MORBIDITY",825,"Unscheduled","CETERM","","Child",1174,"no"
"55","CRF11_Q42","crf11_q42","Bulging fontanelle","CRF11_MORBIDITY",826,"Unscheduled","CETERM","","Child",1174,"no"
"56","CRF11_Q43","crf11_q43","Prolonged capillary refill","CRF11_MORBIDITY",827,"Unscheduled","CETERM","","Child",1174,"no"
"57","CRF11_Q44","crf11_q44","Persistent vomiting","CRF11_MORBIDITY",828,"Unscheduled","VOMFL,CETERM","","Child",1174,"yes"
"58","CRF11_Q45","crf11_q45","Diarrhoea","CRF11_MORBIDITY",829,"Unscheduled","DIARFL,CETERM","","Child",1174,"yes"
"59","CRF11_Q46","crf11_q46","Runny nose","CRF11_MORBIDITY",830,"Unscheduled","CETERM","","Child",1174,"no"
"60","CRF11_Q47","crf11_q47","Conjunctivitis","CRF11_MORBIDITY",831,"Unscheduled","CETERM","","Child",1174,"no"
"61","CRF11_Q48","crf11_q48","Wheeze","CRF11_MORBIDITY",832,"Unscheduled","CETERM","","Child",1174,"no"
"62","CRF11_Q49","crf11_q49","White patches in mouth","CRF11_MORBIDITY",833,"Unscheduled","CETERM","","Child",1174,"no"
"64","CRF11_Q50","crf11_q50","Diaper dermatitis","CRF11_MORBIDITY",834,"Unscheduled","CETERM","","Child",1174,"no"
"65","CRF11_Q51","crf11_q51","Presence of congenital anomalies","CRF11_MORBIDITY",835,"","","","",1174,"no"
"66","CRF11_Q52_1","crf11_q52_1","If congenital anomalies yes, specify 1.","CRF11_MORBIDITY",836,"Unscheduled","CETERM","","Child",2,"missing"
"67","CRF11_Q52_2","crf11_q52_2","If congenital anomalies yes, specify 2.","CRF11_MORBIDITY",837,"Unscheduled","CETERM","","Child",0,"missing"
"68","CRF11_Q52_3","crf11_q52_3","If congenital anomalies yes, specify 3.","CRF11_MORBIDITY",838,"Unscheduled","CETERM","","Child",0,"missing"
"69","CRF11_Q52_4","crf11_q52_4","If congenital anomalies yes, specify 4.","CRF11_MORBIDITY",839,"","","","",0,"missing"
"70","CRF11_Q53","crf11_q53","Any other sign? Specify","CRF11_MORBIDITY",840,"Unscheduled","CETERM","","Child",115,"no"
"71","CRF11_Q54","crf11_q54","Any other sign? Specify","CRF11_MORBIDITY",841,"Unscheduled","CETERM","","Child",12,"no"
"72","CRF11_Q55","crf11_q55","Any other sign? Specify","CRF11_MORBIDITY",842,"","","","",1,"missing"
"73","CRF11_Q56","crf11_q56","Any other sign? Specify","CRF11_MORBIDITY",843,"","","","",0,"missing"
"74","CRF11_Q57_1","crf11_q57_1","Physician’s diagnosis","CRF11_MORBIDITY",844,"","","","",284,"no"
"75","CRF11_Q57_2","crf11_q57_2","Physician’s diagnosis","CRF11_MORBIDITY",845,"","","","",115,"no"
"76","CRF11_Q57_3","crf11_q57_3","Physician’s diagnosis","CRF11_MORBIDITY",846,"Unscheduled","CETERM","","Child",72,"no"
"77","CRF11_Q57_4","crf11_q57_4","Physician’s diagnosis","CRF11_MORBIDITY",847,"Unscheduled","CETERM","","Child",179,"no"
"78","CRF11_Q57_5","crf11_q57_5","Physician’s diagnosis","CRF11_MORBIDITY",848,"Unscheduled","CETERM","","Child",16,"no"
"79","CRF11_Q57_6","crf11_q57_6","Physician’s diagnosis","CRF11_MORBIDITY",849,"Unscheduled","CETERM","","Child",28,"no"
"80","CRF11_Q57_7","crf11_q57_7","Physician’s diagnosis","CRF11_MORBIDITY",850,"","","","",614,"no"
"81","CRF11_Q57_7_A","crf11_q57_7_a","other specify 1.","CRF11_MORBIDITY",851,"Unscheduled","CETERM","","Child",614,"no"
"82","CRF11_Q57_7_B","crf11_q57_7_b","other specify 2.","CRF11_MORBIDITY",852,"Unscheduled","CETERM","","Child",68,"no"
"83","CRF11_Q57_7_C","crf11_q57_7_c","other specify 3.","CRF11_MORBIDITY",853,"Unscheduled","CETERM","","Child",3,"missing"
"84","CRF11_Q57_7_D","crf11_q57_7_d","other specify 4.","CRF11_MORBIDITY",854,"Unscheduled","CETERM","","Child",0,"missing"
"85","CRF11_Q58","crf11_q58","If this is first visit of baby for well baby assessment before LW enrollment, ph","CRF11_MORBIDITY",855,"","","","",1174,"no"
"86","CRF11_Q59","crf11_q59","Physician’s recommendation?","CRF11_MORBIDITY",856,"","","","",1026,"no"
"88","CRF11_Q60","crf11_q60","Did the caregiver accept referral?","CRF11_MORBIDITY",857,"","","","",58,"no"
"89","CRF11_Q61A","crf11_q61a","Why did the caregiver refuse referral?  1.","CRF11_MORBIDITY",858,"","","","",5,"no"
"90","CRF11_Q61B","crf11_q61b","Why did the caregiver refuse referral?  2.","CRF11_MORBIDITY",859,"","","","",0,"missing"
"91","CRF11_Q62","crf11_q62","Medicines given by a physician (If yes, then provide details below)","CRF11_MORBIDITY",860,"","","","",1174,"no"
"92","CRF11_Q64","crf11_q64","If the baby is referred, what is the referral point","CRF11_MORBIDITY",861,"","","","",1174,"no"
"93","CRF11_Q64_DESCRIPTION","crf11_q64_description","Referral point Other Description","CRF11_MORBIDITY",862,"","","","",1,"missing"
"1022","Q2 JUSTIN_LAB","q2","Date","JUSTIN_LAB",2,"","","","",150,"no"
"1322","Q3 JUSTIN_LAB","q3","Time of  visit","JUSTIN_LAB",3,"","","","",150,"no"
"1347","Q5 JUSTIN_LAB","q5","Date of randomization","JUSTIN_LAB",5,"","","","",150,"no"
"1374","Q6 JUSTIN_LAB","q6","Time of randomization","JUSTIN_LAB",6,"","","","",150,"no"
"900","Q10A","q10a","Date of birth of child","JUSTIN_LAB",10,"","","","",150,"no"
"901","Q10B","q10b","Time of birth of child","JUSTIN_LAB",11,"","","","",150,"no"
"903","Q11 JUSTIN_LAB","q11","System generated current age of the baby when this form was filled (hours)","JUSTIN_LAB",12,"","","","",150,"no"
"916","Q12 JUSTIN_LAB","q12","First day of Last Menstrual Periods (this data is collected from pregnancy surve","JUSTIN_LAB",13,"","","","",150,"no"
"928","Q13 JUSTIN_LAB","q13","Expected date of delivery  (this data is collected from pregnancy surveillance)","JUSTIN_LAB",14,"","","","",150,"no"
"940","Q14 JUSTIN_LAB","q14","Week of pregnancy at which a child is born. (Autogenerated from LMP and Date of","JUSTIN_LAB",15,"","","","",150,"no"
"952","Q15 JUSTIN_LAB","q15","Any ultrasound which is available for this pregnancy (most earliest)","JUSTIN_LAB",16,"","","","",150,"no"
"963","Q16","q16","Date of Ultrasound done - if report is available (this data is collected from pr","JUSTIN_LAB",17,"","","","",86,"no"
"987","Q17","q17","Weeks of pregnancy mentioned on the ultrasound report","JUSTIN_LAB",18,"","","","",86,"no"
"998","Q18","q18","Last Menstrual Periods according to ultrasound","JUSTIN_LAB",19,"","","","",86,"no"
"1009","Q19","q19","Baseline weight of the child  grams - reader 1","JUSTIN_LAB",20,"","","","",150,"no"
"1023","Q20","q20","Baseline weight of the child  grams - reader 2","JUSTIN_LAB",21,"","","","",150,"no"
"1307","Q21","q21","Baseline average child weight in grams","JUSTIN_LAB",22,"","","","",150,"no"
"1312","Q22","q22","Baseline lenght of the baby in cm - Reader 1","JUSTIN_LAB",23,"","","","",150,"no"
"1313","Q23","q23","Baseline lenght of the baby in cm - Reader 2","JUSTIN_LAB",24,"","","","",150,"no"
"1314","Q24","q24","Baseline average length of baby in cm","JUSTIN_LAB",25,"","","","",150,"no"
"1315","Q25","q25","Baseline MUAC of the baby in grams - Reader 1","JUSTIN_LAB",26,"","","","",150,"no"
"1316","Q26","q26","Baseline  MUAC of the baby in grams - Reader 2","JUSTIN_LAB",27,"","","","",150,"no"
"1317","Q27","q27","Baseline average MUAC of baby in cm","JUSTIN_LAB",28,"","","","",150,"no"
"1318","Q28","q28","Baseline Occipito-Frontal Head Circumference of the baby in cm - Reader 1","JUSTIN_LAB",29,"","","","",150,"no"
"1319","Q29","q29","Baseline Occipito-Frontal Head Circumference of the baby in cm - Reader 2","JUSTIN_LAB",30,"","","","",150,"no"
"1323","Q30","q30","Baseline average Occipito-Frontal Head Circumference of baby in cm","JUSTIN_LAB",31,"","","","",150,"no"
"1324","Q31","q31","Baseline maternal weight in Kg- Reader 1","JUSTIN_LAB",32,"","","","",150,"no"
"1325","Q32","q32","Baseline maternal weight in Kg- Reader 2","JUSTIN_LAB",33,"","","","",150,"no"
"1326","Q33","q33","Baseline average maternal weight in Kg","JUSTIN_LAB",34,"","","","",150,"no"
"1327","Q34","q34","Maternal height in cm - Reader 1","JUSTIN_LAB",35,"","","","",150,"no"
"1328","Q35","q35","Maternal height in cm - Reader 2","JUSTIN_LAB",36,"","","","",150,"no"
"1329","Q36","q36","Average maternal height in cm","JUSTIN_LAB",37,"","","","",150,"no"
"1330","Q37","q37","Baseline maternal MUAC cm - reader 1","JUSTIN_LAB",38,"","","","",150,"no"
"1331","Q38","q38","Baseline maternal MUAC cm - reader 2","JUSTIN_LAB",39,"","","","",150,"no"
"1332","Q39","q39","Baseline average maternal MUAC","JUSTIN_LAB",40,"","","","",150,"no"
"1335","Q40","q40","BMI of mother at baseline","JUSTIN_LAB",41,"","","","",150,"no"
"1336","Q41","q41","LAZ of child at baseline","JUSTIN_LAB",42,"","","","",150,"no"
"1337","Q42","q42","WAZ of child at baseline","JUSTIN_LAB",43,"","","","",150,"no"
"1338","Q43","q43","WLZ of child at baseline","JUSTIN_LAB",44,"","","","",144,"no"
"1339","Q44","q44","Material is used for the wall of the house?","JUSTIN_LAB",45,"","","","",150,"no"
"1340","Q45","q45","Main source of drinking water for the household members?","JUSTIN_LAB",46,"","","","",150,"no"
"1341","Q46","q46","Anything technique which is applied to water before drinking?","JUSTIN_LAB",47,"","","","",150,"no"
"1342","Q47","q47","Technique which is use to make water suitable for drinking?","JUSTIN_LAB",48,"","","","",38,"no"
"1343","Q48","q48","Source of water for cooking and hand washing etc?","JUSTIN_LAB",49,"","","","",150,"no"
"1344","Q49","q49","Age of the woman in years","JUSTIN_LAB",50,"","","","",150,"no"
"1348","Q50","q50","Place of delivery","JUSTIN_LAB",51,"","","","",150,"no"
"1349","Q51","q51","Mode of delivery","JUSTIN_LAB",52,"","","","",150,"no"
"1350","Q52","q52","Whether the colostrum was given to the baby  immediately after birth?","JUSTIN_LAB",53,"","","","",150,"no"
"1351","Q53","q53","How soon after birth was the baby given mother’s first thick yellowish milk (col","JUSTIN_LAB",54,"","","","",150,"no"
"1352","Q54","q54","Whether the mother has started breastfeeding the newborn?","JUSTIN_LAB",55,"","","","",150,"no"
"1353","Q56","q56","How soon after birth was the baby attached to mother’s breast for breastfeeding?","JUSTIN_LAB",56,"","","","",148,"no"
"1354","Q58","q58","Whether the  baby was given anything else to drink since birth?","JUSTIN_LAB",57,"","","","",150,"no"
"1355","Q59","q59","Other sources of milk/food/non food item/s which were given to the baby","JUSTIN_LAB",58,"","","","",93,"no"
"1356","Q59A","q59a","Cow/Goat/Bufallo milk","JUSTIN_LAB",59,"","","","",93,"no"
"1357","Q59B","q59b","Plane water","JUSTIN_LAB",60,"","","","",93,"no"
"1358","Q59C","q59c","Glucose/sugar water","JUSTIN_LAB",61,"","","","",93,"no"
"1359","Q59D","q59d","Grip water","JUSTIN_LAB",62,"","","","",93,"no"
"1360","Q59E","q59e","Fruit juice","JUSTIN_LAB",63,"","","","",93,"no"
"1361","Q59F","q59f","Formula milk","JUSTIN_LAB",64,"","","","",93,"no"
"1362","Q59G","q59g","Tea","JUSTIN_LAB",65,"","","","",93,"no"
"1363","Q59H","q59h","Honey","JUSTIN_LAB",66,"","","","",93,"no"
"1364","Q59I","q59i","Hukka water","JUSTIN_LAB",67,"","","","",93,"no"
"1365","Q59J","q59j"," Basmati oil","JUSTIN_LAB",68,"","","","",93,"no"
"1366","Q59K","q59k","Ghutti","JUSTIN_LAB",69,"","","","",93,"no"
"1367","Q59L","q59l","Rose water","JUSTIN_LAB",70,"","","","",93,"no"
"1368","Q59M","q59m"," Cerelac","JUSTIN_LAB",71,"","","","",93,"no"
"1369","Q59N","q59n","Herbal water","JUSTIN_LAB",72,"","","","",93,"no"
"1370","Q59O","q59o","Baby was given any other thing","JUSTIN_LAB",73,"","","","",93,"no"
"1371","Q59O_DESCRIPTION","q59o_description","Other things description","JUSTIN_LAB",74,"","","","",1,"missing"
"1375","Q60","q60","Was this is first pregnancy of woman with this baby?","JUSTIN_LAB",75,"","","","",150,"no"
"1376","Q61","q61","Including this pregnancy, number of times woman got pregnant","JUSTIN_LAB",76,"","","","",150,"no"
"1377","Q62","q62","Total numbers of alive births including this baby which woman had","JUSTIN_LAB",77,"","","","",150,"no"
"1378","Q63","q63","Total number of stillbirths which woman had","JUSTIN_LAB",78,"","","","",137,"no"
"1379","Q64","q64","Total number of miscarriages or abortions which woman had","JUSTIN_LAB",79,"","","","",137,"no"
"1380","Q65","q65","Total number of children currently alive including this child within age of 0-11","JUSTIN_LAB",80,"","","","",150,"no"
"1381","Q66","q66","Total number of children currently alive within age  12-23 months","JUSTIN_LAB",81,"","","","",137,"no"
"1382","Q67","q67","Total number of children currently alive within age 24-59 months","JUSTIN_LAB",82,"","","","",137,"no"
"1383","Q68","q68","Total number of children currently alive within age greater than 59 months","JUSTIN_LAB",83,"","","","",137,"no"
"1387","Q72","q72","Specimen ID for Maternal stool - first time-point","JUSTIN_LAB",84,"Follow up Day 42","LBBATCH","","",150,"no"
"1388","Q73","q73","Date of maternal stool collection","JUSTIN_LAB",85,"Follow up Day 42","AGEDAYS","","",150,"yes"
"1389","Q74","q74","Maternal carplprotectin level - first time-point","JUSTIN_LAB",86,"Follow up Day 42","LBSTRESN","CALP","Mother",150,"yes"
"1390","Q75","q75","Maternal lipokalin-2 level - first time-point","JUSTIN_LAB",87,"Follow up Day 42","LBSTRESN","LIPOCAL2","Mother",150,"yes"
"1391","Q76","q76","Maternal MPO level - first time-point","JUSTIN_LAB",88,"Follow up Day 42","LBSTRESN","MPO","Mother",150,"yes"
"1392","Q77","q77","Specimen ID for Maternal BM - first time-point","JUSTIN_LAB",89,"","","","",150,"no"
"1393","Q78","q78","Date of BM collection","JUSTIN_LAB",90,"","","","",150,"no"
"1394","Q79","q79","Specimen ID for Maternal blood - first time-point","JUSTIN_LAB",91,"Follow up Day 42","LBBATCH","","",150,"no"
"1398","Q80","q80","Date of maternal blood collection","JUSTIN_LAB",92,"Follow up Day 42","AGEDAYS","","",150,"yes"
"1399","Q81","q81","Maternal hemoglobin level - first time-point","JUSTIN_LAB",93,"Follow up Day 42","LBSTRESN","HGB","Mother",150,"yes"
"1400","Q82","q82","Maternal ferritin level - first time-point","JUSTIN_LAB",94,"Follow up Day 42","LBSTRESN","FERRITIN","Mother",150,"yes"
"1401","Q83","q83","Maternal  transferin level - first time-point","JUSTIN_LAB",95,"Follow up Day 42","LBSTRESN","STRF","Mother",150,"yes"
"1402","Q84","q84","Maternal C-Reactive protein level - first time-point","JUSTIN_LAB",96,"Follow up Day 42","LBSTRESN","CRP","Mother",150,"yes"
"1403","Q85","q85","Maternal alpha(1)-acid glycoprotein level - first time-point","JUSTIN_LAB",97,"Follow up Day 42","LBSTRESN","AGP","Mother",150,"yes"
"1404","Q86","q86","Specimen ID for infant stool - first time-point","JUSTIN_LAB",98,"Follow up Day 42","LBBATCH","","",150,"no"
"1405","Q87","q87","Date of infant stool collection","JUSTIN_LAB",99,"Follow up Day 42","AGEDAYS","","",150,"yes"
"1406","Q88","q88","Infant carplprotectin level - first time-point","JUSTIN_LAB",100,"Follow up Day 42","LBSTRESN","CALP","Child",150,"yes"
"1407","Q89","q89","Infant lipokalin-2 level - first time-point","JUSTIN_LAB",101,"Follow up Day 42","LBSTRESN","LIPOCAL2","Child",150,"yes"
"1411","Q90","q90","Infant MPO level - first time-point","JUSTIN_LAB",102,"Follow up Day 42","LBSTRESN","MPO","Child",150,"yes"
"1412","Q91","q91","Specimen ID for infant blood - first time-point","JUSTIN_LAB",103,"Follow up Day 42","LBBATCH","","",150,"no"
"1413","Q92","q92","Date of infant blood collection","JUSTIN_LAB",104,"Follow up Day 42","AGEDAYS","","",150,"yes"
"1414","Q93","q93","Infant hemoglobin level - first time-point","JUSTIN_LAB",105,"Follow up Day 42","LBSTRESN","HGB","Child",150,"yes"
"1415","Q94","q94","Infant ferritin level - first time-point","JUSTIN_LAB",106,"Follow up Day 42","LBSTRESN","FERRITIN","Child",150,"yes"
"1416","Q95","q95","Infant  transferin level - first time-point","JUSTIN_LAB",107,"Follow up Day 42","LBSTRESN","STRF","Child",150,"yes"
"1417","Q96","q96","Infant C-Reactive protein level - first time-point","JUSTIN_LAB",108,"Follow up Day 42","LBSTRESN","CRP","Child",150,"yes"
"1418","Q97","q97","Infant alpha(1)-acid glycoprotein level - first time-point","JUSTIN_LAB",109,"Follow up Day 42","LBSTRESN","AGP","Child",150,"yes"
"1419","Q98","q98","Any CRF11 reported within last 7 days period of first time point of infant stool","JUSTIN_LAB",110,"","","","",150,"no"
"1420","Q99","q99","Date of CRf11 filled by physician (the first form)","JUSTIN_LAB",111,"","","","",87,"no"
"877","Q100A","q100a","Diagnosis made by physcian 1","JUSTIN_LAB",112,"","","","",25,"no"
"878","Q100B","q100b","Diagnosis made by physcian 2","JUSTIN_LAB",113,"","","","",3,"missing"
"879","Q100C","q100c","Diagnosis made by physcian 3","JUSTIN_LAB",114,"Follow up Day 42","CETERM","","Child",2,"missing"
"880","Q100D","q100d","Diagnosis made by physcian 4","JUSTIN_LAB",115,"Follow up Day 42","CETERM","","Child",6,"no"
"881","Q100E","q100e","Diagnosis made by physcian 5","JUSTIN_LAB",116,"","","","",0,"missing"
"882","Q100F","q100f","Diagnosis made by physcian 6","JUSTIN_LAB",117,"","","","",0,"missing"
"883","Q100G","q100g","Diagnosis made by physcian 7","JUSTIN_LAB",118,"Follow up Day 42","CETERM","","Child",58,"no"
"884","Q100H","q100h","Diagnosis made by physcian 8","JUSTIN_LAB",119,"Follow up Day 42","CETERM","","Child",3,"missing"
"885","Q100I","q100i","Diagnosis made by physcian 9","JUSTIN_LAB",120,"","","","",0,"missing"
"886","Q100J","q100j","Diagnosis made by physcian 10","JUSTIN_LAB",121,"","","","",0,"missing"
"887","Q101","q101","Any antibiotic prescribed by physcian","JUSTIN_LAB",122,"","","","",87,"no"
"888","Q102A","q102a","Name of Antibiotic 1","JUSTIN_LAB",123,"Follow up Day 42","CMTRT","","Child",67,"no"
"889","Q102B","q102b","Name of Antibiotic 2","JUSTIN_LAB",124,"Follow up Day 42","CMTRT","","Child",30,"no"
"890","Q102C","q102c","Name of Antibiotic 3","JUSTIN_LAB",125,"Follow up Day 42","CMTRT","","Child",8,"no"
"891","Q102D","q102d","Name of Antibiotic 4","JUSTIN_LAB",126,"Follow up Day 42","CMTRT","","Child",2,"missing"
"892","Q102E","q102e","Name of Antibiotic 5","JUSTIN_LAB",127,"","","","",0,"missing"
"893","Q103","q103","Date of visit","JUSTIN_LAB",128,"Follow up Day 27","AGEDAYS","","",150,"yes"
"894","Q104","q104","Time of visit","JUSTIN_LAB",129,"","","","",150,"no"
"895","Q105","q105","Autogenerated","JUSTIN_LAB",130,"","","","",150,"no"
"896","Q106","q106","Visit outcome","JUSTIN_LAB",131,"","","","",150,"no"
"897","Q107","q107","Current age of child (System generated)","JUSTIN_LAB",132,"","","","",150,"no"
"898","Q108","q108","Child available on day 27","JUSTIN_LAB",133,"","","","",150,"no"
"899","Q109","q109","Anthro reader 1","JUSTIN_LAB",134,"","","","",150,"no"
"904","Q110","q110","Anthro reader 2","JUSTIN_LAB",135,"","","","",150,"no"
"905","Q111","q111","Day 27 weight of the baby in grams - Reader 1","JUSTIN_LAB",136,"","","","",150,"no"
"906","Q112","q112","Day 27 weight of the baby in grams - Reader 2","JUSTIN_LAB",137,"","","","",150,"no"
"907","Q113","q113","Day 27 average baby weight in grams","JUSTIN_LAB",138,"","","","",150,"no"
"908","Q114","q114","Day 27 lenght of the baby in cm - Reader 1","JUSTIN_LAB",139,"","","","",150,"no"
"909","Q115","q115","Day 27 lenght of the baby in cm - Reader 2","JUSTIN_LAB",140,"","","","",150,"no"
"910","Q116","q116","Day 27 average length of baby in cm","JUSTIN_LAB",141,"","","","",150,"no"
"911","Q117","q117","Day 27 MUAC of the baby in cm - Reader 1","JUSTIN_LAB",142,"","","","",150,"no"
"912","Q118","q118","Day 27 MUAC of the baby in cm - Reader 2","JUSTIN_LAB",143,"","","","",150,"no"
"913","Q119","q119","Day 27 average MUAC of baby in cm","JUSTIN_LAB",144,"","","","",150,"no"
"917","Q120","q120","Day 27 Occipito-Frontal Head Circumference of the baby in cm - Reader 1","JUSTIN_LAB",145,"","","","",150,"no"
"918","Q121","q121","Day 27 Occipito-Frontal Head Circumference of the baby in cm - Reader 2","JUSTIN_LAB",146,"","","","",150,"no"
"919","Q122","q122","Day 27 average Occipito-Frontal Head Circumference of baby in cm","JUSTIN_LAB",147,"","","","",150,"no"
"920","Q123","q123","Mother available on day 27","JUSTIN_LAB",148,"","","","",150,"no"
"921","Q124","q124","Day 27 maternal weight in Kg- Reader 1","JUSTIN_LAB",149,"Follow up Day 27","WTKG","","Mother",150,"yes"
"922","Q125","q125","Day 27 maternal weight in Kg- Reader 2","JUSTIN_LAB",150,"Follow up Day 27","WTKG","","Mother",150,"yes"
"923","Q126","q126","Day 27 average maternal weight in Kg","JUSTIN_LAB",151,"Follow up Day 27","WTKG","","Mother",150,"yes"
"924","Q127","q127","Day 27 maternal MUAC - reader 1 (cm)","JUSTIN_LAB",152,"Follow up Day 27","MUACCM","","Mother",150,"yes"
"925","Q128","q128","Day 27 maternal MUAC - reader 2 (cm)","JUSTIN_LAB",153,"Follow up Day 27","MUACCM","","Mother",150,"yes"
"926","Q129","q129","Day 27 average maternal MUAC","JUSTIN_LAB",154,"Follow up Day 27","MUACCM","","Mother",150,"yes"
"929","Q130","q130","LAZ of child at day 27","JUSTIN_LAB",155,"","","","",150,"no"
"930","Q131","q131","WAZ of child at day 27","JUSTIN_LAB",156,"","","","",150,"no"
"931","Q132","q132","WLZ of child at day 27","JUSTIN_LAB",157,"","","","",150,"no"
"932","Q133","q133","Length velocity from baseline at day 27","JUSTIN_LAB",158,"Follow up Day 27","GFSTRESN","LENVELO","Child",150,"no"
"933","Q134","q134","Weight velocity from baseline at day 27","JUSTIN_LAB",159,"Follow up Day 27","GFSTRESN","WTVELO","Child",150,"no"
"934","Q135","q135","Specimen ID for Maternal stool - second time-point","JUSTIN_LAB",160,"Follow up Day 56","LBBATCH","","",150,"no"
"935","Q136","q136","Date of maternal stool collection","JUSTIN_LAB",161,"Follow up Day 56","AGEDAYS","","",150,"yes"
"936","Q137","q137","Maternal carplprotectin level - second time-point","JUSTIN_LAB",162,"Follow up Day 56","LBSTRESN","CALP","Mother",150,"yes"
"937","Q138","q138","Maternal lipokalin-2 level - second time-point","JUSTIN_LAB",163,"Follow up Day 56","LBSTRESN","LIPOCAL2","Mother",150,"yes"
"938","Q139","q139","Maternal MPO level - second time-point","JUSTIN_LAB",164,"Follow up Day 56","LBSTRESN","MPO","Mother",150,"yes"
"941","Q140","q140","Specimen ID for Maternal BM - second time-point","JUSTIN_LAB",165,"","","","",150,"no"
"942","Q141","q141","Date of maternal BM collection","JUSTIN_LAB",166,"","","","",150,"no"
"943","Q142","q142","Specimen ID for Maternal blood - second time-point","JUSTIN_LAB",167,"Follow up Day 56","LBBATCH","","",150,"no"
"944","Q143","q143","Date of maternal blood collection","JUSTIN_LAB",168,"Follow up Day 56","AGEDAYS","","",150,"yes"
"945","Q144","q144","Maternal hemoglobin level - second time-point","JUSTIN_LAB",169,"Follow up Day 56","LBSTRESN","HGB","Mother",150,"yes"
"946","Q145","q145","Maternal ferritin level - second time-point","JUSTIN_LAB",170,"Follow up Day 56","LBSTRESN","FERRITIN","Mother",150,"yes"
"947","Q146","q146","Maternal  transferin level - second time-point","JUSTIN_LAB",171,"Follow up Day 56","LBSTRESN","STRF","Mother",150,"yes"
"948","Q147","q147","Maternal C-Reactive protein level - second time-point","JUSTIN_LAB",172,"Follow up Day 56","LBSTRESN","CRP","Mother",150,"yes"
"949","Q148","q148","Maternal alpha(1)-acid glycoprotein level - second time-point","JUSTIN_LAB",173,"Follow up Day 56","LBSTRESN","AGP","Mother",150,"yes"
"950","Q149","q149","Specimen ID for infant stool - second time-point","JUSTIN_LAB",174,"Follow up Day 56","LBBATCH","","",150,"no"
"953","Q150","q150","Date of infant stool collection","JUSTIN_LAB",175,"Follow up Day 56","AGEDAYS","","",150,"yes"
"954","Q151","q151","Infant carplprotectin level - second time-point","JUSTIN_LAB",176,"Follow up Day 56","LBSTRESN","CALP","Child",150,"yes"
"955","Q152","q152","Infant lipokalin-2 level - second time-point","JUSTIN_LAB",177,"Follow up Day 56","LBSTRESN","LIPOCAL2","Child",150,"yes"
"956","Q153","q153","Infant MPO level - second time-point","JUSTIN_LAB",178,"Follow up Day 56","LBSTRESN","MPO","Child",150,"yes"
"957","Q154","q154","Specimen ID for infant blood - second time-point","JUSTIN_LAB",179,"Follow up Day 56","LBBATCH","","",150,"no"
"958","Q155","q155","Date of infant blood collection","JUSTIN_LAB",180,"Follow up Day 56","AGEDAYS","","",150,"yes"
"959","Q156","q156","Infant hemoglobin level - second time-point","JUSTIN_LAB",181,"Follow up Day 56","LBSTRESN","HGB","Child",150,"yes"
"960","Q157","q157","Infant ferritin level - second time-point","JUSTIN_LAB",182,"Follow up Day 56","LBSTRESN","FERRITIN","Child",150,"yes"
"961","Q158","q158","Infant  transferin level - second time-point","JUSTIN_LAB",183,"Follow up Day 56","LBSTRESN","STRF","Child",150,"yes"
"962","Q159","q159","Infant C-Rective protein level - second time-point","JUSTIN_LAB",184,"Follow up Day 56","LBSTRESN","CRP","Child",150,"yes"
"964","Q160","q160","Infant alpha(1)-acid glycoprotein level - second time-point","JUSTIN_LAB",185,"Follow up Day 56","LBSTRESN","AGP","Child",150,"yes"
"965","Q161","q161","Any CRF11 reported within last 7 days period of second time point of infant stoo","JUSTIN_LAB",186,"","","","",150,"no"
"966","Q162","q162","Date of CRf11 filled by physician","JUSTIN_LAB",187,"","","","",78,"no"
"967","Q163A","q163a","Diagnosis made by physcian 1","JUSTIN_LAB",188,"","","","",20,"no"
"968","Q163B","q163b","Diagnosis made by physcian 2","JUSTIN_LAB",189,"","","","",4,"no"
"969","Q163C","q163c","Diagnosis made by physcian 3","JUSTIN_LAB",190,"","","","",0,"missing"
"970","Q163D","q163d","Diagnosis made by physcian 4","JUSTIN_LAB",191,"Follow up Day 56","CETERM","","Child",10,"no"
"971","Q163E","q163e","Diagnosis made by physcian 5","JUSTIN_LAB",192,"","","","",0,"missing"
"972","Q163F","q163f","Diagnosis made by physcian 6","JUSTIN_LAB",193,"","","","",0,"missing"
"973","Q163G","q163g","Diagnosis made by physcian 7","JUSTIN_LAB",194,"Follow up Day 56","CETERM","","Child",49,"no"
"974","Q163H","q163h","Diagnosis made by physcian 8","JUSTIN_LAB",195,"Follow up Day 56","CETERM","","Child",4,"no"
"975","Q163I","q163i","Diagnosis made by physcian 9","JUSTIN_LAB",196,"","","","",0,"missing"
"976","Q163J","q163j","Diagnosis made by physcian 10","JUSTIN_LAB",197,"","","","",0,"missing"
"977","Q164","q164","Any antibiotic prescribed by physcian","JUSTIN_LAB",198,"","","","",78,"no"
"978","Q165A","q165a","Name of Antibiotic 1","JUSTIN_LAB",199,"Follow up Day 56","CMTRT","","Child",65,"no"
"979","Q165B","q165b","Name of Antibiotic 2","JUSTIN_LAB",200,"Follow up Day 56","CMTRT","","Child",45,"no"
"980","Q165C","q165c","Name of Antibiotic 3","JUSTIN_LAB",201,"Follow up Day 56","CMTRT","","Child",10,"no"
"981","Q165D","q165d","Name of Antibiotic 4","JUSTIN_LAB",202,"Follow up Day 56","CMTRT","","Child",2,"missing"
"982","Q165E","q165e","Name of Antibiotic 5","JUSTIN_LAB",203,"","","","",0,"missing"
"983","Q166","q166","Date of visit","JUSTIN_LAB",204,"Follow up Day 56","AGEDAYS","","",150,"yes"
"984","Q167","q167","Time of visit","JUSTIN_LAB",205,"","","","",150,"no"
"985","Q168","q168","Autogenerated","JUSTIN_LAB",206,"","","","",150,"no"
"986","Q169","q169","Visit outcome","JUSTIN_LAB",207,"","","","",150,"no"
"988","Q170","q170","Current age of child (System generated)","JUSTIN_LAB",208,"Follow up Day 56","AGEDAYS","","",150,"yes"
"989","Q171","q171","Is child present","JUSTIN_LAB",209,"","","","",150,"no"
"990","Q172","q172","Anthro reader 1","JUSTIN_LAB",210,"","","","",150,"no"
"991","Q173","q173","Anthro reader 2","JUSTIN_LAB",211,"","","","",150,"no"
"992","Q174","q174","Day 56 weight of the baby in grams - Reader 1","JUSTIN_LAB",212,"","","","",150,"no"
"993","Q175","q175","Day 56 weight of the baby in grams - Reader 2","JUSTIN_LAB",213,"","","","",150,"no"
"994","Q176","q176","Day 56 average baby weight in grams","JUSTIN_LAB",214,"","","","",150,"no"
"995","Q177","q177","Day 56 lenght of the baby in cm - Reader 1","JUSTIN_LAB",215,"","","","",150,"no"
"996","Q178","q178","Day 56 lenght of the baby in cm - Reader 2","JUSTIN_LAB",216,"","","","",150,"no"
"997","Q179","q179","Day 56 average length of baby in cm","JUSTIN_LAB",217,"","","","",150,"no"
"999","Q180","q180","Day 56 MUAC of the baby in cm - Reader 1","JUSTIN_LAB",218,"","","","",150,"no"
"1000","Q181","q181","Day 56 MUAC of the baby in cm - Reader 2","JUSTIN_LAB",219,"","","","",150,"no"
"1001","Q182","q182","Day 56 average MUAC of baby in cm","JUSTIN_LAB",220,"","","","",150,"no"
"1002","Q183","q183","Day 56 Occipito-Frontal Head Circumference of the baby in cm - Reader 1","JUSTIN_LAB",221,"","","","",150,"no"
"1003","Q184","q184","Day 56 Occipito-Frontal Head Circumference of the baby in cm - Reader 2","JUSTIN_LAB",222,"","","","",150,"no"
"1004","Q185","q185","Day 56 average Occipito-Frontal Head Circumference of baby in cm","JUSTIN_LAB",223,"","","","",150,"no"
"1005","Q186","q186","Whether mother is present","JUSTIN_LAB",224,"","","","",150,"no"
"1006","Q187","q187","Day 56 maternal weight in Kg- Reader 1","JUSTIN_LAB",225,"Follow up Day 56","WTKG","","Mother",150,"yes"
"1007","Q188","q188","Day 56 maternal weight in Kg- Reader 2","JUSTIN_LAB",226,"Follow up Day 56","WTKG","","Mother",150,"yes"
"1008","Q189","q189","Day 56 average maternal weight in Kg","JUSTIN_LAB",227,"Follow up Day 56","WTKG","","Mother",150,"yes"
"1010","Q190","q190","Day 56 maternal MUAC - reader 1 (cm)","JUSTIN_LAB",228,"Follow up Day 56","MUACCM","","Mother",150,"yes"
"1011","Q191","q191","Day 56 maternal MUAC - reader 2 (cm)","JUSTIN_LAB",229,"Follow up Day 56","MUACCM","","Mother",150,"yes"
"1012","Q192","q192","Day 56 average maternal MUAC in cm","JUSTIN_LAB",230,"Follow up Day 56","MUACCM","","Mother",150,"yes"
"1013","Q193","q193","LAZ of child at Day 56","JUSTIN_LAB",231,"","","","",150,"no"
"1014","Q194","q194","WAZ of child Day 56","JUSTIN_LAB",232,"","","","",150,"no"
"1015","Q195","q195","WLZ of child Day 56","JUSTIN_LAB",233,"","","","",150,"no"
"1016","Q196","q196","Length velocity from baseline Day 56","JUSTIN_LAB",234,"Follow up Day 56","GFSTRESN","LENVELO","Child",150,"no"
"1017","Q197","q197","Weight velocity from baseline Day 56","JUSTIN_LAB",235,"Follow up Day 56","GFSTRESN","WTVELO","Child",150,"no"
"1018","Q198","q198","Total number of times, the baby received breast milk was given","JUSTIN_LAB",236,"","","","",150,"no"
"1019","Q199","q199","Total number of times when a baby received any recipe, food item apart from brea","JUSTIN_LAB",237,"","","","",150,"no"
"1024","Q200","q200","Total number of times when a baby received any non-food item apart from breast f","JUSTIN_LAB",238,"","","","",150,"no"
"1025","Q201","q201","Compliance with BEP (only for BEP arms)","JUSTIN_LAB",239,"","","","",100,"no"
"1026","Q202","q202","Date of Azithromycin administration (only for Azithro arm)","JUSTIN_LAB",240,"","","","",50,"no"
"1027","Q203_1","q203_1","16S","JUSTIN_LAB",241,"Follow up Day 42","LBSTRESN","RRNA16S","Mother",150,"yes"
"1038","Q203_2","q203_2","Adenovirus_40_41","JUSTIN_LAB",242,"Follow up Day 42","MBSTRESN","ADEN4041","Mother",150,"yes"
"1049","Q203_3","q203_3","Aeromonas","JUSTIN_LAB",243,"Follow up Day 42","MBSTRESN","AEROMNS","Mother",150,"yes"
"1060","Q203_4","q203_4","Ancylostoma","JUSTIN_LAB",244,"Follow up Day 42","MBSTRESN","ANCYLOST","Mother",150,"no"
"1071","Q203_5","q203_5","Ascaris","JUSTIN_LAB",245,"Follow up Day 42","MBSTRESN","ASCARIS","Mother",150,"yes"
"1082","Q203_6","q203_6","Astrovirus","JUSTIN_LAB",246,"Follow up Day 42","MBSTRESN","ASTRO","Mother",150,"yes"
"1091","Q203_7","q203_7","C_difficile","JUSTIN_LAB",247,"Follow up Day 42","MBSTRESN","CDIFFIC","Mother",150,"yes"
"1092","Q203_8","q203_8","Campy16S","JUSTIN_LAB",248,"Follow up Day 42","MBSTRESN","CAMP16S","Mother",150,"yes"
"1093","Q203_9","q203_9","Campy23S2075A","JUSTIN_LAB",249,"Follow up Day 42","MBSTRESN","CA23S75A","Mother",150,"yes"
"1028","Q203_10","q203_10","Campy23S2075G","JUSTIN_LAB",250,"Follow up Day 42","MBSTRESN","CA23S75G","Mother",150,"yes"
"1029","Q203_11","q203_11","Campylobacter_coli","JUSTIN_LAB",251,"Follow up Day 42","MBSTRESN","CAMPCOL","Mother",150,"yes"
"1030","Q203_12","q203_12","Campylobacter_jejuni","JUSTIN_LAB",252,"Follow up Day 42","MBSTRESN","CAMPJJN","Mother",150,"yes"
"1031","Q203_13","q203_13","Campylobacter_jejuni_coli","JUSTIN_LAB",253,"Follow up Day 42","MBSTRESN","CAMPJC","Mother",150,"yes"
"1032","Q203_14","q203_14","Campylobacter_pan","JUSTIN_LAB",254,"Follow up Day 42","MBSTRESN","CAMPPAN","Mother",150,"yes"
"1033","Q203_15","q203_15","Cryptosporidium","JUSTIN_LAB",255,"Follow up Day 42","MBSTRESN","CRYPTO","Mother",150,"yes"
"1034","Q203_16","q203_16","ctx_M_1_2_9","JUSTIN_LAB",256,"Follow up Day 42","MBSTRESN","CTXM129","Mother",150,"yes"
"1035","Q203_17","q203_17","ctx_M_8_25","JUSTIN_LAB",257,"Follow up Day 42","MBSTRESN","CTXM825","Mother",150,"yes"
"1036","Q203_18","q203_18","Cyclospora","JUSTIN_LAB",258,"Follow up Day 42","MBSTRESN","CYCLOS","Mother",150,"no"
"1037","Q203_19","q203_19","E_bieneusi","JUSTIN_LAB",259,"Follow up Day 42","MBSTRESN","EBIENSI","Mother",150,"yes"
"1039","Q203_20","q203_20","E_histolytica","JUSTIN_LAB",260,"Follow up Day 42","MBSTRESN","ENTAHIST","Mother",150,"yes"
"1040","Q203_21","q203_21","E_histolytica_H","JUSTIN_LAB",261,"Follow up Day 42","MBSTRESN","ENTAHISH","Mother",150,"yes"
"1041","Q203_22","q203_22","E_intestinalis","JUSTIN_LAB",262,"Follow up Day 42","MBSTRESN","EINTEST","Mother",150,"yes"
"1042","Q203_23","q203_23","EAEC_aaiC","JUSTIN_LAB",263,"Follow up Day 42","MBSTRESN","EAECAAIC","Mother",150,"yes"
"1043","Q203_24","q203_24","EAEC_aatA","JUSTIN_LAB",264,"Follow up Day 42","MBSTRESN","EAECAATA","Mother",150,"yes"
"1044","Q203_25","q203_25","EPEC_bfpA","JUSTIN_LAB",265,"Follow up Day 42","MBSTRESN","EPECBFPA","Mother",150,"yes"
"1045","Q203_26","q203_26","EPEC_eae","JUSTIN_LAB",266,"Follow up Day 42","MBSTRESN","EPECEAE","Mother",150,"yes"
"1046","Q203_27","q203_27","ETEC_CFA_I","JUSTIN_LAB",267,"Follow up Day 42","MBSTRESN","ETECCFA","Mother",150,"yes"
"1047","Q203_28","q203_28","ETEC_CS1","JUSTIN_LAB",268,"Follow up Day 42","MBSTRESN","ETECCS1","Mother",150,"yes"
"1048","Q203_29","q203_29","ETEC_CS2","JUSTIN_LAB",269,"Follow up Day 42","MBSTRESN","ETECCS2","Mother",150,"yes"
"1050","Q203_30","q203_30","ETEC_CS3","JUSTIN_LAB",270,"Follow up Day 42","MBSTRESN","ETECCS3","Mother",150,"yes"
"1051","Q203_31","q203_31","ETEC_CS5","JUSTIN_LAB",271,"Follow up Day 42","MBSTRESN","ETECCS5","Mother",150,"yes"
"1052","Q203_32","q203_32","ETEC_CS6","JUSTIN_LAB",272,"Follow up Day 42","MBSTRESN","ETECCS6","Mother",150,"yes"
"1053","Q203_33","q203_33","ETEC_LT","JUSTIN_LAB",273,"Follow up Day 42","MBSTRESN","ETECLT","Mother",150,"yes"
"1054","Q203_34","q203_34","ETEC_STh","JUSTIN_LAB",274,"Follow up Day 42","MBSTRESN","ETECSTH","Mother",150,"yes"
"1055","Q203_35","q203_35","ETEC_STp","JUSTIN_LAB",275,"Follow up Day 42","MBSTRESN","ETECSTP","Mother",150,"yes"
"1056","Q203_36","q203_36","Giardia","JUSTIN_LAB",276,"Follow up Day 42","MBSTRESN","GIARDIA","Mother",150,"yes"
"1057","Q203_37","q203_37","H_pylori","JUSTIN_LAB",277,"Follow up Day 42","MBSTRESN","HPYLORI","Mother",150,"yes"
"1058","Q203_38","q203_38","Hs99999901_s1","JUSTIN_LAB",278,"Follow up Day 42","MBSTRESN","HS9901S1","Mother",150,"yes"
"1059","Q203_39","q203_39","Isospora","JUSTIN_LAB",279,"Follow up Day 42","MBSTRESN","ISOSPORA","Mother",150,"yes"
"1061","Q203_40","q203_40","M_tuberculosis","JUSTIN_LAB",280,"Follow up Day 42","MBSTRESN","MTB","Mother",150,"yes"
"1062","Q203_41","q203_41","mphA","JUSTIN_LAB",281,"Follow up Day 42","MBSTRESN","MPHA","Mother",150,"yes"
"1063","Q203_42","q203_42","MS2","JUSTIN_LAB",282,"Follow up Day 42","MBSTRESN","MS2","Mother",150,"yes"
"1064","Q203_43","q203_43","MS2_2","JUSTIN_LAB",283,"Follow up Day 42","MBSTRESN","MS22B","Mother",150,"yes"
"1065","Q203_44","q203_44","Necator","JUSTIN_LAB",284,"Follow up Day 42","MBSTRESN","NTOR","Mother",150,"yes"
"1066","Q203_45","q203_45","Norovirus_GI","JUSTIN_LAB",285,"Follow up Day 42","MBSTRESN","NORO1","Mother",150,"yes"
"1067","Q203_46","q203_46","Norovirus_GII","JUSTIN_LAB",286,"Follow up Day 42","MBSTRESN","NORO2","Mother",150,"yes"
"1068","Q203_47","q203_47","PhHV","JUSTIN_LAB",287,"Follow up Day 42","MBSTRESN","PHHV","Mother",150,"yes"
"1069","Q203_48","q203_48","PhHV_2","JUSTIN_LAB",288,"Follow up Day 42","MBSTRESN","PHHV2","Mother",150,"yes"
"1070","Q203_49","q203_49","Plesiomonas","JUSTIN_LAB",289,"Follow up Day 42","MBSTRESN","PLESIO","Mother",150,"yes"
"1072","Q203_50","q203_50","Rotavirus","JUSTIN_LAB",290,"Follow up Day 42","MBSTRESN","ROTA","Mother",150,"yes"
"1073","Q203_51","q203_51","Salmonella","JUSTIN_LAB",291,"Follow up Day 42","MBSTRESN","SALMNL","Mother",150,"yes"
"1074","Q203_52","q203_52","Sapovirus_I_II_IV","JUSTIN_LAB",292,"Follow up Day 42","MBSTRESN","SAPOI_IV","Mother",150,"yes"
"1075","Q203_53","q203_53","Sapovirus_V","JUSTIN_LAB",293,"Follow up Day 42","MBSTRESN","SAPOV","Mother",150,"yes"
"1076","Q203_54","q203_54","ShEgyrA83L","JUSTIN_LAB",294,"Follow up Day 42","MBSTRESN","SGYRA83L","Mother",150,"yes"
"1077","Q203_55","q203_55","ShEgyrA83S","JUSTIN_LAB",295,"Follow up Day 42","MBSTRESN","SGYRA83S","Mother",150,"yes"
"1078","Q203_56","q203_56","ShEparC80I","JUSTIN_LAB",296,"Follow up Day 42","MBSTRESN","SPARC80L","Mother",150,"yes"
"1079","Q203_57","q203_57","ShEparC80S","JUSTIN_LAB",297,"Follow up Day 42","MBSTRESN","SPARC80S","Mother",150,"yes"
"1080","Q203_58","q203_58","Shigella_clade_1","JUSTIN_LAB",298,"Follow up Day 42","MBSTRESN","SHIGCL1","Mother",150,"yes"
"1081","Q203_59","q203_59","Shigella_EIEC","JUSTIN_LAB",299,"Follow up Day 42","MBSTRESN","SHIGEIEC","Mother",150,"yes"
"1083","Q203_60","q203_60","Shigella_flexneri_6","JUSTIN_LAB",300,"Follow up Day 42","MBSTRESN","SHIGFLX6","Mother",150,"yes"
"1084","Q203_61","q203_61","Shigella_flexneri_non6","JUSTIN_LAB",301,"Follow up Day 42","MBSTRESN","SHIGFLN6","Mother",150,"yes"
"1085","Q203_62","q203_62","Shigella_sonnei","JUSTIN_LAB",302,"Follow up Day 42","MBSTRESN","SHIGSNN","Mother",150,"yes"
"1086","Q203_63","q203_63","STEC_stx1","JUSTIN_LAB",303,"Follow up Day 42","MBSTRESN","STECSTX1","Mother",150,"yes"
"1087","Q203_64","q203_64","STEC_stx2","JUSTIN_LAB",304,"Follow up Day 42","MBSTRESN","STECSTX2","Mother",150,"yes"
"1088","Q203_65","q203_65","Strongyloides","JUSTIN_LAB",305,"Follow up Day 42","MBSTRESN","STRNGLD","Mother",150,"yes"
"1089","Q203_66","q203_66","Trichuris","JUSTIN_LAB",306,"Follow up Day 42","MBSTRESN","TRCHRS","Mother",150,"no"
"1090","Q203_67","q203_67","V_cholerae","JUSTIN_LAB",307,"Follow up Day 42","MBSTRESN","VCHL","Mother",150,"yes"
"1094","Q204_1","q204_1","16S","JUSTIN_LAB",308,"Follow up Day 56","LBSTRESN","RRNA16S","Mother",150,"yes"
"1105","Q204_2","q204_2","Adenovirus_40_41","JUSTIN_LAB",309,"Follow up Day 56","MBSTRESN","ADEN4041","Mother",150,"yes"
"1116","Q204_3","q204_3","Aeromonas","JUSTIN_LAB",310,"Follow up Day 56","MBSTRESN","AEROMNS","Mother",150,"yes"
"1127","Q204_4","q204_4","Ancylostoma","JUSTIN_LAB",311,"Follow up Day 56","MBSTRESN","ANCYLOST","Mother",150,"no"
"1138","Q204_5","q204_5","Ascaris","JUSTIN_LAB",312,"Follow up Day 56","MBSTRESN","ASCARIS","Mother",150,"yes"
"1149","Q204_6","q204_6","Astrovirus","JUSTIN_LAB",313,"Follow up Day 56","MBSTRESN","ASTRO","Mother",150,"yes"
"1158","Q204_7","q204_7","C_difficile","JUSTIN_LAB",314,"Follow up Day 56","MBSTRESN","CDIFFIC","Mother",150,"yes"
"1159","Q204_8","q204_8","Campy16S","JUSTIN_LAB",315,"Follow up Day 56","MBSTRESN","CAMP16S","Mother",150,"yes"
"1160","Q204_9","q204_9","Campy23S2075A","JUSTIN_LAB",316,"Follow up Day 56","MBSTRESN","CA23S75A","Mother",150,"yes"
"1095","Q204_10","q204_10","Campy23S2075G","JUSTIN_LAB",317,"Follow up Day 56","MBSTRESN","CA23S75G","Mother",150,"yes"
"1096","Q204_11","q204_11","Campylobacter_coli","JUSTIN_LAB",318,"Follow up Day 56","MBSTRESN","CAMPCOL","Mother",150,"yes"
"1097","Q204_12","q204_12","Campylobacter_jejuni","JUSTIN_LAB",319,"Follow up Day 56","MBSTRESN","CAMPJJN","Mother",150,"yes"
"1098","Q204_13","q204_13","Campylobacter_jejuni_coli","JUSTIN_LAB",320,"Follow up Day 56","MBSTRESN","CAMPJC","Mother",150,"yes"
"1099","Q204_14","q204_14","Campylobacter_pan","JUSTIN_LAB",321,"Follow up Day 56","MBSTRESN","CAMPPAN","Mother",150,"yes"
"1100","Q204_15","q204_15","Cryptosporidium","JUSTIN_LAB",322,"Follow up Day 56","MBSTRESN","CRYPTO","Mother",150,"yes"
"1101","Q204_16","q204_16","ctx_M_1_2_9","JUSTIN_LAB",323,"Follow up Day 56","MBSTRESN","CTXM129","Mother",150,"yes"
"1102","Q204_17","q204_17","ctx_M_8_25","JUSTIN_LAB",324,"Follow up Day 56","MBSTRESN","CTXM825","Mother",150,"yes"
"1103","Q204_18","q204_18","Cyclospora","JUSTIN_LAB",325,"Follow up Day 56","MBSTRESN","CYCLOS","Mother",150,"no"
"1104","Q204_19","q204_19","E_bieneusi","JUSTIN_LAB",326,"Follow up Day 56","MBSTRESN","EBIENSI","Mother",150,"yes"
"1106","Q204_20","q204_20","E_histolytica","JUSTIN_LAB",327,"Follow up Day 56","MBSTRESN","ENTAHIST","Mother",150,"yes"
"1107","Q204_21","q204_21","E_histolytica_H","JUSTIN_LAB",328,"Follow up Day 56","MBSTRESN","ENTAHISH","Mother",150,"yes"
"1108","Q204_22","q204_22","E_intestinalis","JUSTIN_LAB",329,"Follow up Day 56","MBSTRESN","EINTEST","Mother",150,"yes"
"1109","Q204_23","q204_23","EAEC_aaiC","JUSTIN_LAB",330,"Follow up Day 56","MBSTRESN","EAECAAIC","Mother",150,"yes"
"1110","Q204_24","q204_24","EAEC_aatA","JUSTIN_LAB",331,"Follow up Day 56","MBSTRESN","EAECAATA","Mother",150,"yes"
"1111","Q204_25","q204_25","EPEC_bfpA","JUSTIN_LAB",332,"Follow up Day 56","MBSTRESN","EPECBFPA","Mother",150,"yes"
"1112","Q204_26","q204_26","EPEC_eae","JUSTIN_LAB",333,"Follow up Day 56","MBSTRESN","EPECEAE","Mother",150,"yes"
"1113","Q204_27","q204_27","ETEC_CFA_I","JUSTIN_LAB",334,"Follow up Day 56","MBSTRESN","ETECCFA","Mother",150,"yes"
"1114","Q204_28","q204_28","ETEC_CS1","JUSTIN_LAB",335,"Follow up Day 56","MBSTRESN","ETECCS1","Mother",150,"yes"
"1115","Q204_29","q204_29","ETEC_CS2","JUSTIN_LAB",336,"Follow up Day 56","MBSTRESN","ETECCS2","Mother",150,"yes"
"1117","Q204_30","q204_30","ETEC_CS3","JUSTIN_LAB",337,"Follow up Day 56","MBSTRESN","ETECCS3","Mother",150,"yes"
"1118","Q204_31","q204_31","ETEC_CS5","JUSTIN_LAB",338,"Follow up Day 56","MBSTRESN","ETECCS5","Mother",150,"yes"
"1119","Q204_32","q204_32","ETEC_CS6","JUSTIN_LAB",339,"Follow up Day 56","MBSTRESN","ETECCS6","Mother",150,"yes"
"1120","Q204_33","q204_33","ETEC_LT","JUSTIN_LAB",340,"Follow up Day 56","MBSTRESN","ETECLT","Mother",150,"yes"
"1121","Q204_34","q204_34","ETEC_STh","JUSTIN_LAB",341,"Follow up Day 56","MBSTRESN","ETECSTH","Mother",150,"yes"
"1122","Q204_35","q204_35","ETEC_STp","JUSTIN_LAB",342,"Follow up Day 56","MBSTRESN","ETECSTP","Mother",150,"yes"
"1123","Q204_36","q204_36","Giardia","JUSTIN_LAB",343,"Follow up Day 56","MBSTRESN","GIARDIA","Mother",150,"yes"
"1124","Q204_37","q204_37","H_pylori","JUSTIN_LAB",344,"Follow up Day 56","MBSTRESN","HPYLORI","Mother",150,"yes"
"1125","Q204_38","q204_38","Hs99999901_s1","JUSTIN_LAB",345,"Follow up Day 56","MBSTRESN","HS9901S1","Mother",150,"yes"
"1126","Q204_39","q204_39","Isospora","JUSTIN_LAB",346,"Follow up Day 56","MBSTRESN","ISOSPORA","Mother",150,"yes"
"1128","Q204_40","q204_40","M_tuberculosis","JUSTIN_LAB",347,"Follow up Day 56","MBSTRESN","MTB","Mother",150,"yes"
"1129","Q204_41","q204_41","mphA","JUSTIN_LAB",348,"Follow up Day 56","MBSTRESN","MPHA","Mother",150,"yes"
"1130","Q204_42","q204_42","MS2","JUSTIN_LAB",349,"Follow up Day 56","MBSTRESN","MS2","Mother",150,"yes"
"1131","Q204_43","q204_43","MS2_2","JUSTIN_LAB",350,"Follow up Day 56","MBSTRESN","MS22B","Mother",150,"yes"
"1132","Q204_44","q204_44","Necator","JUSTIN_LAB",351,"Follow up Day 56","MBSTRESN","NTOR","Mother",150,"yes"
"1133","Q204_45","q204_45","Norovirus_GI","JUSTIN_LAB",352,"Follow up Day 56","MBSTRESN","NORO1","Mother",150,"yes"
"1134","Q204_46","q204_46","Norovirus_GII","JUSTIN_LAB",353,"Follow up Day 56","MBSTRESN","NORO2","Mother",150,"yes"
"1135","Q204_47","q204_47","PhHV","JUSTIN_LAB",354,"Follow up Day 56","MBSTRESN","PHHV","Mother",150,"yes"
"1136","Q204_48","q204_48","PhHV_2","JUSTIN_LAB",355,"Follow up Day 56","MBSTRESN","PHHV2","Mother",150,"yes"
"1137","Q204_49","q204_49","Plesiomonas","JUSTIN_LAB",356,"Follow up Day 56","MBSTRESN","PLESIO","Mother",150,"yes"
"1139","Q204_50","q204_50","Rotavirus","JUSTIN_LAB",357,"Follow up Day 56","MBSTRESN","ROTA","Mother",150,"yes"
"1140","Q204_51","q204_51","Salmonella","JUSTIN_LAB",358,"Follow up Day 56","MBSTRESN","SALMNL","Mother",150,"yes"
"1141","Q204_52","q204_52","Sapovirus_I_II_IV","JUSTIN_LAB",359,"Follow up Day 56","MBSTRESN","SAPOI_IV","Mother",150,"yes"
"1142","Q204_53","q204_53","Sapovirus_V","JUSTIN_LAB",360,"Follow up Day 56","MBSTRESN","SAPOV","Mother",150,"yes"
"1143","Q204_54","q204_54","ShEgyrA83L","JUSTIN_LAB",361,"Follow up Day 56","MBSTRESN","SGYRA83L","Mother",150,"yes"
"1144","Q204_55","q204_55","ShEgyrA83S","JUSTIN_LAB",362,"Follow up Day 56","MBSTRESN","SGYRA83S","Mother",150,"yes"
"1145","Q204_56","q204_56","ShEparC80I","JUSTIN_LAB",363,"Follow up Day 56","MBSTRESN","SPARC80L","Mother",150,"yes"
"1146","Q204_57","q204_57","ShEparC80S","JUSTIN_LAB",364,"Follow up Day 56","MBSTRESN","SPARC80S","Mother",150,"yes"
"1147","Q204_58","q204_58","Shigella_clade_1","JUSTIN_LAB",365,"Follow up Day 56","MBSTRESN","SHIGCL1","Mother",150,"yes"
"1148","Q204_59","q204_59","Shigella_EIEC","JUSTIN_LAB",366,"Follow up Day 56","MBSTRESN","SHIGEIEC","Mother",150,"yes"
"1150","Q204_60","q204_60","Shigella_flexneri_6","JUSTIN_LAB",367,"Follow up Day 56","MBSTRESN","SHIGFLX6","Mother",150,"yes"
"1151","Q204_61","q204_61","Shigella_flexneri_non6","JUSTIN_LAB",368,"Follow up Day 56","MBSTRESN","SHIGFLN6","Mother",150,"yes"
"1152","Q204_62","q204_62","Shigella_sonnei","JUSTIN_LAB",369,"Follow up Day 56","MBSTRESN","SHIGSNN","Mother",150,"yes"
"1153","Q204_63","q204_63","STEC_stx1","JUSTIN_LAB",370,"Follow up Day 56","MBSTRESN","STECSTX1","Mother",150,"yes"
"1154","Q204_64","q204_64","STEC_stx2","JUSTIN_LAB",371,"Follow up Day 56","MBSTRESN","STECSTX2","Mother",150,"yes"
"1155","Q204_65","q204_65","Strongyloides","JUSTIN_LAB",372,"Follow up Day 56","MBSTRESN","STRNGLD","Mother",150,"yes"
"1156","Q204_66","q204_66","Trichuris","JUSTIN_LAB",373,"Follow up Day 56","MBSTRESN","TRCHRS","Mother",150,"no"
"1157","Q204_67","q204_67","V_cholerae","JUSTIN_LAB",374,"Follow up Day 56","MBSTRESN","VCHL","Mother",150,"yes"
"1161","Q205_1","q205_1","16S","JUSTIN_LAB",375,"Follow up Day 42","LBSTRESN","RRNA16S","Child",150,"yes"
"1172","Q205_2","q205_2","Adenovirus_40_41","JUSTIN_LAB",376,"Follow up Day 42","MBSTRESN","ADEN4041","Child",150,"yes"
"1183","Q205_3","q205_3","Aeromonas","JUSTIN_LAB",377,"Follow up Day 42","MBSTRESN","AEROMNS","Child",150,"yes"
"1194","Q205_4","q205_4","Ancylostoma","JUSTIN_LAB",378,"Follow up Day 42","MBSTRESN","ANCYLOST","Child",150,"no"
"1205","Q205_5","q205_5","Ascaris","JUSTIN_LAB",379,"Follow up Day 42","MBSTRESN","ASCARIS","Child",150,"yes"
"1216","Q205_6","q205_6","Astrovirus","JUSTIN_LAB",380,"Follow up Day 42","MBSTRESN","ASTRO","Child",150,"yes"
"1225","Q205_7","q205_7","C_difficile","JUSTIN_LAB",381,"Follow up Day 42","MBSTRESN","CDIFFIC","Child",150,"yes"
"1226","Q205_8","q205_8","Campy16S","JUSTIN_LAB",382,"Follow up Day 42","MBSTRESN","CAMP16S","Child",150,"yes"
"1227","Q205_9","q205_9","Campy23S2075A","JUSTIN_LAB",383,"Follow up Day 42","MBSTRESN","CA23S75A","Child",150,"yes"
"1162","Q205_10","q205_10","Campy23S2075G","JUSTIN_LAB",384,"Follow up Day 42","MBSTRESN","CA23S75G","Child",150,"yes"
"1163","Q205_11","q205_11","Campylobacter_coli","JUSTIN_LAB",385,"Follow up Day 42","MBSTRESN","CAMPCOL","Child",150,"yes"
"1164","Q205_12","q205_12","Campylobacter_jejuni","JUSTIN_LAB",386,"Follow up Day 42","MBSTRESN","CAMPJJN","Child",150,"yes"
"1165","Q205_13","q205_13","Campylobacter_jejuni_coli","JUSTIN_LAB",387,"Follow up Day 42","MBSTRESN","CAMPJC","Child",150,"yes"
"1166","Q205_14","q205_14","Campylobacter_pan","JUSTIN_LAB",388,"Follow up Day 42","MBSTRESN","CAMPPAN","Child",150,"yes"
"1167","Q205_15","q205_15","Cryptosporidium","JUSTIN_LAB",389,"Follow up Day 42","MBSTRESN","CRYPTO","Child",150,"yes"
"1168","Q205_16","q205_16","ctx_M_1_2_9","JUSTIN_LAB",390,"Follow up Day 42","MBSTRESN","CTXM129","Child",150,"yes"
"1169","Q205_17","q205_17","ctx_M_8_25","JUSTIN_LAB",391,"Follow up Day 42","MBSTRESN","CTXM825","Child",150,"yes"
"1170","Q205_18","q205_18","Cyclospora","JUSTIN_LAB",392,"Follow up Day 42","MBSTRESN","CYCLOS","Child",150,"no"
"1171","Q205_19","q205_19","E_bieneusi","JUSTIN_LAB",393,"Follow up Day 42","MBSTRESN","EBIENSI","Child",150,"yes"
"1173","Q205_20","q205_20","E_histolytica","JUSTIN_LAB",394,"Follow up Day 42","MBSTRESN","ENTAHIST","Child",150,"yes"
"1174","Q205_21","q205_21","E_histolytica_H","JUSTIN_LAB",395,"Follow up Day 42","MBSTRESN","ENTAHISH","Child",150,"yes"
"1175","Q205_22","q205_22","E_intestinalis","JUSTIN_LAB",396,"Follow up Day 42","MBSTRESN","EINTEST","Child",150,"yes"
"1176","Q205_23","q205_23","EAEC_aaiC","JUSTIN_LAB",397,"Follow up Day 42","MBSTRESN","EAECAAIC","Child",150,"yes"
"1177","Q205_24","q205_24","EAEC_aatA","JUSTIN_LAB",398,"Follow up Day 42","MBSTRESN","EAECAATA","Child",150,"yes"
"1178","Q205_25","q205_25","EPEC_bfpA","JUSTIN_LAB",399,"Follow up Day 42","MBSTRESN","EPECBFPA","Child",150,"yes"
"1179","Q205_26","q205_26","EPEC_eae","JUSTIN_LAB",400,"Follow up Day 42","MBSTRESN","EPECEAE","Child",150,"yes"
"1180","Q205_27","q205_27","ETEC_CFA_I","JUSTIN_LAB",401,"Follow up Day 42","MBSTRESN","ETECCFA","Child",150,"yes"
"1181","Q205_28","q205_28","ETEC_CS1","JUSTIN_LAB",402,"Follow up Day 42","MBSTRESN","ETECCS1","Child",150,"yes"
"1182","Q205_29","q205_29","ETEC_CS2","JUSTIN_LAB",403,"Follow up Day 42","MBSTRESN","ETECCS2","Child",150,"yes"
"1184","Q205_30","q205_30","ETEC_CS3","JUSTIN_LAB",404,"Follow up Day 42","MBSTRESN","ETECCS3","Child",150,"yes"
"1185","Q205_31","q205_31","ETEC_CS5","JUSTIN_LAB",405,"Follow up Day 42","MBSTRESN","ETECCS5","Child",150,"yes"
"1186","Q205_32","q205_32","ETEC_CS6","JUSTIN_LAB",406,"Follow up Day 42","MBSTRESN","ETECCS6","Child",150,"yes"
"1187","Q205_33","q205_33","ETEC_LT","JUSTIN_LAB",407,"Follow up Day 42","MBSTRESN","ETECLT","Child",150,"yes"
"1188","Q205_34","q205_34","ETEC_STh","JUSTIN_LAB",408,"Follow up Day 42","MBSTRESN","ETECSTH","Child",150,"yes"
"1189","Q205_35","q205_35","ETEC_STp","JUSTIN_LAB",409,"Follow up Day 42","MBSTRESN","ETECSTP","Child",150,"yes"
"1190","Q205_36","q205_36","Giardia","JUSTIN_LAB",410,"Follow up Day 42","MBSTRESN","GIARDIA","Child",150,"yes"
"1191","Q205_37","q205_37","H_pylori","JUSTIN_LAB",411,"Follow up Day 42","MBSTRESN","HPYLORI","Child",150,"yes"
"1192","Q205_38","q205_38","Hs99999901_s1","JUSTIN_LAB",412,"Follow up Day 42","MBSTRESN","HS9901S1","Child",150,"yes"
"1193","Q205_39","q205_39","Isospora","JUSTIN_LAB",413,"Follow up Day 42","MBSTRESN","ISOSPORA","Child",150,"yes"
"1195","Q205_40","q205_40","M_tuberculosis","JUSTIN_LAB",414,"Follow up Day 42","MBSTRESN","MTB","Child",150,"yes"
"1196","Q205_41","q205_41","mphA","JUSTIN_LAB",415,"Follow up Day 42","MBSTRESN","MPHA","Child",150,"yes"
"1197","Q205_42","q205_42","MS2","JUSTIN_LAB",416,"Follow up Day 42","MBSTRESN","MS2","Child",150,"yes"
"1198","Q205_43","q205_43","MS2_2","JUSTIN_LAB",417,"Follow up Day 42","MBSTRESN","MS22B","Child",150,"yes"
"1199","Q205_44","q205_44","Necator","JUSTIN_LAB",418,"Follow up Day 42","MBSTRESN","NTOR","Child",150,"yes"
"1200","Q205_45","q205_45","Norovirus_GI","JUSTIN_LAB",419,"Follow up Day 42","MBSTRESN","NORO1","Child",150,"yes"
"1201","Q205_46","q205_46","Norovirus_GII","JUSTIN_LAB",420,"Follow up Day 42","MBSTRESN","NORO2","Child",150,"yes"
"1202","Q205_47","q205_47","PhHV","JUSTIN_LAB",421,"Follow up Day 42","MBSTRESN","PHHV","Child",150,"yes"
"1203","Q205_48","q205_48","PhHV_2","JUSTIN_LAB",422,"Follow up Day 42","MBSTRESN","PHHV2","Child",150,"yes"
"1204","Q205_49","q205_49","Plesiomonas","JUSTIN_LAB",423,"Follow up Day 42","MBSTRESN","PLESIO","Child",150,"yes"
"1206","Q205_50","q205_50","Rotavirus","JUSTIN_LAB",424,"Follow up Day 42","MBSTRESN","ROTA","Child",150,"yes"
"1207","Q205_51","q205_51","Salmonella","JUSTIN_LAB",425,"Follow up Day 42","MBSTRESN","SALMNL","Child",150,"yes"
"1208","Q205_52","q205_52","Sapovirus_I_II_IV","JUSTIN_LAB",426,"Follow up Day 42","MBSTRESN","SAPOI_IV","Child",150,"yes"
"1209","Q205_53","q205_53","Sapovirus_V","JUSTIN_LAB",427,"Follow up Day 42","MBSTRESN","SAPOV","Child",150,"yes"
"1210","Q205_54","q205_54","ShEgyrA83L","JUSTIN_LAB",428,"Follow up Day 42","MBSTRESN","SGYRA83L","Child",150,"yes"
"1211","Q205_55","q205_55","ShEgyrA83S","JUSTIN_LAB",429,"Follow up Day 42","MBSTRESN","SGYRA83S","Child",150,"yes"
"1212","Q205_56","q205_56","ShEparC80I","JUSTIN_LAB",430,"Follow up Day 42","MBSTRESN","SPARC80L","Child",150,"yes"
"1213","Q205_57","q205_57","ShEparC80S","JUSTIN_LAB",431,"Follow up Day 42","MBSTRESN","SPARC80S","Child",150,"yes"
"1214","Q205_58","q205_58","Shigella_clade_1","JUSTIN_LAB",432,"Follow up Day 42","MBSTRESN","SHIGCL1","Child",150,"yes"
"1215","Q205_59","q205_59","Shigella_EIEC","JUSTIN_LAB",433,"Follow up Day 42","MBSTRESN","SHIGEIEC","Child",150,"yes"
"1217","Q205_60","q205_60","Shigella_flexneri_6","JUSTIN_LAB",434,"Follow up Day 42","MBSTRESN","SHIGFLX6","Child",150,"yes"
"1218","Q205_61","q205_61","Shigella_flexneri_non6","JUSTIN_LAB",435,"Follow up Day 42","MBSTRESN","SHIGFLN6","Child",150,"yes"
"1219","Q205_62","q205_62","Shigella_sonnei","JUSTIN_LAB",436,"Follow up Day 42","MBSTRESN","SHIGSNN","Child",150,"yes"
"1220","Q205_63","q205_63","STEC_stx1","JUSTIN_LAB",437,"Follow up Day 42","MBSTRESN","STECSTX1","Child",150,"yes"
"1221","Q205_64","q205_64","STEC_stx2","JUSTIN_LAB",438,"Follow up Day 42","MBSTRESN","STECSTX2","Child",150,"yes"
"1222","Q205_65","q205_65","Strongyloides","JUSTIN_LAB",439,"Follow up Day 42","MBSTRESN","STRNGLD","Child",150,"yes"
"1223","Q205_66","q205_66","Trichuris","JUSTIN_LAB",440,"Follow up Day 42","MBSTRESN","TRCHRS","Child",150,"no"
"1224","Q205_67","q205_67","V_cholerae","JUSTIN_LAB",441,"Follow up Day 42","MBSTRESN","VCHL","Child",150,"yes"
"1228","Q206_1","q206_1","16S","JUSTIN_LAB",442,"Follow up Day 56","LBSTRESN","RRNA16S","Child",150,"yes"
"1239","Q206_2","q206_2","Adenovirus_40_41","JUSTIN_LAB",443,"Follow up Day 56","MBSTRESN","ADEN4041","Child",150,"yes"
"1250","Q206_3","q206_3","Aeromonas","JUSTIN_LAB",444,"Follow up Day 56","MBSTRESN","AEROMNS","Child",150,"yes"
"1261","Q206_4","q206_4","Ancylostoma","JUSTIN_LAB",445,"Follow up Day 56","MBSTRESN","ANCYLOST","Child",150,"no"
"1272","Q206_5","q206_5","Ascaris","JUSTIN_LAB",446,"Follow up Day 56","MBSTRESN","ASCARIS","Child",150,"yes"
"1283","Q206_6","q206_6","Astrovirus","JUSTIN_LAB",447,"Follow up Day 56","MBSTRESN","ASTRO","Child",150,"yes"
"1292","Q206_7","q206_7","C_difficile","JUSTIN_LAB",448,"Follow up Day 56","MBSTRESN","CDIFFIC","Child",150,"yes"
"1293","Q206_8","q206_8","Campy16S","JUSTIN_LAB",449,"Follow up Day 56","MBSTRESN","CAMP16S","Child",150,"yes"
"1294","Q206_9","q206_9","Campy23S2075A","JUSTIN_LAB",450,"Follow up Day 56","MBSTRESN","CA23S75A","Child",150,"yes"
"1229","Q206_10","q206_10","Campy23S2075G","JUSTIN_LAB",451,"Follow up Day 56","MBSTRESN","CA23S75G","Child",150,"yes"
"1230","Q206_11","q206_11","Campylobacter_coli","JUSTIN_LAB",452,"Follow up Day 56","MBSTRESN","CAMPCOL","Child",150,"yes"
"1231","Q206_12","q206_12","Campylobacter_jejuni","JUSTIN_LAB",453,"Follow up Day 56","MBSTRESN","CAMPJJN","Child",150,"yes"
"1232","Q206_13","q206_13","Campylobacter_jejuni_coli","JUSTIN_LAB",454,"Follow up Day 56","MBSTRESN","CAMPJC","Child",150,"yes"
"1233","Q206_14","q206_14","Campylobacter_pan","JUSTIN_LAB",455,"Follow up Day 56","MBSTRESN","CAMPPAN","Child",150,"yes"
"1234","Q206_15","q206_15","Cryptosporidium","JUSTIN_LAB",456,"Follow up Day 56","MBSTRESN","CRYPTO","Child",150,"yes"
"1235","Q206_16","q206_16","ctx_M_1_2_9","JUSTIN_LAB",457,"Follow up Day 56","MBSTRESN","CTXM129","Child",150,"yes"
"1236","Q206_17","q206_17","ctx_M_8_25","JUSTIN_LAB",458,"Follow up Day 56","MBSTRESN","CTXM825","Child",150,"yes"
"1237","Q206_18","q206_18","Cyclospora","JUSTIN_LAB",459,"Follow up Day 56","MBSTRESN","CYCLOS","Child",150,"no"
"1238","Q206_19","q206_19","E_bieneusi","JUSTIN_LAB",460,"Follow up Day 56","MBSTRESN","EBIENSI","Child",150,"yes"
"1240","Q206_20","q206_20","E_histolytica","JUSTIN_LAB",461,"Follow up Day 56","MBSTRESN","ENTAHIST","Child",150,"yes"
"1241","Q206_21","q206_21","E_histolytica_H","JUSTIN_LAB",462,"Follow up Day 56","MBSTRESN","ENTAHISH","Child",150,"yes"
"1242","Q206_22","q206_22","E_intestinalis","JUSTIN_LAB",463,"Follow up Day 56","MBSTRESN","EINTEST","Child",150,"yes"
"1243","Q206_23","q206_23","EAEC_aaiC","JUSTIN_LAB",464,"Follow up Day 56","MBSTRESN","EAECAAIC","Child",150,"yes"
"1244","Q206_24","q206_24","EAEC_aatA","JUSTIN_LAB",465,"Follow up Day 56","MBSTRESN","EAECAATA","Child",150,"yes"
"1245","Q206_25","q206_25","EPEC_bfpA","JUSTIN_LAB",466,"Follow up Day 56","MBSTRESN","EPECBFPA","Child",150,"yes"
"1246","Q206_26","q206_26","EPEC_eae","JUSTIN_LAB",467,"Follow up Day 56","MBSTRESN","EPECEAE","Child",150,"yes"
"1247","Q206_27","q206_27","ETEC_CFA_I","JUSTIN_LAB",468,"Follow up Day 56","MBSTRESN","ETECCFA","Child",150,"yes"
"1248","Q206_28","q206_28","ETEC_CS1","JUSTIN_LAB",469,"Follow up Day 56","MBSTRESN","ETECCS1","Child",150,"yes"
"1249","Q206_29","q206_29","ETEC_CS2","JUSTIN_LAB",470,"Follow up Day 56","MBSTRESN","ETECCS2","Child",150,"yes"
"1251","Q206_30","q206_30","ETEC_CS3","JUSTIN_LAB",471,"Follow up Day 56","MBSTRESN","ETECCS3","Child",150,"yes"
"1252","Q206_31","q206_31","ETEC_CS5","JUSTIN_LAB",472,"Follow up Day 56","MBSTRESN","ETECCS5","Child",150,"yes"
"1253","Q206_32","q206_32","ETEC_CS6","JUSTIN_LAB",473,"Follow up Day 56","MBSTRESN","ETECCS6","Child",150,"yes"
"1254","Q206_33","q206_33","ETEC_LT","JUSTIN_LAB",474,"Follow up Day 56","MBSTRESN","ETECLT","Child",150,"yes"
"1255","Q206_34","q206_34","ETEC_STh","JUSTIN_LAB",475,"Follow up Day 56","MBSTRESN","ETECSTH","Child",150,"yes"
"1256","Q206_35","q206_35","ETEC_STp","JUSTIN_LAB",476,"Follow up Day 56","MBSTRESN","ETECSTP","Child",150,"yes"
"1257","Q206_36","q206_36","Giardia","JUSTIN_LAB",477,"Follow up Day 56","MBSTRESN","GIARDIA","Child",150,"yes"
"1258","Q206_37","q206_37","H_pylori","JUSTIN_LAB",478,"Follow up Day 56","MBSTRESN","HPYLORI","Child",150,"yes"
"1259","Q206_38","q206_38","Hs99999901_s1","JUSTIN_LAB",479,"Follow up Day 56","MBSTRESN","HS9901S1","Child",150,"yes"
"1260","Q206_39","q206_39","Isospora","JUSTIN_LAB",480,"Follow up Day 56","MBSTRESN","ISOSPORA","Child",150,"yes"
"1262","Q206_40","q206_40","M_tuberculosis","JUSTIN_LAB",481,"Follow up Day 56","MBSTRESN","MTB","Child",150,"yes"
"1263","Q206_41","q206_41","mphA","JUSTIN_LAB",482,"Follow up Day 56","MBSTRESN","MPHA","Child",150,"yes"
"1264","Q206_42","q206_42","MS2","JUSTIN_LAB",483,"Follow up Day 56","MBSTRESN","MS2","Child",150,"yes"
"1265","Q206_43","q206_43","MS2_2","JUSTIN_LAB",484,"Follow up Day 56","MBSTRESN","MS22B","Child",150,"yes"
"1266","Q206_44","q206_44","Necator","JUSTIN_LAB",485,"Follow up Day 56","MBSTRESN","NTOR","Child",150,"yes"
"1267","Q206_45","q206_45","Norovirus_GI","JUSTIN_LAB",486,"Follow up Day 56","MBSTRESN","NORO1","Child",150,"yes"
"1268","Q206_46","q206_46","Norovirus_GII","JUSTIN_LAB",487,"Follow up Day 56","MBSTRESN","NORO2","Child",150,"yes"
"1269","Q206_47","q206_47","PhHV","JUSTIN_LAB",488,"Follow up Day 56","MBSTRESN","PHHV","Child",150,"yes"
"1270","Q206_48","q206_48","PhHV_2","JUSTIN_LAB",489,"Follow up Day 56","MBSTRESN","PHHV2","Child",150,"yes"
"1271","Q206_49","q206_49","Plesiomonas","JUSTIN_LAB",490,"Follow up Day 56","MBSTRESN","PLESIO","Child",150,"yes"
"1273","Q206_50","q206_50","Rotavirus","JUSTIN_LAB",491,"Follow up Day 56","MBSTRESN","ROTA","Child",150,"yes"
"1274","Q206_51","q206_51","Salmonella","JUSTIN_LAB",492,"Follow up Day 56","MBSTRESN","SALMNL","Child",150,"yes"
"1275","Q206_52","q206_52","Sapovirus_I_II_IV","JUSTIN_LAB",493,"Follow up Day 56","MBSTRESN","SAPOI_IV","Child",150,"yes"
"1276","Q206_53","q206_53","Sapovirus_V","JUSTIN_LAB",494,"Follow up Day 56","MBSTRESN","SAPOV","Child",150,"yes"
"1277","Q206_54","q206_54","ShEgyrA83L","JUSTIN_LAB",495,"Follow up Day 56","MBSTRESN","SGYRA83L","Child",150,"yes"
"1278","Q206_55","q206_55","ShEgyrA83S","JUSTIN_LAB",496,"Follow up Day 56","MBSTRESN","SGYRA83S","Child",150,"yes"
"1279","Q206_56","q206_56","ShEparC80I","JUSTIN_LAB",497,"Follow up Day 56","MBSTRESN","SPARC80L","Child",150,"yes"
"1280","Q206_57","q206_57","ShEparC80S","JUSTIN_LAB",498,"Follow up Day 56","MBSTRESN","SPARC80S","Child",150,"yes"
"1281","Q206_58","q206_58","Shigella_clade_1","JUSTIN_LAB",499,"Follow up Day 56","MBSTRESN","SHIGCL1","Child",150,"yes"
"1282","Q206_59","q206_59","Shigella_EIEC","JUSTIN_LAB",500,"Follow up Day 56","MBSTRESN","SHIGEIEC","Child",150,"yes"
"1284","Q206_60","q206_60","Shigella_flexneri_6","JUSTIN_LAB",501,"Follow up Day 56","MBSTRESN","SHIGFLX6","Child",150,"yes"
"1285","Q206_61","q206_61","Shigella_flexneri_non6","JUSTIN_LAB",502,"Follow up Day 56","MBSTRESN","SHIGFLN6","Child",150,"yes"
"1286","Q206_62","q206_62","Shigella_sonnei","JUSTIN_LAB",503,"Follow up Day 56","MBSTRESN","SHIGSNN","Child",150,"yes"
"1287","Q206_63","q206_63","STEC_stx1","JUSTIN_LAB",504,"Follow up Day 56","MBSTRESN","STECSTX1","Child",150,"yes"
"1288","Q206_64","q206_64","STEC_stx2","JUSTIN_LAB",505,"Follow up Day 56","MBSTRESN","STECSTX2","Child",150,"yes"
"1289","Q206_65","q206_65","Strongyloides","JUSTIN_LAB",506,"Follow up Day 56","MBSTRESN","STRNGLD","Child",150,"yes"
"1290","Q206_66","q206_66","Trichuris","JUSTIN_LAB",507,"Follow up Day 56","MBSTRESN","TRCHRS","Child",150,"no"
"1291","Q206_67","q206_67","V_cholerae","JUSTIN_LAB",508,"Follow up Day 56","MBSTRESN","VCHL","Child",150,"yes"
"1295","Q207_1","q207_1","B.longum Results (Ct Value)   Infant TimePoint1","JUSTIN_LAB",509,"Follow up Day 42","MBSTRESN","BLONGUM","Child",150,"yes"
"1296","Q207_2","q207_2","B.longum Results (Pos/Neg)   Infant TimePoint1","JUSTIN_LAB",510,"Follow up Day 42","MBSTRESC","BLONGUM","Child",150,"yes"
"1297","Q207_3","q207_3","B.longum Spp. Infantis Results (Ct Value)   Infant TimePoint1","JUSTIN_LAB",511,"Follow up Day 42","MBSTRESN","BLONGIN","Child",150,"yes"
"1298","Q207_4","q207_4","B.longum Spp. Infantis Results (Pos/Neg)   Infant TimePoint1","JUSTIN_LAB",512,"Follow up Day 42","MBSTRESC","BLONGIN","Child",150,"yes"
"1299","Q208_1","q208_1","B.longum Results (Ct Value)   LW TimePoint1","JUSTIN_LAB",513,"Follow up Day 42","MBSTRESN","BLONGUM","Mother",150,"yes"
"1300","Q208_2","q208_2","B.longum Results (Pos/Neg)   LW TimePoint1","JUSTIN_LAB",514,"Follow up Day 42","MBSTRESC","BLONGUM","Mother",150,"yes"
"1301","Q208_3","q208_3","B.longum Spp. Infantis Results (Ct Value)   LW TimePoint1","JUSTIN_LAB",515,"Follow up Day 42","MBSTRESN","BLONGIN","Mother",150,"yes"
"1302","Q208_4","q208_4","B.longum Spp. Infantis Results (Pos/Neg)   LW TimePoint1","JUSTIN_LAB",516,"Follow up Day 42","MBSTRESC","BLONGIN","Mother",150,"yes"
"1303","Q209_1","q209_1","B.longum Results (Ct Value)   Infant Timepoint2","JUSTIN_LAB",517,"Follow up Day 56","MBSTRESN","BLONGUM","Child",150,"yes"
"1304","Q209_2","q209_2","B.longum Results (Pos/Neg)   Infant Timepoint2","JUSTIN_LAB",518,"Follow up Day 56","MBSTRESC","BLONGUM","Child",150,"yes"
"1305","Q209_3","q209_3","B.longum Spp. Infantis Results (Ct Value)   Infant Timepoint2","JUSTIN_LAB",519,"Follow up Day 56","MBSTRESN","BLONGIN","Child",150,"yes"
"1306","Q209_4","q209_4","B.longum Spp. Infantis Results (Pos/Neg)   Infant Timepoint2","JUSTIN_LAB",520,"Follow up Day 56","MBSTRESC","BLONGIN","Child",150,"yes"
"1308","Q210_1","q210_1","B.longum Results (Ct Value)   LW Timepoint2","JUSTIN_LAB",521,"Follow up Day 56","MBSTRESN","BLONGUM","Mother",150,"yes"
"1309","Q210_2","q210_2","B.longum Results (Pos/Neg)   LW Timepoint2","JUSTIN_LAB",522,"Follow up Day 56","MBSTRESC","BLONGUM","Mother",150,"yes"
"1310","Q210_3","q210_3","B.longum Spp. Infantis Results (Ct Value)   LW Timepoint2","JUSTIN_LAB",523,"Follow up Day 56","MBSTRESN","BLONGIN","Mother",150,"yes"
"1311","Q210_4","q210_4","B.longum Spp. Infantis Results (Pos/Neg)   LW Timepoint2","JUSTIN_LAB",524,"Follow up Day 56","MBSTRESC","BLONGIN","Mother",150,"yes"
"1430","VNO","vno","Followup_Number","ZSCORE_FOR_EACH_VISIT",1,"Follow up month 1","VISITNUM","","",0,"missing"
"847","DOV","dov","Date of visit","ZSCORE_FOR_EACH_VISIT",3,"Follow up month 1","AGEDAYS","","",0,"missing"
"1429","VISIT","visit","Visit outcome","ZSCORE_FOR_EACH_VISIT",4,"","","","",0,"missing"
"1","AGE","age","Current age of child (System generated)","ZSCORE_FOR_EACH_VISIT",5,"Follow up month 1","AGEDAYS","","",0,"missing"
"1435","WEIGHT","weight","System gererated average baby weight in grams","ZSCORE_FOR_EACH_VISIT",6,"","","","",0,"missing"
"863","LENGTH","length","System gererated average length of baby in cm","ZSCORE_FOR_EACH_VISIT",7,"","","","",0,"missing"
"872","MUAC","muac","System gererated average MUAC of baby in cm","ZSCORE_FOR_EACH_VISIT",8,"","","","",0,"missing"
"856","HC","hc","System gererated average Occipito-Frontal Head Circumference of baby in cm","ZSCORE_FOR_EACH_VISIT",9,"","","","",0,"missing"
"873","MWEIGHT","mweight","System gererated average maternal weight in Kg","ZSCORE_FOR_EACH_VISIT",10,"","","","",0,"missing"
"871","MMUAC","mmuac","System gererated average maternal MUAC","ZSCORE_FOR_EACH_VISIT",11,"","","","",0,"missing"
"870","MHEIGHT","mheight","System gererated average maternal height in cm","ZSCORE_FOR_EACH_VISIT",12,"","","","",0,"missing"
"4","ARM","arm","Randomization arm","ZSCORE_FOR_EACH_VISIT",14,"","","","",0,"missing"
"869","MAGE","mage","Age of the woman in years","ZSCORE_FOR_EACH_VISIT",15,"","MAGE","","",0,"missing"
"852","GENDER","gender","baby’s gender","ZSCORE_FOR_EACH_VISIT",16,"","","","",0,"missing"
"851","GARVIDA","garvida","Including this pregnancy, number of times woman got pregnant","ZSCORE_FOR_EACH_VISIT",17,"","GRAVIDA","","",0,"missing"
"2","AGED","aged","aged","ZSCORE_FOR_EACH_VISIT",18,"Follow up month 1","AGEDAYS","","",0,"missing"
"9","BLENGTH","blength","blength","ZSCORE_FOR_EACH_VISIT",19,"","BIRTHLEN","","",0,"missing"
"848","DOV0","dov0","dov0","ZSCORE_FOR_EACH_VISIT",20,"","","","",0,"missing"
"864","LENGTHVELOCITY","lengthVelocity","lengthVelocity","ZSCORE_FOR_EACH_VISIT",21,"","","","",0,"missing"
"10","BWEIGHT","bweight","bweight","ZSCORE_FOR_EACH_VISIT",22,"","BIRTHWT","","",0,"missing"
"1436","WEIGHTGAIN","weightgain","weightgain","ZSCORE_FOR_EACH_VISIT",23,"","","","",0,"missing"
"1437","WHZ","whz","Wasting (Weight for Height)","ZSCORE_FOR_EACH_VISIT",24,"Follow up month 1","R_WHZ","","",0,"missing"
"1431","WAST","wast","Wasting (Weight for Height)","ZSCORE_FOR_EACH_VISIT",25,"Follow up month 1","GFSTRESN","WASTING","Child",0,"missing"
"853","HAZ","haz","Stunting (Height for Age)","ZSCORE_FOR_EACH_VISIT",26,"Follow up month 1","R_HAZ","","",0,"missing"
"1426","STUN","stun","Stunting (Height for Age)","ZSCORE_FOR_EACH_VISIT",27,"Follow up month 1","GFSTRESN","STUNTING","Child",0,"missing"
"1432","WAZ","waz","Under-weight (Weight for Age)","ZSCORE_FOR_EACH_VISIT",28,"Follow up month 1","R_WAZ","","",0,"missing"
"1428","UNW","unw","Under-weight (Weight for Age)","ZSCORE_FOR_EACH_VISIT",29,"Follow up month 1","GFSTRESN","UNDRWT","Child",0,"missing"
"857","HCA","hca","Headcircumference-for-age-z-scores (HCA )","ZSCORE_FOR_EACH_VISIT",30,"Follow up month 1","R_HCAZ","","",0,"missing"
"858","HCAR","HCAr","not normal (Headcircumference-for-age-z-scores)","ZSCORE_FOR_EACH_VISIT",31,"Follow up month 1","GFSTRESN","ABHCAZ","Child",0,"missing"
"854","HAZ0","haz0","haz0","ZSCORE_FOR_EACH_VISIT",32,"","","","",0,"missing"
"855","HAZDEL","hazdel","hazdel","ZSCORE_FOR_EACH_VISIT",33,"","","","",0,"missing"
"1433","WAZ0","waz0","waz0","ZSCORE_FOR_EACH_VISIT",34,"","","","",0,"missing"
"1434","WAZDEL","wazdel","wazdel","ZSCORE_FOR_EACH_VISIT",35,"","","","",0,"missing"
"1438","WHZ0","whz0","whz0","ZSCORE_FOR_EACH_VISIT",36,"","","","",0,"missing"
"1439","WHZDEL","whzdel","whzdel","ZSCORE_FOR_EACH_VISIT",37,"","","","",0,"missing"
"1021","Q2 INFANTS_BLOOD_BIOMARKERS","q2","Date of infant blood collection - first time-point","INFANTS_BLOOD_BIOMARKERS",2,"","","","",0,"missing"
"1321","Q3 INFANTS_BLOOD_BIOMARKERS","q3","Specimen ID for infant blood - first time-point","INFANTS_BLOOD_BIOMARKERS",3,"","","","",0,"missing"
"1333","Q4","q4","Infant hemoglobin level - first time-point","INFANTS_BLOOD_BIOMARKERS",4,"","","","",0,"missing"
"1346","Q5 INFANTS_BLOOD_BIOMARKERS","q5","Infant ferritin level - first time-point","INFANTS_BLOOD_BIOMARKERS",5,"","","","",0,"missing"
"1373","Q6 INFANTS_BLOOD_BIOMARKERS","q6","Infant  transferin level - first time-point","INFANTS_BLOOD_BIOMARKERS",6,"","","","",0,"missing"
"1385","Q7","q7","Infant alpha(1)-acid glycoprotein level - first time-point","INFANTS_BLOOD_BIOMARKERS",7,"","","","",0,"missing"
"1396","Q8","q8","Infant C-Reactive protein level - first time-point","INFANTS_BLOOD_BIOMARKERS",8,"","","","",0,"missing"
"1409","Q9 INFANTS_BLOOD_BIOMARKERS","q9","Date of infant blood collection - second time-point","INFANTS_BLOOD_BIOMARKERS",9,"","","","",0,"missing"
"876","Q10","q10","Specimen ID for infant blood - second time-point","INFANTS_BLOOD_BIOMARKERS",10,"","","","",0,"missing"
"902","Q11 INFANTS_BLOOD_BIOMARKERS","q11","Infant hemoglobin level - second time-point","INFANTS_BLOOD_BIOMARKERS",11,"","","","",0,"missing"
"915","Q12 INFANTS_BLOOD_BIOMARKERS","q12","Infant ferritin level - second time-point","INFANTS_BLOOD_BIOMARKERS",12,"","","","",0,"missing"
"927","Q13 INFANTS_BLOOD_BIOMARKERS","q13","Infant  transferin level - second time-point","INFANTS_BLOOD_BIOMARKERS",13,"","","","",0,"missing"
"939","Q14 INFANTS_BLOOD_BIOMARKERS","q14","Infant alpha(1)-acid glycoprotein level - second time-point","INFANTS_BLOOD_BIOMARKERS",14,"","","","",0,"missing"
"951","Q15 INFANTS_BLOOD_BIOMARKERS","q15","Infant C-Rective protein level - second time-point","INFANTS_BLOOD_BIOMARKERS",15,"","","","",0,"missing"
