"agedays","fat_cutoff","protein_cutoff","carbohydrate_cutoff","kcal.l_cutoff","na_cutoff","mg_cutoff","p_cutoff","k_cutoff","ca_cutoff","cr_cutoff","fe_cutoff","cu_cutoff","zn_cutoff","mo_cutoff","as_cutoff","mn_cutoff","se_cutoff","g.tocopherol_cutoff","a.tocopherol_cutoff","vitamin.A_cutoff","b12_cutoff","tpp_cutoff","tmp_cutoff","t_cutoff","b1_cutoff","ribo_cutoff","fmn_cutoff","fad_cutoff","b2_cutoff","nam_cutoff","nad_cutoff","nmn_cutoff","nr_cutoff","b3_cutoff","nufa_cutoff","pa_cutoff","pl_cutoff","pm_cutoff","pn_cutoff","plp_cutoff","b6_cutoff","bio_cutoff","trp_cutoff"
11,-0.401243364891817,1.00945800955277,6.99660514694476,304.626352586784,208.689259385972,21.6953379164982,97.1356526012455,598.815426666298,235.102938830966,-44.1968362889943,-157.775472588165,-2323.66488639911,1349.0036863164,-14.8223556935538,-0.598414743064233,8.70107302212834,13.8367298174366,-0.385586974502173,-1.57558802814896,-0.0833372573886452,-146.575733639251,-5.18582495417811,43.2690009201589,-19.4224828455519,81.9937875210423,-274.334641532108,14.7323270665906,43.5347908338581,-175.431706320429,-129.707824857026,-586.833058461031,376.266802135855,-576.407884231788,453.614878693234,27.9609753092099,8.55306551698231,-154.776801142008,-1.51746994575541,-80.9093163957286,13.9733606920062,-200.691972962594,-8.4549648610267,8.39497998925094
12,-0.393394588153206,1.001862833672,6.99256883312578,305.027331035675,205.190501980305,21.7302195122629,97.1296952066342,595.617906945418,234.771410154335,-44.2156606445148,-157.812871571274,-2324.76200323365,1315.67265627247,-14.8364387231678,-0.598716044643713,8.48194349307733,13.7303173606601,-0.385458544537851,-1.57002983664342,-0.0827540957047367,-146.295121221813,-5.18335772573402,42.9576354862954,-19.2996375301876,81.878925499235,-274.243860697038,14.3459295347189,43.5221556690896,-175.385293720635,-129.318506213869,-584.655813954203,374.545625439964,-576.931414358911,453.525814164632,27.8627052394046,4.90846135473021,-154.764593452745,-1.51662384175263,-80.9296149621655,13.6774624395844,-200.711402831294,-8.46524021849386,8.04412166323868
13,-0.385546304277725,0.994268404989173,6.98853318191808,305.428290851978,201.692045814611,21.7651000044015,97.1237378147407,592.420781076309,234.439881469246,-44.2344850008266,-157.850270549919,-2325.85912008895,1282.34626039985,-14.8505217514726,-0.599017346228447,8.26284719126567,13.6239147946838,-0.385330114317721,-1.56447164620094,-0.0821709411040132,-146.014508830735,-5.18089049778025,42.6462700489151,-19.1767922159781,81.764063475205,-274.153079863685,13.9595907366931,43.5095204999681,-175.338881127577,-128.929187561862,-582.478569560211,372.824448817235,-577.454944546522,453.436749628301,27.7644351231501,1.26385282968113,-154.752385818328,-1.51577773771448,-80.9499135287047,13.3816096156721,-200.730832745642,-8.47551557689975,7.69326333828815
14,-0.377699270719123,0.986675888137597,6.98449922417921,305.829204117971,198.194360810576,21.7999776875409,97.1177804297915,589.224661663166,234.108352762581,-44.2533093591665,-157.887669517163,-2326.95623699755,1249.03170148259,-14.864604776415,-0.59931864782663,8.04383577606463,13.5175375304923,-0.385201683441105,-1.55891345847042,-0.0815878045454546,-145.733896506671,-5.17842327106775,42.3349046025257,-19.0539469047136,81.6492014454944,-274.06229903475,13.5734019236937,43.4968853197157,-175.292468551868,-128.539868887278,-580.301325454754,371.103272382461,-577.978474888071,453.347685072488,27.6661648882807,-2.38076685257238,-154.740178324519,-1.51493163358668,-80.9702120955061,13.0858728007996,-200.750262777053,-8.48579093770474,7.34240501611828
15,-0.369854311078813,0.979086552109441,6.98046808282834,306.230040594648,194.697959060314,21.8348507058711,97.1118230563904,586.030215998288,233.776824020059,-44.2721337208826,-157.925068465452,-2328.05335399492,1215.73682445789,-14.8786877957561,-0.59961994944719,7.82496551487849,13.411202359116,-0.38507325147111,-1.55335527524718,-0.0810046979569885,-145.45328429385,-5.17595604641266,42.0235391411409,-18.9311015983429,81.5343394063364,-273.971518213181,13.1874624762347,43.4842501209484,-175.246056005092,-128.150550175171,-578.124081829249,369.382096260847,-578.502005485248,453.258620484432,27.5678944562005,-6.02540509433584,-154.727971064808,-1.51408552931023,-80.9905106627437,12.790328863502,-200.769693003386,-8.49606630249965,6.99154669861184
16,-0.362012248958192,0.971501665896866,6.97644088078459,306.630770043003,191.203352655937,21.8697172035823,97.1058656991411,582.838111373973,233.445295227399,-44.290958087323,-157.962467387229,-2329.15047111657,1182.46947426293,-14.8927708072569,-0.599921251099054,7.60629267511146,13.3049260715855,-0.384944817970841,-1.54779709832657,-0.0804216332665432,-145.172672236499,-5.17348882463111,41.7121736587746,-18.8082562988151,81.4194773539642,-273.880737401927,12.8018717748302,43.4716148962822,-175.199643498833,-127.761231410594,-575.946838875112,367.660920577596,-579.025536439747,453.169555851375,27.4696237483145,-9.67006929791296,-154.715764132681,-1.51323942482612,-81.0108092305918,12.4950546723143,-200.789123502502,-8.5063416728753,6.64068838765195
17,-0.354173907958665,0.963922498492036,6.97241874096713,307.031362224033,187.711053689559,21.9045753248645,97.0999083626472,579.649015082522,233.113766370321,-44.309782459836,-157.999866274939,-2330.24758839797,1149.23749583494,-14.9068538086784,-0.600222552791151,7.38787352416778,13.1987254589312,-0.384816382503404,-1.54223892950392,-0.0798386224020469,-144.892060378849,-5.17102160653923,41.4008081494407,-18.685411008079,81.3046152846111,-273.789956603935,12.4167291999943,43.4589796383332,-175.153231044675,-127.371912578601,-573.76959678376,365.939745457911,-579.549067853257,453.080491160555,27.3713526860271,-13.3147668656111,-154.703557621628,-1.51239332007534,-81.0311077992245,12.2001270957718,-200.80855435226,-8.5166170504225,6.28983008512193
18,-0.346340111681644,0.956350318887113,6.9684027862951,307.43178689873,184.221574253295,21.9394232139079,97.0939510515125,576.463594416233,232.782237434543,-44.3286068397697,-158.037265121028,-2331.34470587461,1116.0487341111,-14.9209367977816,-0.60052385453241,7.16976432945171,13.0926173121837,-0.384687944631906,-1.53668077057458,-0.0792556772914276,-144.611448765127,-5.16855439295315,41.0894426071529,-18.5625657280835,81.1897531945102,-273.699175822153,12.0321341322411,43.4463443397174,-175.106818654201,-126.982593664246,-571.592355746605,364.218571026996,-580.07259982747,452.991426399213,27.2730811907426,-16.9595051997367,-154.691351625139,-1.5115472149989,-81.051406368816,11.9056230024097,-200.827985630518,-8.52689243673207,5.93897179290491
19,-0.338511683728524,0.948786396074262,6.96439413968764,307.832013828091,180.735426439257,21.9742590149025,97.0879937703406,573.282516667406,232.450708405784,-44.3474312284723,-158.07466391794,-2332.44182358197,1082.91103402862,-14.9350197723275,-0.600825156331757,6.95202135836746,12.9866184223734,-0.384559503919453,-1.53112262333388,-0.0786728098626136,-144.330837439563,-5.166087184689,40.7780770259251,-18.4397204607777,81.0748910798948,-273.608395059529,11.6481859520846,43.4337089930507,-175.060406338994,-126.593274652582,-569.415115955067,362.497397410055,-580.596132464078,452.902361554589,27.1748091838663,-20.6042917025952,-154.6791462367,-1.51070110953777,-81.0717049395404,11.6116192607629,-200.847417415135,-8.53716783339481,5.58811351288364
20,-0.330689447700717,0.941231999045645,6.9603939240639,308.232012773109,177.253122339558,22.0090808720385,97.0820365237353,570.10644912834,232.119179269763,-44.3662556272919,-158.11206265812,-2333.53894155555,1049.83224052469,-14.9491027300771,-0.601126458198123,6.73470087831928,12.8807455805309,-0.38443105992915,-1.52556448957715,-0.0780900320435327,-144.050226446384,-5.16361998256292,40.4667113997711,-18.3168752081105,80.9600289369981,-273.517614319013,11.2649840400389,43.4210735909493,-175.01399411064,-126.203955528663,-567.23787760056,360.776224732289,-581.119665864773,452.813296613922,27.0765365868023,-24.2491337764914,-154.666941549802,-1.50985500363297,-81.0920035115718,11.3181927393669,-200.866849783972,-8.54744324200156,5.23725524694134
21,-0.322874227199623,0.933688396793425,6.95640326234303,308.63175349478,173.775174046313,22.043886929506,97.0760793163003,566.936059091334,231.787650012199,-44.3850800375767,-158.149461334012,-2334.63605983082,1016.82019853652,-14.9631856687915,-0.601427760140435,6.51785915671138,12.7750155776866,-0.384302612224103,-1.52000637109974,-0.0775073557621133,-143.76961582982,-5.16115278739104,40.1553457227048,-18.1940299720307,80.8451667620534,-273.42683360355,10.8826277766183,43.4084381260292,-174.96758198072,-125.814636277541,-565.0606408745,359.055053118904,-581.643200131244,452.724231564454,26.978263320955,-27.8940388237334,-154.654737657933,-1.50900889722548,-81.1123020850846,11.0254203067566,-200.886282814887,-8.55771866414311,4.88639699696114
22,-0.315066845826651,0.926156858309766,6.95242327744417,309.031205754097,170.302093651636,22.078675331495,97.0701221526392,563.772013848687,231.456120618812,-44.4039044606747,-158.186859938061,-2335.73317844327,983.882753001305,-14.9772685862316,-0.60172906216762,6.30155246094805,12.6694452048711,-0.384174160367419,-1.51444826969697,-0.0769247929462834,-143.489005634099,-5.15868559998948,39.8439799887399,-18.0711847544874,80.7303045512938,-273.33605291609,10.5012165423366,43.3958025909062,-174.92116996082,-125.425316884271,-562.883405968303,357.333882695103,-582.166735365185,452.635166393424,26.8799893077296,-31.5390142466258,-154.642534654581,-1.50816279025629,-81.1326006602528,10.7333788314672,-200.905716585739,-8.5679941014103,4.53553876482613
23,-0.307268127183203,0.918638652586832,6.94845509228647,309.430339312056,166.834393247639,22.1134442221957,97.0641650373558,560.6149806927,231.12459107532,-44.4227288979343,-158.224258462713,-2336.83029742839,951.027748856252,-14.9913514801586,-0.602030364288608,6.08583705843353,12.5640512531148,-0.384045703922203,-1.5088901871642,-0.0763423555239708,-143.208395903449,-5.15621842117439,39.5326141918904,-17.9483395574294,80.6154423009525,-273.245272259581,10.120849717708,43.3831669781966,-174.874758062523,-125.035997333906,-560.706173073385,355.612713586088,-582.690271668287,452.546101088071,26.7817144685304,-35.1840674474752,-154.630332633236,-1.50731668266641,-81.1528992372505,10.4421451820339,-200.925151174388,-8.57826955539392,4.1846805524192
24,-0.299478894870685,0.911135048616784,6.94449982978907,309.829123929651,163.372584926435,22.1481917457981,97.0582079750538,557.46562691567,230.793061367442,-44.4415533507035,-158.261656900411,-2337.92741682166,918.263031038554,-15.0054343483333,-0.602331666512327,5.870769216572,12.4588505134483,-0.383917242451562,-1.50333212529676,-0.0757600554231042,-142.9277866821,-5.15375125176188,39.22124832617,-17.8254943828058,80.5005800072629,-273.15449163697,9.74162668324657,43.3705312805162,-174.828346297412,-124.646677611501,-558.528942381162,353.891545917064,-583.21380914224,452.457035635636,26.6834387247617,-38.8292058285861,-154.618131687385,-1.50647057439682,-81.1731978162521,10.1517962269918,-200.944586658693,-8.58854502768481,3.83382236162367
25,-0.291699972490498,0.903647315391786,6.94055861287113,310.227529367876,159.91718078014,22.1829160464924,97.0522509703369,554.324619809897,230.461531480897,-44.4603778203305,-158.2990552436,-2339.02453665857,885.596444485415,-15.0195171885168,-0.602632968847705,5.65640520276774,12.3538597769021,-0.3837887755186,-1.49777408588998,-0.0751779045716111,-142.647178014279,-5.15128409256809,38.9098823855926,-17.7026492325653,80.385717666458,-273.063711051206,9.36364681946641,43.3578954904811,-174.781934677072,-124.257357702107,-556.35171408305,352.170379813234,-583.737347888736,452.367970023359,26.5851619978285,-42.4744367922667,-154.605931910519,-1.50562446538852,-81.1934963974315,9.86240883487612,-200.964023116513,-8.59882051987376,3.48296419432256
26,-0.283932183644052,0.896176721904002,6.93663256445178,310.625525387728,156.468692900866,22.2176152684686,97.0462940278088,551.192626667681,230.130001401405,-44.4792023081635,-158.336453484726,-2340.1216569746,853.035834134037,-15.0335999984701,-0.602934271303669,5.442801284425,12.2490958345066,-0.383660302686426,-1.49221607073921,-0.07459591489742,-142.366569944216,-5.14881694440916,38.598516364172,-17.579804108657,80.2708552747712,-272.972930505237,8.98700950688162,43.3452596007074,-174.735523213085,-123.868037590779,-554.174488370464,350.449215399801,-584.260888009467,452.27890423848,26.4868842091353,-46.1197677408218,-154.593733396125,-1.5047783555825,-81.213794980963,9.57405987422199,-200.983460625707,-8.60909603355161,3.13210605239897
27,-0.27617635193275,0.888724537145595,6.93272280745018,311.023081750199,153.027633380726,22.2522875559169,97.0403371520732,548.070314781321,229.798471114683,-44.4980268155506,-158.373851616232,-2341.21877780525,820.589044921618,-15.0476827759542,-0.603235573889149,5.23001372894798,12.1445754772924,-0.383531823518144,-1.48665808163978,-0.074014098328459,-142.08596251614,-5.14634980810122,38.287150255922,-17.4569590130298,80.1559928284357,-272.88215000201,8.61181412600626,43.332623603811,-174.689111917036,-123.47871726257,-551.997265434821,348.728052801969,-584.784429606124,452.189838268239,26.3886052800867,-49.7652060765568,-154.581536237692,-1.50393224491976,-81.2340935670207,9.28682621356455,-201.002899264135,-8.61937157030916,2.78124793773566
28,-0.268433300957994,0.881292030108727,6.92883046478546,311.420168216285,149.594514311834,22.2869310530274,97.0343803477338,544.958351443115,229.466940606452,-44.5168513438399,-158.411249630564,-2342.31589918599,788.263921785358,-15.0617655187302,-0.603536876613072,5.01809880374095,12.0403154962899,-0.38340333757686,-1.48110012038702,-0.0734324667926559,-141.805355774278,-5.14388268446038,37.9757840548565,-17.3341139476327,80.0411303236846,-272.791369544474,8.23816005735441,43.319987492408,-174.642700800508,-123.089396702535,-549.820045467536,347.006892144941,-585.307972780399,452.100772099876,26.2903251320872,-53.4107592017781,-154.569340528709,-1.50308613334129,-81.2543921557789,9.00078472143895,-201.022339109655,-8.62964713173722,2.43038985221619
29,-0.260703854321195,0.873880469785563,6.92495665937679,311.81675454698,146.169847786305,22.3215439039901,97.0284236193942,541.857403945365,229.13540986243,-44.5356758943797,-158.448647520167,-2343.41302115231,756.068309662464,-15.075848224559,-0.603838179484367,4.80711277620816,11.9363326825297,-0.383274844425681,-1.47554218877628,-0.072851032217939,-141.52474976286,-5.1414155743028,37.6644177549893,-17.2112689144145,79.9262677567512,-272.700589135577,7.86614668144013,43.3073512591144,-174.596289875085,-122.700075895725,-547.642828660026,345.285733553921,-585.831517633982,452.011705720631,26.1920436865413,-57.0564345187913,-154.557146362664,-1.50224002078809,-81.2746907474116,8.71601226638034,-201.041780240127,-8.63992271942661,2.07953179772335
30,-0.252988835623751,0.866491125168265,6.92110251414329,312.21281050328,142.75414589625,22.3561242529952,97.0224669716583,538.768139580367,228.803878868336,-44.5545004685181,-158.486045277485,-2344.5101437397,724.010053490127,-15.0899308912017,-0.604139482511962,4.59711191375381,11.8326438270423,-0.383146343627712,-1.4699842886029,-0.0722698065322365,-141.244144526113,-5.13894847844459,37.3530513503342,-17.0884239153242,79.8114051238688,-272.609808778266,7.49587337877755,43.2947148965462,-174.549879152351,-122.310754827196,-545.465615203706,343.564577154111,-586.355064268566,451.922639117744,26.0937608648541,-60.7022394299029,-154.544953833047,-1.50139390720115,-81.294989342093,8.4325857169239,-201.06122273341,-8.65019833496816,1.72867377614034
31,-0.24528906846707,0.859125265248996,6.91726915200413,312.608305846178,139.347920733784,22.3906702442327,97.0165104091297,535.691225640422,228.472347609889,-44.5733250676032,-158.523442894962,-2345.60726698364,692.096998205552,-15.1040135164192,-0.604440785704785,4.38815248378216,11.7292657208582,-0.383017834746059,-1.4644264216622,-0.0716888016634762,-140.963540108268,-5.13648139770189,37.041684834905,-16.9655789523108,79.6965424212705,-272.519028475491,7.12743952988076,43.2820783973194,-174.50346864389,-121.921433482,-543.288405289992,341.843423070717,-586.878612785842,451.833572278455,25.9954765884294,-64.3481813374192,-154.532763033346,-1.50054779252146,-81.3152879399974,8.15058194160478,-201.080666667363,-8.66047397995267,1.37781578935017
32,-0.237605376452556,0.85178415901992,6.91345769587844,313.00321033667,135.951684391021,22.4251800218928,97.0105539364122,532.62732941783,228.140816072808,-44.5921496929832,-158.560840365045,-2346.70439091963,660.33698874594,-15.1180960979726,-0.604742089071764,4.18029075369745,11.6262151550078,-0.382889317343829,-1.45886858974954,-0.0711080295395867,-140.682936553551,-5.13401433289084,36.7303182027157,-16.8427340273231,79.5816796451895,-272.428248230198,6.76094451526378,43.26944175405,-174.457058361284,-121.532111845191,-541.111199110301,340.12227142894,-587.4021632875,451.744505190004,25.8971907786724,-67.9942676436449,-154.52057405705,-1.49970167669002,-81.3355865412988,7.8700778089581,-201.100112119846,-8.67074965597096,1.02695783923582
33,-0.229938583181613,0.8444690754732,6.90966926868537,313.397493735749,132.565948960074,22.4596517301655,97.0045975581093,529.577118204888,227.809284242812,-44.6109743460063,-158.598237680176,-2347.80151558313,628.73787004849,-15.1321786336229,-0.605043392621828,3.97358299090391,11.5235089205217,-0.382760790984127,-1.45331079466024,-0.0705275020884956,-140.402333906193,-5.13154728482755,36.4189514477799,-16.7198891423102,79.4668167918591,-272.337468045336,6.39648771544077,43.2568049593542,-174.410648316119,-121.142789901823,-538.933996856047,338.401122353984,-587.925715875233,451.655437839631,25.7989033569877,-71.6405057508882,-154.508386997647,-1.49885555964783,-81.3558851461714,7.59115018751906,-201.119559168718,-8.68102536461384,0.676099927680752
34,-0.222289512255647,0.837181283600998,6.90590499334407,313.791125804412,129.191226533056,22.4940835132411,96.9986412788249,526.541259293897,227.477752105621,-44.6297990280205,-158.635634832802,-2348.89864100964,597.307487050401,-15.1462611211312,-0.605344696363905,3.76808546280578,11.4211638084304,-0.38263225523006,-1.44775303818965,-0.0699472312381313,-140.121732210421,-5.12908025432818,36.1075845641115,-16.5970442992209,79.3519538575126,-272.246687923854,6.03416851092576,43.2441680058477,-174.364238519977,-120.753467636949,-536.756798718648,336.679975971053,-588.449270650733,451.566370214576,25.7006142447796,-75.286903061452,-154.496201948627,-1.49800944133587,-81.3761837547894,7.31387594582278,-201.139007891837,-8.69130110747213,0.325242056567618
35,-0.214658987276063,0.82992205239548,6.90216599277368,314.184076303651,125.828029202081,22.5284735153095,96.9926851031626,523.520419977156,227.146219646952,-44.6486237403742,-158.673031815367,-2349.99576723465,566.053684688879,-15.1603435582583,-0.605646000306923,3.56385443680732,11.3191966097644,-0.382503709644733,-1.4421953221331,-0.0693672289164218,-139.841131510464,-5.12661324220883,35.7962175457245,-16.4741995000041,79.237090838383,-272.155907868698,5.67408628223289,43.2315308861468,-174.317828984442,-120.364145035622,-534.579604889517,334.958832405351,-588.972827715689,451.477302302079,25.6023233634527,-78.9334669776445,-154.484019003477,-1.49716332169514,-81.3964823673269,7.03833195240444,-201.158458367064,-8.70157688613664,-0.0256157722205899
36,-0.207047831844266,0.822692650848806,6.89845338989336,314.576314994463,122.476869059262,22.5628198805608,96.9867290357261,520.515267546964,226.814686852525,-44.6674484844154,-158.710428620315,-2351.09289429364,534.984307901121,-15.1744259427654,-0.605947304459811,3.36094618031274,11.2176241155541,-0.382375153791252,-1.43663764828592,-0.0687875070512952,-139.560531850551,-5.12414624928565,35.4848503866325,-16.3513547466089,79.1222277307037,-272.065127882817,5.31634040987617,43.2188935928674,-174.271419721099,-119.974822082897,-532.402415560073,333.23769178208,-589.496387171794,451.38823408938,25.5040306344118,-82.5802049017702,-154.471838255687,-1.49631720066663,-81.4167809839582,6.76459507579916,-201.177910672257,-8.7118527021982,-0.376473556800079
37,-0.199456869561658,0.815494347953141,6.89476830762224,314.967811637841,119.138258196714,22.5971207531852,96.9807730811191,517.52646929562,226.48315370806,-44.6862732614922,-158.747825240091,-2352.1900222221,504.107201624327,-15.1885082724135,-0.606248608831495,3.1594169607263,11.1164631168302,-0.382246587232724,-1.43108001844347,-0.0682080775706796,-139.27993327491,-5.12167927637477,35.1734830808495,-16.2285100409841,79.0073645307078,-271.974347969159,4.96103027436971,43.2062561186256,-174.22501074153,-119.585498763826,-530.225230921731,331.516554226445,-590.01994912074,451.299165563719,25.4057359790613,-86.2271242361358,-154.459659798745,-1.49547107819135,-81.4370796048573,6.4927421845421,-201.197364885275,-8.7221285572476,-0.727331295288536
38,-0.191886924029646,0.808328412700648,6.89111186887947,315.358535994781,115.812708706549,22.6313742773728,96.9748172439454,514.554692515423,226.151620199274,-44.7050980729529,-158.785221667141,-2353.28715105551,473.430210795695,-15.2025905449635,-0.606549913430906,2.95932304545222,11.015730404623,-0.382118009532254,-1.42552243440107,-0.0676289524025032,-138.999335827771,-5.11921232429232,34.8621156223892,-16.1056653850787,78.8925012346287,-271.883568130673,4.6082552562276,43.1936184560373,-174.178602057319,-119.196175063464,-528.048051165906,329.795419863648,-590.543513664217,451.210096712336,25.3074393188061,-89.8742323830475,-154.44748372614,-1.49462495421028,-81.4573782301985,6.22285014716841,-201.216821083978,-8.73240445287568,-1.07818898580251
39,-0.184338818849636,0.80119611408349,6.8874851965842,315.748457826276,112.500732680881,22.6655785973136,96.9688615288087,511.600604498674,225.820086311888,-44.7239229201456,-158.822617893909,-2354.38428082936,442.961180352432,-15.2166727581764,-0.60685121826697,2.76072070189475,10.9154427699631,-0.381989420252948,-1.41996489795406,-0.067050143474694,-138.718739553361,-5.11674539385444,34.5507480052655,-15.9828207808417,78.7776378386994,-271.792788370305,4.25811473596395,43.1809805977186,-174.132193680051,-118.806850966863,-525.870876484013,328.074288818892,-591.067080903917,451.121027522471,25.2091405750504,-93.5215367448118,-154.435310131361,-1.49377882866442,-81.4776768601559,5.95499583221328,-201.236279346225,-8.74268039067323,-1.42904662645901
40,-0.176813377623028,0.79409872109383,6.88388941365558,316.137546893322,109.202842211823,22.6997318571978,96.9629059403126,508.66487253767,225.488552031619,-44.7427478044185,-158.860013912839,-2355.48141157913,412.707955231733,-15.2307549098134,-0.607152523348617,2.56366619745814,10.815617003881,-0.381860818957913,-1.41440741089779,-0.0664716627151802,-138.43814449591,-5.11427848587724,34.2393802234923,-15.8599762302218,78.6627743391533,-271.702008691005,3.91070809409281,43.1683425362855,-174.085785621308,-118.417526459078,-523.693707067471,326.353161217383,-591.590650941532,451.031957981365,25.110839669199,-97.1690447237324,-154.423139107896,-1.49293270149476,-81.4979754949036,5.68925610821183,-201.255739749876,-8.7529563722311,-1.77990421537504
41,-0.169311423951231,0.787037502723831,6.88032564301275,316.525772956913,105.91954939149,22.7338322012155,96.9569504830608,505.748163924712,225.157017344188,-44.7615727271196,-158.897409716376,-2356.57854334031,382.678380370801,-15.2448369976353,-0.607453828684774,2.3682157995466,10.7162698974072,-0.381732205210254,-1.40884997502758,-0.0658935220518897,-138.157550699645,-5.11181160117686,33.9280122710832,-15.7371317351682,78.5479107322236,-271.61122909572,3.56613471112827,43.155704264354,-174.039377892675,-118.028201525162,-521.516543107693,324.632037184322,-592.114223878752,450.942888076257,25.0125365226567,-100.816763722118,-154.410970749235,-1.49208657264229,-81.5182741346159,5.42570784369923,-201.275202372788,-8.76323239914007,-2.13076175066715
42,-0.161833781435649,0.780013727965657,6.87679500757485,316.913105778044,102.651366311995,22.7678777735567,96.9509951616571,502.851145952098,224.825482235312,-44.7803976895972,-158.934805296965,-2357.67567614838,352.880300706836,-15.2589190194033,-0.607755134284369,2.1744257755644,10.6174182415722,-0.381603578573077,-1.40329259213878,-0.0653157334127509,-137.876958208796,-5.10934474056944,33.6166441420523,-15.6142872976297,78.4330470141433,-271.520449587398,3.22449396758443,43.1430657745401,-173.992970505735,-117.638876150168,-519.339384796097,322.910916844914,-592.63779981727,450.853817794386,24.9142310568276,-104.464701142271,-154.398805148865,-1.49124044204802,-81.5385727794668,5.16442790721062,-201.294667292822,-8.77350847299098,-2.48161923045279
43,-0.154381273677685,0.773028665811471,6.87329863026104,317.29951511771,99.3988050654504,22.8018667184116,96.9450399807052,499.974485912128,224.493946690712,-44.7992226931995,-158.972200647052,-2358.77281003884,323.321561177038,-15.2730009728783,-0.608056440156332,1.98235239291576,10.5190788274065,-0.381474938609489,-1.39773526402672,-0.0647383087256916,-137.596367067592,-5.10687790487111,33.3052758304132,-15.4914429195553,78.318183181146,-271.429670168988,2.88588524397536,43.1304270594599,-173.946563472072,-117.249550319149,-517.162232324097,321.189800324361,-593.161378858777,450.764747122994,24.8159231931165,-108.1128643865,-154.386642400277,-1.49039430965293,-81.5588714296306,4.90549316728117,-201.314134587837,-8.78378459537463,-2.83247665284864
44,-0.146954724278746,0.766083585253436,6.86983763399046,317.684970736905,96.1623777439709,22.8357971799703,96.9390849448087,497.118851097101,224.162410696105,-44.8180477392745,-159.00959575908,-2359.86994504716,294.010006718609,-15.2870828558213,-0.608357746309589,1.79205191900493,10.4212684459405,-0.381346284882595,-1.39217799248674,-0.0641612599186401,-137.315777320259,-5.10441109489799,32.9939073301799,-15.3685986028938,78.2033192294645,-271.338890843437,2.55040792081514,43.1177881117293,-173.90015680327,-116.860224017161,-514.985085883111,319.468687747868,-593.684961104963,450.67567604932,24.7176128529285,-111.761260857113,-154.374482596957,-1.48954817539802,-81.5791700852815,4.64898049244602,-201.333604335692,-8.79406076788183,-3.18333401597124
45,-0.139554956840236,0.759179755283715,6.86641314168226,318.069442396623,92.9425964396696,22.8696673024228,96.9331300585714,494.284908799317,223.830874237212,-44.8368728291705,-159.046990625494,-2360.96708120883,264.953482268749,-15.3011646659934,-0.60865905275307,1.60358062123614,10.3240038882049,-0.381217616955501,-1.38662077931418,-0.0635845989195245,-137.035189011029,-5.10194431146623,32.6825386353662,-15.2457543495943,78.0884551553324,-271.248111613693,2.21816137861785,43.1051489239645,-173.853750510912,-116.470897229255,-512.807945664554,317.747579240637,-594.208546657521,450.586604560605,24.6192999576674,-115.409897956411,-154.362325832395,-1.48870203922428,-81.5994687465935,4.39496675124031,-201.353076614246,-8.80433699210342,-3.53419131793817
46,0.306895437846634,0.381995395052889,6.45438155747732,379.950498286827,-742.043318854684,23.7299952029077,97.713362525311,332.245699808062,101.634070530835,-8.04422634980034,-47.3504130725143,199.441685128466,239.255750204507,-12.3836138008696,0.0574752472813703,4.79979070559717,3.67673893463381,0.473551354935058,-0.670713087256137,0.143014034731056,-380.777235455073,-0.415443538255936,-46.5059626900422,29.0701831957176,22.903894362825,82.2203097429188,-0.118871905596318,111.627271129209,192.513706650684,-699.997127928006,1336.80191587143,-348.901966516884,-1758.83309097538,51.4981938317212,156.006988804355,2703.75091998369,52.4152574294245,-2.42346137710259,3.43820123972816,2.81459600697858,58.1147908099955,5.25139071033264,-1667.78084238961
47,0.140077080304754,0.448426489505439,6.37568242455075,376.256135671951,-605.976780051629,23.1886219820418,96.6103820957248,379.597510006083,136.891083562931,-3.64610825330332,9.52192261296221,216.974040772267,511.54566804024,-10.1390812986791,0.0574671968071858,4.31935881441993,4.90658251093739,0.277817815898318,-0.1756827611849,0.154466665811135,-309.88528918058,-4.62595933331037,-49.2253445793509,-33.9955367956293,48.0896064000508,-318.752017863132,-2.73505588126975,96.5798996251914,-205.113028696346,-550.077574098917,-204.155571029184,-342.241601077046,-1467.51047310909,248.275997072984,-39.8470521535451,2331.6149536695,-108.909603608959,-1.95820552201186,3.58954385348515,4.49961766826194,-88.6505820885101,3.36309484069302,-1368.64610275952
48,0.497030042268495,0.542328759939401,6.48760913095463,404.214879645872,-460.974623525834,25.2102732242279,102.845865760867,393.950481621987,165.588042326982,-0.668822991841058,33.4054375105413,199.053794716794,688.364786638782,-7.84956277964525,0.0574907402796537,4.32596955996983,6.84078247294051,0.229962233081783,-0.308951482688524,0.0491154136679407,-210.850311417928,-3.32143736836006,-18.5214851366526,-19.3700379139261,68.6251653014416,-251.358930983869,1.35115239774481,103.784248206059,-135.812681219448,-431.325633362278,-421.04521020803,-138.280460745004,-1176.07860848679,321.153021410378,4.24660171200219,-624.634226032946,-154.854992379798,-1.5592751446016,3.71286497413807,6.6464332644703,-132.863679383794,-7.67258951892227,-1104.77266332072
49,0.658336226321078,0.582809575953567,6.58330967870188,410.523779143069,-372.617266893505,23.6067650508266,102.734035278336,422.016192772412,167.723633540798,-4.6349160092372,40.0226886745084,154.012627695662,782.427665650396,-8.57143362661993,0.057403632778457,2.98979846181163,7.74899217744509,0.213272089539114,0.0354308374630916,0.090419321604249,-150.141911285033,-3.14124698664571,-17.4167859289848,-12.0761401751792,69.7841136386257,-272.977526348948,-0.520648269166777,102.393872307877,-157.91744684486,-356.824324078931,-314.735428585149,-17.8374712940695,-1001.3997730871,471.093114302446,34.4965002517413,-166.323090265169,-128.317392819782,-1.32950766657806,3.78033042833326,6.98484003626281,-108.747833731694,-5.88162878074636,-914.11199219278
50,0.830010436459583,0.621847120868135,6.63921447558357,424.148685980976,-314.422640321381,23.248222142657,101.538204069615,432.082600889183,176.502203561622,-5.69464601449431,-23.022437879953,172.607044275664,-0.462950868657572,-7.57544065558202,0.0572359096961886,-2.29202526657971,8.44240161222872,0.0812819871159207,0.0720199050921515,0.114506622870903,-137.110700293463,-2.94351585578494,-71.9572642795276,-32.2690037209779,-35.4494425758258,-413.545676771937,0.176314661419269,21.0748220028082,-304.388416527922,-364.111205489912,-191.079358493334,-400.492647996202,-1005.84583179309,66.5313528896518,8.93391842415224,-5015.19932400405,-121.075756892667,-1.17050479512209,3.51593733083933,3.38539657425131,-101.680972828325,-26.6004061068605,-762.604861555089
51,0.949017436190875,0.445871289960179,6.68799532791484,430.400529771214,-273.219477868057,23.5319107130065,101.467810195046,443.297991386122,187.153778830286,-3.98827955601484,1.81925095260556,177.320395640671,49.9959997658511,-6.79151977538061,0.0570109750231161,-1.94937755387837,8.91522098314261,0.125350381969293,0.387344226180841,0.0652459970603337,-112.771024107026,-2.49612245610812,-63.6623724359567,-33.2424524421004,-19.8839545052472,-382.138133347397,-1.87113879922048,31.2752070730012,-277.530577797867,-318.076465990611,-113.733896796313,-345.247021867285,-1023.49608284998,94.1875576767304,59.0592932941008,-4550.97634943677,-107.855151888608,-1.04240115420244,3.54928959714243,3.60513387756018,-89.2919438858071,-24.7825198157684,-653.315021845841
52,0.175474492106631,0.503903502062555,6.7544397285478,349.675384405395,-200.220728115179,24.1722361066954,101.584250505621,452.476295222731,196.612070524058,-4.6229651525084,-12.6215608369955,197.378308925687,279.291708720499,-64.3663393880431,0.0568344543997544,-1.06793012104866,2.4398458767574,0.133744861229706,0.442600710538732,0.0751228965898851,-121.985586468719,-2.37463942214848,-45.4175004671599,-29.5653007854986,2.96895583125109,-320.22540623888,-0.457826521770315,34.1214780462568,-216.346309582349,-255.718595440735,51.2437108619347,-165.208558895097,-858.337933288468,244.384220383504,109.815890304609,-3026.83199451225,-75.8976314760558,-0.841331120208056,3.62826385959314,6.09035240285531,-57.3816293213337,-20.4691995248373,-509.910996033995
53,0.155948968627274,0.543662538741924,6.79680572811623,346.794108192861,-162.610013197443,23.8827321111318,104.316589502714,454.752122877219,202.69659307198,-3.12249644361507,-79.4084569735397,162.515172377335,387.098913876203,-57.8407992663012,0.0566066060263037,-1.10394662565672,3.57620028033281,-0.0351238369364784,0.321898061242358,0.0259133279984384,-110.316555224059,-2.35010219595477,-29.4908771293725,-27.2337850623635,17.0019468409968,-283.349938183901,-4.20548857545773,44.082062524283,-180.492306070832,-226.140734676734,14.2950288499724,-134.531842743028,-776.184719195205,226.433147647862,112.433914820277,-2706.11841789214,-64.8267586660747,-0.981976915964835,3.6743035977795,0.356207807525223,-48.1327570283331,-18.3601552207303,-425.4451984605
54,0.04351627058896,0.591787256356363,6.81253829084066,337.277147405071,-120.39887443844,23.3966256671589,107.284715345109,465.002148015865,209.284768948198,-1.38246524235061,-64.9380561346032,180.038932922855,503.561347406221,-50.1613454220303,-0.0481694637084338,-0.509670116977701,4.4425740967443,-0.414302515663116,-1.05884876499856,-0.01809726811254,-83.9494464631804,-5.9500048608048,-18.9808664134387,-21.4466453027918,28.210211554051,-244.908141830411,-4.77599665900497,41.4228652966539,-150.461074060005,-197.71385326822,209.186531945263,-160.206380622374,-655.096566196938,316.022816603844,131.84531201909,-1859.70400289529,-55.378612695955,-0.792902211710781,3.71846573436388,0.684194502183789,-38.8322285304642,-14.8877041578517,-330.923870686156
55,0.0795573674355836,0.608217660309305,6.82122040332416,340.49736551597,-101.470841459929,23.0309720353556,108.139317177397,467.434623705083,211.096339768927,-0.416798957240481,-50.6427445174045,181.993995835205,518.837636936898,-46.7804842068587,-0.0414890038962597,-0.399254103183009,4.87498126983022,-0.411277929905038,-0.99527266460565,-0.0182002270243209,-70.8065184346283,-5.47446497668415,-12.5859993473119,-18.932760934547,32.9251255228274,-247.712735269994,-3.84626940013061,42.8769121617304,-152.404144906718,-164.710056651416,321.693743870484,-138.265816306545,-608.147662961702,377.282001849134,98.6076197388392,-1968.44674932206,-81.2372987487486,-0.754237730704701,3.73383315792847,0.859361686370399,-67.2014817442399,-13.6861960647009,-287.371742115909
56,0.115157859093615,0.622407330718722,6.82525558304183,341.604464055442,-89.576249692643,23.4707990635767,107.278438953876,455.763077233767,210.362078013643,0.29371408782113,-44.9011404927952,177.19781776044,537.541700644814,-44.0133320231631,-0.036007257591477,-0.298156667236936,5.40072195212486,-0.364488554237095,-0.963843194668372,-0.0208248316277854,-61.8400803342474,-5.27127730575037,-9.24977715390432,-17.5774152616005,38.5916991163759,-227.510966331869,-3.32156347988157,39.663619042455,-132.104559684148,-144.807087983971,233.614124356883,-71.6475161214958,-624.566212894593,385.664467381427,129.479945380325,-1583.17094144238,-73.657581045704,-0.711983001198116,3.74082473197418,0.230979094126585,-59.0973106278024,-12.0904793908882,-247.476441753374
57,0.240198640833788,0.637576895842607,6.84696437323476,353.120488744448,-64.2670178250691,23.8475097001455,108.296722132482,453.833276124981,217.322934021802,1.36878472471553,-38.5264779427863,180.447373663,540.834703035014,-39.5999990150874,-0.0272122540760194,-0.0425321958022913,6.0013641248338,-0.285416581817546,-0.700581023975033,-0.0120566820906918,-68.5921083303286,-4.60065900233301,0.82958645183416,-17.1550884449928,49.57204583895,-206.844807994634,-3.4595824088545,39.033713235097,-111.836030171783,-112.742029537083,265.728313815924,12.2502297951123,-726.372766473402,403.142230629112,66.1781703724871,-1055.86278927662,-115.401684793013,-0.611849979566548,1.32358965778369,0.816734958236349,-101.804651487139,-9.87595616452673,-186.311451580923
58,0.240265502063076,0.639967018501851,6.84340402785601,353.842213743074,-59.1122489266532,23.8620623431518,105.614925123594,451.126917755679,215.616207004902,1.68176685935953,-30.6893105683013,181.416655511756,507.193767595012,-38.3948710211042,-0.0250155385558336,-0.155588757297439,6.17791982272608,-0.251538688351979,-0.58649692701498,-0.0111290069648016,-61.5318797132591,-4.43454756889066,3.54234797336224,-16.1687952234451,50.5862655883452,-199.947196881828,-3.39024953702758,40.1114340226713,-106.509623096098,-102.971961466825,211.532516635797,41.0416726503361,-702.014471463627,413.16059930622,76.0846972681859,-980.927259420497,-110.905103687348,-0.58098496943454,1.38714987352127,0.942401836372433,-97.5458981188505,-9.48671404382431,-171.037759026355
59,0.275755178552803,0.634491328460213,6.84550642589631,356.65161569903,-58.5570067747124,23.9456033003527,105.32057080138,449.930952923224,216.002310282837,1.86201525556009,-26.6371484887736,182.166537310402,499.332754764445,-37.8344317975653,-0.0241459450499425,-0.275484433783932,6.21514947541578,-0.247436772166767,-0.595273161282414,-0.00392848885946873,-59.7165169599981,-4.32298718314872,5.13734778789143,-15.6049007658031,52.0645360707214,-205.043060744663,-3.4173002693219,42.1400202953862,-111.703117165993,-102.4544260317,244.083873576115,47.9919494272785,-696.99587167343,407.123683071206,80.9983682924509,-886.460375475656,-108.560650661528,-0.563075935934959,1.40632599389878,0.749839583138815,-95.4031102315231,-9.27116072942304,-163.420268917147
60,0.271529848320935,0.627484745080812,6.83882288362334,355.064652655294,-47.2476542640079,24.3244843460313,103.77221731981,450.65345696844,215.466098982933,2.4308846880203,-29.6195634617245,188.919292177496,512.485125021781,-35.5353551552566,-0.0197263266673644,-0.541723216367627,6.52394396724279,-0.238372572018681,-0.590287055889141,0.0138622624280205,-44.598552407259,-5.04619034648914,4.55255100772573,-12.9955533146382,54.2698895392542,-197.084949286017,-3.24840268980134,42.9340978127293,-103.489382267006,-87.3455808904414,-215.091155426437,51.1457835967847,-730.090906331014,390.942818864831,83.4796728130289,-622.574620754795,-105.947980361394,-0.664183903079517,1.09881909998062,-0.61312238975956,-94.023976223519,-8.31641378564003,-137.290333040134
61,0.271155487608739,0.626625918657049,6.83324439474949,354.009340724673,-45.7562486064299,23.644801194594,100.114140587956,440.926628914888,210.646159730237,2.67337186446001,-23.4943108620469,186.387078083275,461.731749127701,-34.6393230290508,-0.0181747954968594,-0.61681818980646,6.41547550697491,-0.23631350048234,-0.609942235472651,0.0172124687273079,-38.8261453526977,-4.93796687546968,7.28069923644034,-12.531088193592,56.4909415210976,-191.174830473322,-3.53787371292156,41.1355047011342,-98.3185968228139,-82.4081170423246,-191.31474577222,77.2386686284551,-700.949130314799,402.933623067885,94.7334619327548,-504.401384431064,-100.792757837944,-0.634770639675784,1.15111654447483,-0.568488425083441,-88.9835497197498,-7.84575978820864,-129.384700335564
62,0.30838428024671,0.624200935320484,6.83741145925247,356.669544951358,-42.2250198095572,23.4450368382731,100.91910031597,442.229245208025,209.222686934484,-2.25046907844364,-65.3427071970953,186.678809535981,236.054569514205,-33.5920756812396,-0.0163360044003197,-3.03456890212837,6.36264141812256,-0.258885416002831,-0.608220781967591,0.0239520703121731,-44.6069660121174,-4.77620712616693,8.8685605891221,-11.5329169966555,58.7842498043556,-191.949502409701,-4.15588005494297,29.0971986803389,-99.080456872965,-76.1433085050126,-190.893904931042,104.433743417033,-680.502081566622,412.658926860104,82.9676788294341,-407.167469698516,-95.1661650246702,-0.659355297276357,1.20278965944398,-0.635957421226845,-83.2725123938297,-7.47143921002882,-121.698637014385
63,0.320300453393211,0.630589515424608,6.82957783835975,356.165826641577,-36.0992818554554,23.6395044138013,102.022044009178,444.113780368485,210.710493346197,-1.80167117703248,-62.5443855075357,167.923829579655,254.643598713995,-32.2968563065531,-0.0139247066123072,-2.95420342297496,6.56684850827433,-0.249546610129837,-0.488275829705836,0.037327728193451,-39.3545393724523,-4.56560071192302,12.1064097789317,-9.60389169263945,61.1608710075925,-183.093270839045,-4.12937911621959,29.9579275253092,-92.5925465474797,-61.6139323521172,-142.870970306255,130.303799231084,-653.191766101725,435.724302166194,90.6317399259532,-261.429777572637,-87.9642531298854,-0.618758627197137,1.28947764575041,-1.1127519761631,-75.9520804659339,-6.89573918030806,-101.056248669849
64,0.309274067128861,0.638191820907752,6.83776227899739,355.597186512752,-28.9378041284535,23.5330179276334,101.781138454439,444.625200645991,213.062564533862,-17.7676404830897,-66.0104087259341,170.116490323441,221.674365142387,-30.8010766806401,-0.793971975597504,-2.83407375217148,6.65837472298357,-0.236677538696557,-0.587812143737557,0.0440872932348101,-45.0291838121213,-4.31646866718159,16.5571136431593,-7.81294863939365,64.8787017606871,-178.358955326889,-3.59339792731283,29.7184690949638,-86.5207100832826,-49.0251315193898,-102.140255934658,167.808619804047,-637.470918333611,465.138580161124,83.5402685277775,-126.06698434432,-79.353598197401,-0.712760506049205,1.39100903495272,-1.49049714474499,-67.5896714740304,-6.89020156859959,-79.7150459540685
65,0.34239333412574,0.630105216646328,6.789084535476,358.721288422146,-56.7725230856477,23.8658440771623,100.209931692056,441.022995436985,212.814123235077,-16.5128753576,-56.1171425391916,172.874073203072,229.258074933907,-28.805842533517,-0.760322730594868,-2.60610924278224,6.65627795492106,-0.405441189231236,-0.833092541502853,0.0601617145701655,-69.0049098627645,-5.79316739565412,13.5289923907856,-7.53004280269669,64.6097917776199,-180.364099016606,-3.77844179480072,27.3065317737644,-92.8067474544292,-42.918302308115,-538.893164376854,123.019072422709,-622.052470328167,454.072462550006,-7.54217837632041,-616.322969071001,-128.309730889184,-0.74993084401625,-16.916498110723,-1.75202234298275,-129.905214957469,-6.33709264201701,-92.6739458441622
66,0.335931491390426,0.609309733762232,6.79237573773777,357.025617402969,-54.1034229169658,23.4096136380347,99.9876135862717,429.366338752754,211.723456295661,-15.9447198052734,-51.3904281263674,174.207870203684,220.088607071265,-28.0663812390148,-0.741021308619805,-2.63567083280073,6.64073076477035,-0.415270902279764,-0.77740359669258,0.065411369660767,-67.9290202898014,-5.63317628787967,14.8361534011082,-8.26399714734219,64.9985129336503,-176.152646792458,-3.73197258681572,28.7919297359594,-89.6051163851054,-49.6601568310832,-493.198331281187,137.412024528178,-762.249017246853,362.790285894259,-4.62564435859463,-593.171840198401,-132.067894957673,-0.721640862183414,-16.4340900158598,-1.79266818850941,-132.410112113487,-6.13502729407143,-79.0049122985652
67,0.295824818742764,0.600532377965413,6.79187734304035,353.345462834077,-51.2534815039115,23.5115317472788,100.055722688062,429.381563329079,212.689807230759,-15.2880562532841,-47.4030666097174,175.945851650583,219.54717461112,-27.3771470735153,-0.72306476529158,-2.66677621771746,6.63013500379431,-0.510970234527251,-0.954299489713808,0.0626236883686089,-60.80395617844,-5.51290877053315,15.5578761932809,-7.72628474281331,66.2343128229417,-170.859826919928,-3.606408870673,30.3673466684702,-84.1088634036632,-49.2416890693486,-581.345315671321,146.492245207594,-751.594041988461,368.739539458753,0.31141966037444,-459.975974183119,-126.47757024367,-0.697467226978945,-15.9864686647157,-2.31416048110745,-126.413118165812,-5.84348119726183,-69.3202103665677
68,0.312499479398542,0.594903059483605,6.79360825943304,354.754656305574,-50.4993984955852,23.669934336522,100.409399628101,428.497447263823,212.472096673824,-14.9794066341645,-60.0640523243341,176.3384830362,219.362557389185,-26.9705108601194,-0.711867455540592,-2.7241925933313,6.62043562386666,-0.517135035853189,-0.973121390229371,0.0469190821606144,-82.3111718161211,-5.40619025529218,13.7691269600982,-7.43873279523598,66.3385694513396,-167.696863089136,-4.22085689744027,30.8005963441163,-80.3814790330126,-47.5212226347369,-538.749594449809,147.013067227773,-796.039188635876,356.865608793509,6.18677117970105,-389.55017433526,-123.062300335763,-0.67835269427889,-15.7111887582724,-2.39042780907176,-122.718225028348,-5.79430724554407,-71.4935983701398
69,0.315865459059791,0.595822352258893,6.79319826717549,355.147971899206,-48.9790441204445,23.8508351156703,100.667706088345,426.975079864397,213.154526577881,-14.4948827082903,-55.2320644275813,175.609717861777,218.251118975525,-26.4592925044059,-0.698485334817665,-2.75643908756901,6.68324638524163,-0.520767038220792,-0.927287776375533,0.0531731774787544,-75.4946864815705,-5.44474555721165,12.2859795614835,-6.60382290790422,66.4659659450178,-163.118043379019,-5.1179251095225,29.5191575693047,-76.1791993327718,-43.2021540415836,-561.939425409934,154.688774347877,-780.851287197207,364.279461496081,8.10125152844353,-346.112186507902,-119.025798844345,-0.657859427428421,-15.3806002273441,-2.36523984603279,-118.327109349294,-5.68935299555757,-64.1703632368091
70,0.279798595317211,0.597960415953709,6.79742833388856,352.619745829928,-45.7970043992488,23.8981707540653,101.304164584093,426.80725452206,213.566632596311,-13.6743772306677,-55.4793801967492,135.392631474938,212.690427227104,-25.5929861075803,-0.675895540175827,-2.74129348469619,6.80513734380591,-0.532271387530688,-1.32986129537863,0.0481695022909879,-73.3516148128218,-5.22888851111311,10.1749080365279,-10.0038074198963,58.3509524657956,-317.175385823981,-4.9664080213783,30.2577268751249,-229.661127024713,-38.2559069003466,-643.109784612673,149.85520213104,-749.115029957945,357.974171195535,-15.4543966304049,-1860.3462128373,-141.052067493075,-0.803484497379954,-14.8136941226025,-2.51294552916907,-139.10617332499,-13.5252329051619,-56.6994921791635
71,0.285861263179926,0.597617452950933,6.80060400678681,352.18749295364,-41.7698055386311,23.6825214202087,101.958806712316,425.266405080804,213.108532829726,-23.5413191341545,-162.744808572283,140.252177938576,221.056430276567,-24.7198022698043,-0.653054731173517,-3.19564982991762,6.8914453413933,-0.50427304171729,-1.19992190932742,0.0540465252048469,-88.2946235804311,-5.07614577877483,12.968664803068,-9.47559797323525,61.2847982072398,-305.295334214265,-4.90772903690514,32.645497080692,-217.883704727046,-35.4221661685506,-638.329939782708,165.024285845244,-780.615256514354,355.757337008049,-10.6261194344441,-1659.52188410174,-132.998475072274,-0.761574106256034,-14.2398393001169,-2.57461015629553,-130.468870066154,-12.8554928915342,-46.8260931040257
72,0.229802767157602,0.593007919571746,6.799921882157,346.808054670549,-40.2383371586813,23.7362773800477,100.652950317186,423.494737623071,210.533143855157,-25.1386528692309,-157.902851590131,141.235250721948,222.583396794494,-24.2545479263039,-0.640482086297214,-3.28976774075309,6.93106316993945,-0.519540910814259,-1.19221005721767,0.0555078747960824,-84.8911613481476,-5.04822677858913,14.1263482529156,-8.5027509260757,62.3695541728067,-299.456472905789,-4.83810887374502,34.4512494635069,-211.605078917283,-33.1298936796379,-605.967128002013,152.714073175389,-759.201897562655,368.899637293819,-8.90159321541626,-1685.68052984402,-129.09861576452,-0.743260008238764,-13.929380361249,-2.44633293823865,-126.326253003771,-12.3946363112371,-42.1274515646925
73,0.25322563208547,0.588218405900518,6.79477158241845,348.945234442346,-38.5968878192798,23.6207078669093,100.115527623983,420.480952961417,210.849676956877,-67.0951041618032,-164.568585828673,143.305434389203,210.499986434193,-23.7242542409761,-0.629007278798367,-3.28432112913574,6.96912079593378,-0.49419575043304,-1.13605879642575,0.0574041584613185,-101.136600314806,-4.96200093657265,14.624885535001,-11.7070123340626,61.7673681082456,-324.992757943171,-4.81204974200777,36.7521212977241,-235.830608147258,-28.2597944934158,-561.206212252438,144.302451424239,-744.715709388721,379.94173422248,0.637676386611929,-1548.7578473145,-137.637123706575,-0.76046289417203,-13.5856404801553,-2.34727430624838,-133.772233297171,-12.3201884087116,-34.9475432104928
74,0.277153700215952,0.582594804000139,6.79294006069552,350.876412122531,-39.331027048795,23.6450903842722,100.193830057027,419.501268501947,210.088656785348,-66.4239776523106,-161.505725259573,143.463393275875,201.149186570237,-23.5181836556947,-0.623481817372174,-3.34395429505232,6.9395043971603,-0.483237422659309,-1.08919889779057,0.0618510599556552,-99.7424428120361,-4.90774174871503,14.343000710058,-12.3182172544148,62.5598449016035,-321.639668225663,-5.82910982201966,36.8756933212911,-232.208734756629,-28.3634833009006,-550.354826529408,149.112205446622,-745.903600596213,387.90148069984,1.81430196925612,-1496.32326344337,-135.302659033015,-0.749490269931034,-13.4567389708925,-2.82100954508934,-131.36838203538,-12.1431222767264,-32.66004682495
75,0.281866862227709,0.55242538789859,6.7841376387712,350.576631271142,-42.9080201848568,23.4254995398641,98.9482797884815,418.284916955913,211.124138037052,-65.1281442127303,-161.937821726567,144.623037697388,183.272265293344,-23.0997979831034,-0.618102981902577,-3.35510604243835,6.52799306549819,-0.468038417045417,-1.0517622442529,0.0426564409663612,-111.490786341317,-4.80362287642615,14.3044847539375,-11.617011622748,63.7211006747576,-314.942332262313,-5.9521369816768,37.2984364396802,-225.543805320869,-23.4604548490799,-538.035228101531,145.390663514402,-738.129817788699,391.929638150274,7.86255218579754,-1438.17615583059,-132.61145396516,-0.784834488168459,-13.1891115128763,-3.13392624847126,-128.631097762904,-12.1023466377466,-30.4191384190923
76,0.286718184592654,0.551178278739368,6.78117710615041,350.59330716305,-48.6869432600755,23.5589309758887,98.6609097246803,415.975226212868,211.200891476978,-64.1096052657765,-156.899101864212,143.312476909961,173.064157914819,-22.7708648858259,-0.742284072518989,-3.38045676229218,6.53274817411609,-0.45545029554692,-1.02617971302,0.0492311238223139,-144.470843876203,-4.72847378379339,11.1436754702655,-10.807894344691,60.9717160607873,-326.475590602825,-6.58690461283449,37.2607596126096,-235.381294943056,-95.2139963795028,-519.886337699405,150.185116259373,-732.871146460415,377.390317617168,-14.8788247424924,-1356.91900045109,-222.6969876591,-1.88418999727765,-115.531556695733,-3.21546515765842,-301.241973387165,-11.9228763438894,-91.0975321798079
77,0.312217715741249,0.549952525841275,6.77719709252939,352.718252693207,-48.2674649171922,23.6732514265618,98.9088127118945,413.840867473842,211.031428316043,-63.1169188545547,-153.741490336206,140.33614795709,146.784879083173,-22.4575142729743,-0.732258971992733,-3.43216074736427,6.54683906152615,-0.44847404718837,-1.02140913630277,0.0514359083964464,-144.455918560923,-4.63243727757758,11.5770805968557,-11.3445963445769,61.3560347358532,-322.312798661046,-6.50081804551118,38.0698955182443,-231.1591329059,-122.046029666763,-502.465810771926,150.867005042548,-727.258620538408,385.319494224067,-22.7439692329737,-1290.34192469893,-218.46424398339,-1.85501924549901,-113.988995030251,-3.14414038979609,-295.671233482244,-12.416249178647,-98.2257176141636
78,0.317465881408372,0.545621569764352,6.77429898084758,352.699314987783,-49.0278968175879,23.7792955644086,99.1744098402606,412.440159027663,210.671563537357,-62.544857222182,-151.702001481104,140.809807466935,104.550318507092,-22.2803456093552,-0.726553225068195,-3.48616687083337,6.48892556896731,-0.442150513337183,-1.01295892790738,0.0514702557903505,-141.839324238658,-6.41939671899307,12.179724153909,-11.0090210110149,61.4268689970214,-319.099261271602,-6.59716138774742,38.0387525221438,-228.087763449377,-121.067625939429,-501.690110426199,138.738168918071,-722.813051898204,373.109482630378,-20.8396763482833,-1257.8362537737,-216.315612095656,-1.89497827215529,-113.100944423656,-3.22259001790968,-292.755104543271,-12.3231811188229,-97.8613812518003
79,0.334690075369878,0.545424549784766,6.76545265529132,353.523205798451,-47.7169796797338,24.0061637712201,99.2319687747477,411.333362241171,210.92248778583,-61.3065407839557,-156.306376173754,-3326.37971662811,-1026.98140083874,-21.8033772340178,-0.71198675910981,-3.49478352951066,6.52610058448779,-0.422422804918912,-0.952975838171404,0.0560947155934027,-133.669850573943,-6.25651925917739,12.7388055265625,-10.2235840158959,62.5413516310962,-320.533885763623,-6.53969657259093,38.9349336957567,-227.72225014352,-118.8461989212,-454.848035635799,148.999189105335,-717.288413487394,387.522660639253,-20.9407925244601,-1141.25416115754,-210.435490285859,-1.85173529428439,-110.82552854166,-3.24013037639452,-284.820912223816,-11.8853919249222,-96.1655492169986
80,0.354905697649059,0.54542158798786,6.76550640713057,355.143811109652,-47.2851817582533,24.1185831842072,99.3425161203841,411.794376588662,211.747189755138,-60.5190288981243,-156.076808743456,-3274.39058753022,-1010.05859678808,-21.4767336985842,-0.80980981512416,-3.54829276612355,6.50543696977953,-0.411043464676716,-0.894530636776111,0.057875709413743,-130.524385568563,-6.16099586757287,13.4450691604746,-9.45249160434103,63.6028643524061,-315.179374997163,-6.43986332612565,40.3348703352561,-222.143931519779,-112.622861385597,-453.643194214556,153.189236506592,-703.568068044035,399.757285556152,-16.2345147247534,-1067.56696750769,-206.083862817502,-1.81658415783949,-109.191544568818,-3.15383305018555,-279.156848173841,-11.8376913880318,-90.6821997582849
81,0.302475874091598,0.54073001926114,6.76649076508737,350.610185781157,-47.1949371148761,24.1523904250763,98.9790531416073,410.984473349152,212.01848675495,-59.6765264752777,-151.738004964489,-3232.95268674115,-996.788017207051,-21.2096757276269,-0.800119481495736,-3.63185737586852,6.47396797134604,-0.442203989400081,-1.01584398918952,0.0082408800060374,-128.48130342543,-6.35290129235957,14.525505679388,-8.93570447491773,64.6251009940595,-311.684629753031,-6.43464049975107,41.5288036677483,-218.650783333314,-110.793893785077,-427.905413497929,160.958430741406,-698.82971958048,408.9782436206,-15.383445481153,-1013.47229365139,-203.590772970765,-1.79442408161162,-108.148114157133,-3.29621726877085,-275.752840623044,-11.6294159241966,-86.6954658134432
82,0.307032327262514,0.540347485886632,6.76484613969003,351.035236199821,-47.0741444881371,23.9479629884409,99.0689247333879,410.159736464991,212.176221159634,-61.6337407483723,-149.78412476329,-3193.28043744196,-986.635537706518,-20.9539188375348,-0.79076717111008,-3.68078055286245,6.45353596526595,-0.430825669898879,-1.02055467222666,0.0092154116532035,-137.547187718798,-6.26800557128993,13.4757999326779,-10.0456374356872,65.4755441009708,-308.673047054753,-6.5243992483727,41.5372170920976,-215.698645860538,-108.780646855454,-423.424228930034,157.32001662466,-701.967495993335,416.13655862153,-10.5211948507819,-963.10995200017,-201.115236201525,-1.77026088829415,-106.878572752478,-3.30288341314531,-271.958448875146,-11.3413242113974,-83.4719864665093
83,0.339685411063517,0.539093130561112,6.76545337071649,353.884599847949,-47.1016288029733,24.0104765486785,99.115989660495,409.596570327057,212.250418830475,-60.8194576981237,-147.72874036533,-3154.67061528934,-983.153109298162,-20.706458193703,-0.781734243985336,-3.71325033494495,6.45422536903491,-0.418386709100503,-0.97001823637151,0.0138281005145663,-141.937815327756,-6.16854603170787,14.3676638000636,-9.78799441464997,65.7078699728161,-304.523344617688,-6.39138184180989,43.0655988124753,-211.467204004281,-107.310771271844,-423.235055579175,164.125916200117,-695.478901133371,415.741407684594,-7.83243303830739,-891.950097642622,-197.889456520589,-1.74275019328694,-105.653733619519,-3.31404783393462,-267.675800303399,-11.0705747754232,-84.6144791521446
84,0.346628150550894,0.536456752440881,6.76718399915135,354.038206080706,-47.1693055621874,24.0881549523283,99.0131884163415,407.403107902697,211.398290110829,-60.0912595062348,-144.441813455568,-3117.30355674125,-971.409688232233,-20.4858396987868,-0.773003468086791,-3.73388485328033,6.45017451389818,-0.40712767541493,-1.03765472842852,0.0143798958578598,-142.948232222805,-6.08509002870058,14.0904122367681,-9.23077896218332,66.2220915152279,-301.069945458949,-6.74000932628398,43.744818224446,-207.996542316758,-103.612572561296,-444.951545848691,171.144523282739,-686.743460875208,426.408840245054,-2.63772200654171,-868.389033078237,-194.705829225752,-1.71718587000179,-104.470039971574,-3.34235787280083,-263.509227331087,-11.8973958521775,-78.8598979656197
85,0.362098576201247,0.533752978655112,6.76888783694997,355.248586633742,-48.5492779252001,23.8304060126564,97.7480554967074,399.93565971825,208.06412746234,-59.6416009111809,-142.592623315712,-3096.13852252485,-972.167278755828,-20.3516809060906,-0.768023684999688,-3.85496630712284,6.32985211021645,-0.402793591686824,-1.01732062721336,0.0173791385367211,-139.820224065494,-6.05039428613654,13.6677607217405,-12.8230860637214,61.0358657636466,-298.714670418861,-7.0633574846759,44.2298288126002,-205.379534830509,-106.449255254474,-429.709337918158,170.803171790565,-691.087276780134,427.499754316075,-0.0893143885415384,-842.611667907299,-192.828668340963,-1.70786909099646,-103.786744552462,-3.59186432069962,-261.052013816909,-11.7664818363744,-77.0834346200642
86,0.3736516520287,0.531007487215607,6.76640265816577,356.189218163958,-49.7729880445849,23.8855386841371,97.90758470363,398.773442138526,207.685448381747,-59.3470343100324,-141.453338201949,-3082.49469867309,-975.396864346824,-20.2684816162526,-0.764859579783285,-3.90365601885031,6.2883364631734,-0.397740845719633,-0.990480413173394,0.0203952291535979,-137.802958446909,-6.00965884913422,13.7786089438206,-12.4247299627536,61.277494572051,-297.066093228601,-7.12253003954763,44.7880472295571,-203.69533381755,-105.181896002795,-415.355289868563,170.40060504322,-688.019820102808,427.520707148768,2.36060104056105,-818.602853003836,-191.424381573423,-1.69778783733577,-103.345564122324,-3.60410089126367,-259.298332464782,-11.6707441911429,-75.332899984968
87,0.37046850972613,0.526252300544118,6.76665351678662,355.761331137477,-50.9711499264511,23.958042968515,98.0128041135292,397.40295789007,207.392653555376,-59.0577098921004,-148.235882036392,-3069.13003717546,-978.563322626761,-20.1876805466372,-0.761738526619987,-3.95166898608327,6.25525482019096,-0.392178628132787,-0.969077668336452,0.0147224802636372,-136.092639028725,-5.98064536635033,13.9578986898468,-12.0438165303889,61.4893321064843,-295.551158502106,-7.14430478844105,45.0354691616779,-202.378513538412,-103.53084789115,-409.218756108323,171.628580898459,-685.728702955058,426.753523140641,0.408145266989209,-803.837594951124,-190.182714245561,-1.68739271409845,-102.909794251328,-3.64259020292086,-257.675728852457,-11.6087401096678,-73.374861066264
88,0.373477614827541,0.521561616305249,6.76748191913493,355.590981214827,-51.7289906127103,23.9355716187044,98.182812701341,396.39913197694,207.174613742468,-58.638626684214,-146.599363107026,-3048.89502364847,-978.170699211168,-20.0622544342829,-0.756985308320622,-3.98492165722556,6.22312277388855,-0.411538376988059,-0.999473507971939,0.0163039536862404,-133.91607156113,-5.93330862755986,12.5627039240809,-12.0330020505966,61.7266198893192,-293.085615571014,-7.51533703344746,45.819648914012,-199.990163657678,-103.10668384762,-393.754542432933,170.229243407269,-695.695906766291,429.633744215814,3.91797249950503,-765.372774889611,-188.032353804283,-1.67165849404022,-102.257440252963,-3.84104579464481,-255.024888743393,-11.7892799900967,-72.0790709310127
89,0.392509208532657,0.518567744782395,6.76999026574422,356.951075138559,-51.5491022411331,23.9245965066847,98.5138560585118,395.092685938602,207.574006542428,-57.8607471634548,-145.138528733269,-3008.44996808811,-962.087900335703,-19.8109989277988,-0.74745525475643,-4.0190872934465,6.22459020392143,-0.404647662528737,-1.04944676747027,0.0154207205885377,-140.313895218088,-5.90971367275718,12.7957477328283,-11.310080974108,62.6917752263017,-288.187855010245,-7.51069687541313,44.1234235293144,-194.938343979691,-108.294207594569,-551.354806471144,175.754387031745,-686.321528305484,400.567229241418,10.114388814857,-705.81709682144,-184.234911941759,-1.64236516972796,-100.969381881562,-3.92498411611059,-250.127110070693,-11.7593241197713,-66.7954811221442
90,0.391932906671371,0.525663506751593,6.78724546797325,355.974237623844,2.97220354878206,23.9415262554919,98.735296390139,396.8126965512,209.929023922247,-57.448279803549,-143.613594205434,-2989.29642138612,-953.734367366093,-19.6913455665445,-0.742952268886346,-4.04573687931012,6.37083096278853,-0.398868219520658,-1.03985675426752,0.0171264704652158,-138.745135666897,-5.91879743025592,14.4967627584505,-10.989539064731,64.0749154724572,-286.061147126115,-7.78667257936069,43.85238683303,-192.906085953553,-85.4495618254632,-563.108418287054,186.103122318338,-638.133189009959,418.553757262433,10.5128393254498,-688.779875778968,-182.955736420028,-1.59678829472431,-100.353667388313,-4.01096001184482,-248.228670420673,-11.6818031609206,14.0641751225586
91,0.402576088649156,0.522718513388682,6.78711667841361,356.785377518961,1.19316998205633,23.9905926530277,98.7269634798128,395.932399054842,209.58814044747,-57.3279843264585,-142.821833936996,-2983.68550299911,-960.284690417234,-19.6615714391157,-0.741677974747997,-4.08378947305969,6.32318198281823,-0.396448580377886,-1.02837226138201,0.0160985921263846,-138.195001659887,-5.89910511693865,14.4364317955494,-10.7330414344081,64.1661077027752,-285.312206231051,-7.82809159788036,44.0227470506186,-192.122094357188,-84.0933210387606,-555.246074877632,186.223048216799,-636.157587154042,420.574200519296,9.54069583339219,-678.135415171505,-182.300464604784,-1.59134515367527,-100.16448723886,-4.03450321945864,-247.441076470009,-11.6699890627603,14.5105759266002
92,0.391808294112002,0.521361679774156,6.78717484325234,355.642820968022,0.496136861245589,24.1060771954706,98.5275343680277,395.83551757537,209.788110569588,-56.6517989742903,-147.032334875806,-2952.02481941512,-950.998153263366,-19.4677918898957,-0.753449553915248,-4.1327983009674,6.31340328820319,-0.388140706679587,-1.01444100340659,0.00344677179445874,-134.250458197079,-5.82301794848312,14.1524681654386,-10.21467741408,64.7674712814687,-281.863781310167,-7.81496761043929,42.9136976395383,-188.182737549178,-80.2111829692145,-536.217292298951,186.627171204812,-631.166882774198,430.211541916849,12.3371663524997,-634.940660361039,-179.284112924198,-1.5859513634134,-99.1560167710768,-4.06600280745826,-243.622020844046,-11.4680649718652,16.493633539623
93,0.404758041494612,0.51750973614334,6.78684752731066,356.608485617963,-0.938727151591223,24.1735434052527,98.5835670898797,394.890696027961,209.790283147058,-56.3988755815559,-147.533702134324,-2940.32933547948,-950.789433769778,-19.397811690801,-0.750651098753095,-4.15988083629576,6.25032393860165,-0.384498765055391,-0.988548979779298,0.00572370690684243,-132.46595401411,-5.79361156268222,14.3187807463458,-9.8662757465895,65.0379144672693,-280.308453877756,-7.83491001143937,42.9653100302081,-186.593841649971,-79.5942434010787,-526.738977910484,188.886117013365,-631.97014391765,434.529581351807,14.6939990151043,-623.300077320055,-178.075716119085,-1.57719630216031,-98.7732771849382,-4.12864429164783,-242.072534276209,-11.3885482294504,16.9061100744962
94,0.409235103415948,0.515032908331496,6.78774247651017,356.845193512075,-2.27463861594833,24.2437831499553,98.5713701004852,394.285146982208,209.807987355901,-56.1545269028496,-194.169559960336,-2928.81141240094,-950.194200556884,-19.3276864261263,-0.747887762699803,-4.18376908857805,6.20934947014166,-0.378816533971985,-0.963338117263342,0.00880910134270629,-131.364361776031,-5.76419835864533,14.2620157816191,-9.7476250178853,65.2373861610632,-278.762453432129,-7.85212901708869,43.501512257421,-185.032456639352,-77.7774254586415,-522.403026425408,190.028022272373,-635.330975545677,435.830774657101,17.3273607514004,-601.794888464367,-177.149036110967,-1.56830453044674,-98.3952268155233,-4.15330233936175,-240.827688130593,-11.2971266694279,18.1935927768819
95,0.420013467716292,0.512899360199904,6.78728590253277,357.680169480266,-4.20292499572662,24.2990830812864,98.6443995045716,393.612887482727,208.933123425182,-55.9103128540201,-194.950011059963,-2917.40440442124,-949.800264773829,-19.2578809706379,-0.745158889620181,-4.2003233712815,6.18595631978307,-0.377459850169939,-0.941750661927602,0.0104487010263733,-130.863936871399,-5.74761233987664,14.1848258729076,-9.50413368912692,65.3181558545372,-277.51221791102,-7.85614672958586,43.8059972867792,-183.944124446277,-76.9964460398939,-514.591114515293,191.946422652346,-631.365221254492,438.319484270307,20.0261805215257,-588.871095847588,-176.230006998308,-1.55974105679768,-98.0217754810528,-4.16724676709908,-239.607676789486,-11.2486038717221,18.0072103302788
96,0.417577253666144,0.51152851017461,6.78878530246545,357.423142193237,-5.1087092889332,24.3340156272392,98.8331869356743,393.071065614175,208.733668820102,-55.5348344251019,-194.021888835175,-2899.98012923457,-947.727212776163,-19.1493510990886,-0.740978344147235,-4.20886855196991,6.16701833961089,-0.370940522022521,-0.907319927002314,0.0130325113294743,-128.954804517395,-5.70509186385913,14.2694169575055,-9.53425502826083,65.4665351192839,-275.209693915835,-7.87218019839841,43.7988538123219,-181.72213283105,-74.5503643269612,-505.264878718412,186.989702622568,-627.186281994158,439.570325047612,19.0817567836016,-570.984480410867,-174.350130897132,-1.54626299833093,-97.4598883763653,-4.11414796344441,-237.305166179901,-11.1737150788307,16.9458082939732
97,0.409211245081726,0.510987367066179,6.79124101149998,356.601617948102,-5.57222904343095,24.431960802101,98.8083427167976,392.652749886681,207.679571167953,-54.917094961629,-190.508703253104,-2871.25288423786,-937.592020180838,-18.9625578615926,-0.73397467607463,-4.20000619089554,6.17244587936329,-0.362544786884412,-0.867796424552116,0.0173106094175874,-125.322076830527,-5.62645740285604,13.9714102699349,-9.06383319238052,65.8129751183021,-271.82337521471,-8.08235122639157,43.2666844538287,-178.562211174459,-73.7293420891861,-474.765715069317,183.489758646644,-619.014811612234,446.563055684898,21.7944770915017,-530.06680918154,-171.617855148368,-1.56936231122211,-96.5316655871053,-4.3222311920866,-233.886212264013,-11.0581798513276,21.0415056206306
98,0.430590265402726,0.509388112819428,6.79345075895209,358.403833535905,-6.29994046198865,24.4857471451374,98.631302047369,392.33390795456,207.423264046018,-54.4527667127715,-188.128334385054,-2848.75629043873,-929.409505979729,-18.8558689328717,-0.728575082809878,-4.20252778645488,6.17582522705478,-0.359947638934794,-0.845138682753269,0.0189755651111356,-123.356439443406,-5.57685330803302,13.5061633965195,-8.85751245101891,66.1450471584017,-269.212644168294,-8.24729256859526,43.8617200515269,-175.985848911716,-72.4028439132861,-455.831301278776,180.353642579319,-613.739316970888,450.657203790493,22.5002906204046,-501.689244135526,-169.492389559106,-1.55349378737646,-95.8121124217284,-4.29503079661509,-231.182900538714,-11.0733662638384,19.5771179414763
99,0.434608682913589,0.506672077088185,6.79266049836788,358.40535200796,-7.41200571583133,24.5352172318686,98.7054771698764,391.820145285637,207.167178499995,-54.2206531298052,-188.176686924718,-2838.34465814876,-928.93957410266,-18.7924900553157,-0.726071903564327,-4.22902214015655,6.13357616047712,-0.356327234267822,-0.828502444664979,0.0210050868970449,-121.681455467375,-5.54977675290776,13.5706932342336,-8.58198791717745,66.3957903284379,-267.805659325091,-8.21211990019184,44.2131642889971,-174.601223224443,-70.7786195882028,-448.168193125215,178.888349792216,-612.179283430386,449.588938650767,24.7602124094587,-480.804537460888,-168.634950173473,-1.5452521964197,-95.4683349168796,-4.28811284046523,-230.01855887798,-10.9843280746112,20.3993664836411
100,0.449037242238936,0.476189709468763,6.79264146736184,359.414780774362,-8.50831564994314,24.5817227382406,98.7379287582625,391.055442662439,207.028814208894,-54.0036484780594,-187.776148047095,-2828.02560443028,-926.884648201576,-18.7427199828531,-0.723598466031832,-4.26166095055889,6.10489318357007,-0.356256671534824,-0.808878404176928,0.0224874363597402,-120.553914430545,-5.56634247730021,13.7060026485837,-8.29787849124695,66.5722853138518,-267.014106605233,-8.21172857568725,43.2409303642158,-173.880348980599,-71.4590777691319,-500.800963458923,178.540674442535,-610.822341896295,441.690285764177,26.0308075220456,-472.356880970031,-168.097684404626,-1.54029693899949,-95.3082038705105,-4.34201139253964,-229.347639061488,-10.9445404267036,20.8675210040722
101,0.449391724484458,0.474073848375822,6.7934863396802,359.298149785773,-9.74901294049798,24.5911028539924,98.5914699152019,390.453868515689,206.865648060674,-53.9114101766031,-187.181387891394,-2823.41914261385,-928.212055840463,-18.7188462262278,-0.722523344169077,-4.27105958881624,6.06999613892959,-0.353458580507508,-0.793365045100491,0.0159174749570569,-119.898203555538,-5.54782925966727,13.54134801228,-8.05178661963546,66.5669653644753,-266.313509565395,-8.22516780827184,43.2866530267458,-173.15284150643,-70.324320966495,-493.165035921745,178.537591038522,-610.023230680398,443.636629171725,26.5297640485531,-465.054356013359,-167.573253283209,-1.53532666859104,-95.149010554308,-4.32672701282406,-228.708967805827,-10.9079571410736,21.3724670768415
102,0.459258296373958,0.471823162317522,6.79424832852159,360.056419201261,-10.9719703159774,24.6408827183601,98.6587892952217,389.939484397291,206.610180466489,-53.8135360638365,-186.557057160262,-2818.86062836112,-929.06983882465,-18.6952342363422,-0.72145534325529,-4.2748293030953,6.04231991243439,-0.351661256182747,-0.77788085018402,0.0175347084446378,-119.681125974249,-5.52896322081005,13.4148434059432,-7.82878353001973,66.5477610522394,-265.618781257124,-8.25082627237962,43.3748716862034,-172.608519513531,-69.1467361486334,-492.700972714002,177.292933251876,-608.765851851505,445.129271551173,27.456792615409,-459.158134309108,-166.979218803873,-1.53083391040636,-94.9908220258634,-4.31032204749453,-228.006772459372,-10.9130415192626,21.532871075758
103,0.465962094989557,0.469969317222121,6.79389139765193,360.499885715411,-12.2499610468843,24.6417831192707,98.5916214726003,388.769854008888,207.041604258259,-53.9204400244032,-187.131181846769,-2825.47803519129,-943.220581234705,-18.6637041170178,-0.723090187524226,-4.28449039695979,6.01010503798549,-0.356106564001127,-0.770635253934504,0.0178083707056301,-111.244898648675,-5.5432218366436,13.1991265544058,-7.82401821481297,66.4148032325736,-266.224750160642,-8.42438768658911,43.0508733186435,-173.22955172454,-67.4723205157218,-495.451713845279,185.520011611349,-611.885873931422,441.007891082976,28.6987776003225,-470.33447817706,-167.393325349038,-1.52819940428036,-95.1882772684298,-4.46300912005987,-228.613789692862,-10.9516616289046,20.9330148766627
104,0.475375112667643,0.467659853063591,6.79248080662057,361.22269924403,-13.4300359936809,24.6875194253732,98.5284175917537,387.681292549191,206.869545041724,-53.8226228317395,-186.436861610866,-2820.90949785639,-946.97981684391,-18.6405764740801,-0.722021875082908,-4.28116690683007,5.97944596848268,-0.355821404806093,-0.755015815666329,0.0187786704141213,-111.097094715463,-5.52540884875995,12.9562935540474,-7.58744347661305,66.4164029540544,-265.605895049275,-8.45745523193213,43.0078396000765,-172.506062620541,-66.4702481220729,-487.859582156917,185.641769861913,-611.128567166749,443.030739466043,27.4856879964644,-472.793545038986,-166.799736121457,-1.52378485340953,-95.0300770431807,-4.48924880459437,-227.915970377578,-10.9297607123906,21.3834138558585
105,0.451197331427264,0.466741619642906,6.79245339508072,358.980997493047,-14.1046580658531,24.6389733227832,98.6716130508651,387.722812335169,205.854640482588,-53.3702427867215,-183.864742294991,-2799.69170244794,-936.052582619415,-18.5063319079459,-0.716916082660825,-4.25471114361778,5.98449526184681,-0.355384712125266,-0.744126747192515,0.0223844079495418,-108.32645653137,-5.47990288676898,11.9847977791567,-7.5593687094494,66.4865736391675,-263.22318314066,-8.42448882775911,40.9756048291819,-169.994815254407,-66.2731370943953,-498.140446910134,181.414351429477,-608.304437974588,441.933870835161,27.436115154448,-443.153062543445,-164.962511523344,-1.55201634652176,-94.3458583447794,-4.3765033683505,-225.505609207736,-10.8665337851277,20.375047769283
106,0.461756084536867,0.46537232531138,6.7899100331288,359.881835571173,-15.2204164784446,24.6804817147927,98.6864624354991,387.168737645131,205.756646912747,-53.2661125980973,-183.513129761326,-2795.26034173705,-932.140542930636,-18.4817581393274,-0.715865940037555,-4.32026625845447,5.94885690206453,-0.353977071682542,-0.745935783126386,0.0223768041833549,-107.443598029177,-5.46932233702524,11.6686318013384,-7.33045063828436,66.6373541032309,-262.586713054052,-8.51540715444865,40.5284753682677,-169.712755412387,-65.3990117467438,-494.008340558521,179.450719429442,-606.701126283992,443.997809810877,27.3582052013752,-447.698531538125,-164.547919626482,-1.54718356007015,-94.1916500551931,-4.42700557147115,-224.985446642607,-10.9020901662508,19.7032582891906
107,0.466897202158941,0.464611374564607,6.78991877071328,360.265693609951,-16.2365268180833,24.7403232910018,98.6577534923607,387.595822052345,205.71267572261,-53.2759471327307,-182.921208965114,-2796.29868100437,-934.794483252641,-18.4942190031325,-0.716150102057308,-4.30737310555859,5.91819454060237,-0.353854925304339,-0.733115220259459,0.0220996257788516,-107.048311624156,-5.47499822430161,11.2055600997655,-7.33108286535454,66.5359084780175,-262.383749075319,-8.56078559111291,40.0507001419174,-169.72138818469,-65.5448966440654,-495.225685620504,178.061899069285,-627.854811336242,440.569825225937,27.3670307723233,-459.840063608908,-164.504954150441,-1.5454267198445,-94.2113102360021,-4.38750746947014,-224.971281096728,-10.9135051038291,19.6851375746234
108,0.472060328692632,0.462639356112933,6.79227149670248,360.490816830154,-16.761560274573,24.7972034289034,98.4713751692471,386.985348989947,204.972758590102,-53.4156017219192,-183.873941975752,-2802.78394988496,-941.255425522102,-18.5418993090288,-0.717751587858119,-4.3412255859456,5.89491511100109,-0.354609971001272,-0.730254308685927,0.020251211276777,-107.561136044873,-5.4361948626907,11.7192076737351,-6.17765309634194,66.2157957194371,-258.207847881033,-8.46019391748448,40.0396955946846,-165.839458602073,-65.7039149415112,-487.041944081209,183.764905315792,-629.519445043378,437.539768211888,31.668371619833,-468.148146496305,-163.147406274797,-1.54824203410939,-94.4040169106139,-4.36773904554041,-224.280988079667,-10.9493615296589,18.97807647273
109,0.470595702805849,0.460016548514844,6.7932791684713,360.242846091651,-17.8496116004945,24.7834119039338,98.3774310104252,387.44373575665,204.396723799143,-53.6564075729647,-186.818418929406,-2814.93556234053,-948.847594203814,-18.629180193044,-0.720691441997477,-4.34493347994688,5.84029605241964,-0.356623904025126,-0.720113138356886,0.0228114161410292,-119.234021097563,-5.46250850314402,11.1753693682532,-7.73506759958159,65.0148731344344,-268.579275943789,-8.54295249760744,39.4048211548352,-175.16661510163,-68.2353693226005,-479.3280374249,182.058179047872,-633.626644595472,436.001855175274,4.38959048712638,-454.04286629616,-177.205939946989,-1.58638356062188,-95.0412174428956,-4.39362381825102,-238.415573334689,-10.6791122904536,18.1723401032209
110,0.474620720257868,0.459191611986216,6.79368245411124,360.581924382887,-19.0626443256158,24.882311969122,98.4725184172063,386.735970494974,204.37455015863,-53.7591359301437,-187.193594113687,-2821.51302182074,-952.095483690068,-18.6304405066499,-0.722296675828517,-4.34520841306529,5.80994275257157,-0.356615232162086,-0.719389912870668,0.0227811626775323,-119.925443942556,-5.46439811033467,11.803363243146,-7.79625721730551,65.2255569216852,-266.50395125602,-8.46243896182347,39.0776555280931,-173.336657659348,-67.3933504276735,-478.428366162449,182.430009358647,-634.659828107947,431.846117983943,6.34264391474812,-461.849271372067,-177.500297356396,-1.58981969725451,-95.2364480027546,-4.27319836872068,-238.898073291001,-10.7606200497088,17.0759256930047
111,0.462993783082239,0.456537728504141,6.79455438129225,359.349182247618,-20.5691384453271,24.9185373623566,98.2567486712676,383.959016851921,203.509017238472,-53.9784950023569,-186.331323943206,-2833.91015383752,-926.89206434229,-18.7322127682167,-0.725279254062911,-4.0635556314727,5.74508606389775,-0.356242437751913,-0.724444327457893,0.0220989310739759,-119.365127553728,-5.48579782471138,17.0936603445554,-6.18334089178658,75.72785061123,-254.533529986204,-8.53524451401763,42.5252739555048,-161.267120148429,-63.4322062638178,-494.412719289306,225.70776107218,-626.061725087367,462.435013664983,7.31196388461217,11.8272138134289,-177.59248960706,-1.59518892621644,-95.6125760162533,-4.23586255433739,-239.535500909561,-9.03716391874934,14.734794687686
112,0.455675861886135,0.475486923553762,6.79586069071091,358.812950857516,-21.141107592494,24.9169165672199,98.4501786552456,383.525772225997,202.525592768425,-54.0056115209886,-187.271994148244,-2834.8428107942,-933.355463570296,-18.7442495728331,-0.725528250174655,-4.06429899960087,5.55741766214606,-0.375139443082528,-0.965375721597844,0.0138013623294934,-119.926690835643,-5.48489685913582,17.8420549525562,-5.51745821749223,75.367306326506,-260.52300446425,-8.49458894245371,42.491879657144,-167.562300513712,-62.5843507972477,-533.891753550834,227.820315359432,-613.782644525373,464.011376505872,4.85567392052565,-139.148736439377,-178.615639986594,-1.59801052115318,-95.6308531237447,-4.32480875547523,-240.443912739663,-9.23410000593855,13.8829721927993
113,0.501527311338682,0.475040173998808,6.79590980322377,363.258359219453,-23.0554486259817,24.8646702511904,98.3131569614808,383.237731516137,202.266303305474,-54.5801926521354,-190.130689027873,-2864.51896650038,-950.371124832008,-1.72309814621182,-0.732668789742455,-4.08862653964154,6.54524115262495,-0.390971973083932,-1.01047161376623,0.0123997331131172,-118.009709071382,-5.55020114176747,17.1528073246437,-5.51870214860826,74.6719378257823,-263.711714801498,-8.62564213173539,41.2057738727446,-170.888252939431,-61.2309835030291,-569.797535779681,221.601482648653,-629.357648339977,449.365872871783,-0.475651343229856,-201.317292161505,-181.480354933705,-1.61726569669428,-96.5559614447678,-4.55266048263566,-244.077167776064,-9.29411225435357,13.2679616505213
114,0.512088811531078,0.471183831830199,6.79461551223351,364.250289750247,-24.1728938611589,24.8988471269481,97.9975176926753,382.866122896671,201.590223415176,-55.336276482132,-187.938249644588,-2901.13616016316,-969.040971965917,-1.7579028238348,-0.741470015000559,-4.0473451476014,6.48117321009034,-0.386030230079804,-1.02871510486707,0.0183326158805666,-120.225560423345,-5.61125287418463,16.3316245735145,-5.80804295970385,74.021143564943,-267.30863151465,-8.17121614030021,40.4578665210126,-174.533090751041,-62.7286527296847,-579.030486203846,227.997272842813,-635.980118158764,455.293610763294,-3.05371495289648,-189.161087090763,-184.336437606701,-1.62047934434109,-97.6970688775095,-4.08769532564477,-247.890662836136,-9.45171435851781,12.0297382133576
115,0.542002536696613,0.465956138490772,6.79276836381279,366.568022837671,-24.6971317984756,24.9742924263977,97.4839121329294,381.105546879388,200.825834556815,-56.6174141303701,-193.215017943561,-2964.13585657263,-1006.16443544273,-1.80951202627583,-0.75583247079372,-4.10301833577402,6.55824882179072,-0.343922995481728,-0.892756933441763,0.025090813233134,-125.355353892459,-5.23416917052432,16.7283375133782,-6.42828494580532,74.2056382518635,-272.901454401538,-7.9043682303734,40.5378152289449,-179.280017190719,-63.9160200278251,-624.581714808596,263.197307963226,-651.185460691207,444.538506898411,-9.82966648430624,-268.085722006654,-188.973045906534,-1.66315039092928,-99.6729982186071,-4.10258017962437,-254.38743180882,-9.80538475670435,10.2377664081723
116,0.543209471366919,0.463422126670792,6.78819724898395,366.693254351525,-25.9389951929366,25.0995233960248,97.346084375939,379.937319195035,200.795654328897,-57.1618209547358,-196.141823968162,-2990.8868579449,-1016.03268071799,-1.74952565649055,-0.762262315352267,-4.09642933990967,6.57593447954247,-0.339030307232878,-0.884909673120814,0.0272362552922464,-126.805177650204,-5.27936826408572,16.4678043700411,-6.69881738779205,74.3052023305985,-272.075484625917,-8.02616441900777,39.6242833366742,-178.691376716196,-67.5232335782496,-643.566969412204,284.505735509078,-657.035011181359,438.542616913229,-7.48447736787671,-181.516011187408,-187.731314183212,-1.67559115519185,-100.505999214171,-4.04761342456887,-254.292070930836,-9.86787516074909,9.5403218777742
117,0.546825414159114,0.457305327197546,6.7865644827307,367.302869102247,-25.1428894219434,25.1274477536951,97.6755105806072,382.627849409524,201.243433388709,-57.451755895564,-197.109459889622,-3004.86373975866,-1022.44170571353,-1.77386854946861,-0.765622447029854,-4.09268119093278,6.39712709193985,-0.352203189990727,-0.86865885904637,0.0196005418610788,-126.640965539159,-5.28995480171703,16.4147886676651,-6.41727093378982,74.1178649444962,-277.382085638148,-8.54970901068119,40.6707520586104,-185.200039363769,-67.5943503549346,-628.80772974465,281.193332945914,-648.883488737756,447.944372990133,-14.6446676225224,-199.583858470773,-188.613671170104,-1.71966040028872,-100.937913126819,-4.03026203082634,-255.602257728373,-10.0198285718999,6.39704895524562
118,0.525811854971807,0.454119855775,6.78031182047915,365.017999842187,-27.6119706590965,25.065081620754,96.8496934708043,382.892139112032,199.636310223406,-59.0143490069487,-203.501395343089,-3080.80361061086,-1060.29697349697,-1.84101071029731,-0.783844077774546,-4.14758491778521,6.37517382870455,-0.369914441264367,-0.924419996532694,0.0164680492972835,-127.690671967766,-5.44931593907734,15.2216735164324,-6.03084300259835,72.6132695871028,-292.504766675738,-8.40032053555037,40.9909861782042,-199.902082899706,-73.3728341686409,-667.994607022633,271.770578872236,-615.201207677007,449.339595853182,-3.97100648660387,-275.255768103108,-185.048579286633,-1.76909430056754,-103.329276621812,-4.18164356849204,-255.989913791655,-10.5023125126404,-3.32782186301745
119,0.532829308336965,0.450963782762759,6.78147296241032,365.278577783318,-29.1031075080279,25.0961199522134,97.1676163864778,382.938836072544,199.790850875747,-59.6206455979041,-207.258510559774,-3110.56814423613,-1073.49646742411,-1.87935223512,-0.790973953447971,-4.14009341635807,6.31548121821806,-0.380160043947918,-0.951727108185253,0.0161084936155178,-130.055411853082,-5.50501980379303,14.3402299089949,-6.15964563540747,72.439717230566,-295.104222430576,-8.48227060738108,40.5422676512878,-202.267655217739,-75.6154328800271,-670.020238696802,265.954389859322,-621.309376223528,447.687866614642,-8.10136120567211,-302.560571622454,-187.019598817947,-1.78741917937015,-104.253986794508,-4.24168560195999,-258.766894167374,-10.6263251271943,-5.93267052281283
120,0.530662085645518,0.450789028678812,6.7798593877484,365.149941112492,-29.7597036669165,25.0795807150455,97.21471752764,382.537805923724,199.162080651866,-59.7899401378874,-209.609929554608,-3118.96722383645,-1076.72004231281,-1.89987423690537,-0.792987567406724,-4.11836060024403,6.27638200911385,-0.383571831510308,-0.962959814553539,0.0123503384204874,-130.363275736458,-5.53165281499895,13.7944754719082,-6.29473847398061,72.106376029516,-293.932596163866,-8.49668319617782,39.5981304040298,-201.172636164762,-75.5159914612249,-677.754118242452,263.366023083156,-623.223974975682,449.906417719717,-9.0374923859647,-326.292982237257,-187.454736502616,-1.79233436678792,-104.503217238981,-4.214331222117,-259.453860477614,-10.6499140527671,-7.2094922715097
121,0.528930838305071,0.452488489337067,6.78138004719542,365.192273814717,-31.4135930812357,24.9801187524484,97.4023530000001,381.889790847652,199.070497197204,-61.0762840313167,-214.090211290459,-3179.99315941687,-1110.35651302616,-1.96345875102973,-0.807543992885895,-4.07419553336349,6.22535423967357,-0.392195668297791,-0.982784682918047,0.00843959405973749,-137.446672274912,-5.32319769572591,15.0624486824818,-7.09112954423875,71.8587978164539,-298.746263275903,-8.5231974183101,39.4021164128107,-206.039881592014,-79.4709006953057,-578.080886135362,269.007878394932,-605.41938290202,459.023325884712,-13.0904185476704,-406.806732439984,-190.629274541125,-1.80632129056141,-106.417363834955,-3.72717152139765,-264.437771765092,-10.9724342566851,-10.7633175482757
122,0.541647555516146,0.451433379195953,6.7852530357594,366.468598709893,-33.506619458534,25.237666546269,98.1548788246985,385.359928113674,200.295993083457,-61.2528667258376,-216.146295898504,-3188.86598866582,-1107.21948303666,-2.04412034413371,-0.809612576889028,-4.06564752685975,6.30883558928534,-0.388451861187167,-0.963289163488563,-0.065101056549704,-149.197102978332,-5.35115882073713,13.8550844319127,-7.01679047638689,71.6824182917259,-306.066118308175,-8.7407110412315,40.5791345003557,-213.134927516546,-80.0266176370619,-597.986429032019,264.959801783801,-611.048486479818,455.078681301478,-24.674320890735,-479.929609963519,-191.558425156277,-1.81175206029538,-106.678567090174,-3.81039167046025,-265.407373612491,-11.2326176944512,-11.3220986062674
123,0.530145948495386,0.450898348078352,6.78525416096355,365.476228960919,-34.3001863033964,25.3752773099588,97.6363803424596,382.461201759365,200.26280037467,-61.4390723967786,-206.726649326612,-3213.55206013423,-1064.91062852872,-2.0722039070314,-0.815450119738187,-2.8901538034871,6.38672242521624,-0.37734975298092,-0.946046782502383,-0.0673067194496781,-147.470178650594,-5.4073928642187,13.7305617386251,-7.03815480106682,71.2883082044917,-321.15233589993,-8.54983099450554,46.2857173404882,-227.258736325241,-81.7060448274299,-599.529110731355,245.486462911503,-616.012673053294,446.80952870794,-23.5560372012275,-603.001796088662,-193.822173953082,-1.82204378632415,-107.438960702513,-3.89420262441502,-268.35377930093,-11.3240926725363,-11.0241251513696
124,0.529172592299779,0.445787186079171,6.78923977907581,365.980806004196,-36.2231061907957,25.288606330723,97.1733701030591,380.860283103316,199.518904806601,-62.4615278308228,-211.232059023232,-3262.68330620174,-1091.13648363266,-1.9544074793816,-0.827233474679616,-2.8948699659306,6.31536209664617,-0.382517874321984,-0.992712715761775,-0.0745912397608928,-150.481291176797,-5.49837700235685,12.4946358220245,-7.6811810035963,70.7275496001508,-326.01174157392,-8.66565907400312,46.475078717061,-231.281401560218,-86.953015797629,-627.470281717929,235.177980045815,-625.237804999548,436.516591226764,-29.5938974843881,-657.398857524585,-197.640750628732,-1.85330864818994,-108.986905976659,-3.68847370441777,-273.533060020381,-11.6050541415832,-16.9114298357717
125,0.47650911881551,0.439961135176351,6.78544764871436,361.124527004275,-38.4454980097176,25.2476449007006,94.6530613669605,374.655585595655,194.21373095002,-61.7921416874895,-214.959701493532,-3322.81639922617,-1104.04686599808,-2.03487788496385,-0.608548672843002,-2.8904680273836,6.31435208843042,-0.39988928910347,-0.998954355826245,-0.082703353427457,-150.331761282758,-5.6219934393566,10.4327470079811,-8.59130315856171,69.2265646734912,-330.972041741676,-8.92206066739907,45.5362080097013,-236.631199970446,-92.5023536433436,-679.32867633868,224.220646095012,-628.849297696973,422.019286003138,-28.8118149357792,-711.350919537534,-202.729877535652,-1.86110797062948,-110.871587581501,-3.52207016077515,-280.178229064843,-11.7105547472503,-25.4977690364456
126,0.463467265014043,0.440519765535654,6.81160875962251,359.511619008925,1.91961071168828,25.0840150928997,95.0796470998768,375.556933963504,194.025204315028,-63.9239319625479,-226.197187871747,-3432.11317016805,-1147.43203497611,-2.12717865308748,-0.615356427246514,-2.96712974548281,6.47560022451196,-0.311717792598807,-0.891607411529019,-0.0971238152666288,-144.900223375938,-4.79971572589074,13.5653510324292,-9.34280049036385,69.8939498655686,-337.73778554606,-8.89950572287822,48.5059311131812,-241.803411293096,-99.7874213088091,-476.583141507521,267.569926861975,-633.135142177045,425.432766081098,20.6195069163509,-408.977638809888,-187.926499990251,-1.90284039994815,-113.305142025616,-3.22552278568906,-268.122609721852,-12.2242680725932,-8.6263710283157
127,0.4586789945638,0.45028926615229,6.81002750551482,359.896125790605,2.06543585595257,25.467584557511,95.1227966400712,381.580833789546,194.565770232065,-64.7783781157014,-231.163092346573,-3471.57984709369,-1166.03261071938,-2.21815207016772,-0.622201773242083,-2.94584872787945,6.52282834842486,-0.328783928161604,-0.926325386041352,-0.105206821639065,-153.055296161808,-4.83686147665105,12.326046233445,-9.09458938997633,70.2021883713363,-341.233673330383,-9.06199316181381,48.0301337673408,-244.668693592239,-96.6016162674134,-488.978700303675,257.49016686669,-522.641802321986,494.514316600172,19.7100772169779,-405.415189832907,-186.290507411821,-1.92632077562204,-114.529249124508,-3.13778952925385,-268.777553950147,-12.3652382314588,-13.5257505563242
128,0.495204693942274,0.453347290159723,6.81102612357095,363.016920148122,0.609987478538429,25.453347363076,94.9230558180935,380.297838986277,193.434884599644,-66.0064551936435,-237.648036007051,-3532.5698476846,-1197.94170393469,-2.27884471526808,-0.632780613191561,-2.93930315163072,6.54723146030919,-0.245524241600834,-0.811731533370949,-0.108694223138174,-159.45502212675,-4.90298494496646,11.7345851137475,-9.48245135771811,69.4784833265277,-347.780424282062,-9.3103781708146,47.4257727992678,-251.221129828649,-98.418469300426,-426.829296968826,251.125328381955,-523.963584041839,494.039016404534,16.9913702465043,-499.110399357372,-191.196952813029,-1.96514099499539,-116.431506604802,-2.79789544092922,-275.417173470771,-12.699733745152,-19.1426131896994
129,0.494511541008742,0.453757547029339,6.80880617100827,363.014374145692,-0.110349653682135,25.4214522147479,94.6924346983196,379.452344976377,193.231576787794,-66.6359280693719,-235.334227533986,-3564.69338841261,-1218.60471565983,-2.16452968579579,-0.638378603080062,-2.93536822588406,6.54418069409273,-0.231474177800059,-0.782752808055887,-0.102431083446995,-147.913477310587,-4.95232814528048,12.4959213469403,-9.61390631114154,69.5718169100432,-350.710813596937,-9.46612662991038,47.7251284106667,-254.453853332301,-100.36201797372,-447.052491700306,256.402467876296,-473.049778716762,508.121939229687,13.5112593261566,-535.950802719572,-193.778343911066,-1.98551734942578,-117.426844339051,-2.74885232713633,-278.843781640203,-12.8220363832125,-15.9668944783624
130,0.506288298067372,0.449063359064805,6.80958630659184,363.758272054571,-1.40457094133096,25.3301344932555,94.3302804821223,379.129090935881,192.149673170138,-67.7452654581199,-241.834128981881,-3619.43026221294,-1249.40946988362,-2.17358699600311,-0.647843440275496,-2.94720966752551,6.46493768677155,-0.212437708972631,-0.806736449803139,-0.109571933521682,-154.08353854691,-4.89116532822928,13.802847756931,-10.1811509279384,69.5719327022298,-356.669931145389,-8.96341538585938,49.4074176825058,-260.2342818448,-104.607842429311,-420.356560929471,250.471077145735,-480.032050719043,505.934130461768,12.2612276504191,-576.944474912233,-197.869347268639,-2.01888806545927,-119.127941081515,-2.82505696933647,-284.498726894557,-13.0485795519487,-20.8756452181721
131,0.566207297166243,0.444958744891483,6.80887089812426,368.135512654949,-0.819925565626363,25.3890365138201,93.6531238107797,378.087462689258,191.598579842655,-69.322225379219,-247.158116666086,-3697.6007364258,-1284.1816145083,-2.23067835580683,-0.661567545502708,-2.97794758433394,6.39215983923697,-0.167681492062856,-0.430942932873913,-0.111847720976874,-158.066908408641,-5.0139109660567,17.050861709871,-8.19476746082615,77.6248190600857,-253.461536478059,-9.19099131525227,48.7975627248937,-151.41417033763,-110.581212451367,-324.263231502547,257.893166854114,-504.361300949806,508.401640173988,26.5033954507045,1094.13349991662,-184.762063822914,-1.99374004728582,-121.622949311488,-2.59104879814406,-277.873151216867,-6.31204321988739,-23.5161375624424
132,0.551400234566502,0.441961929405541,6.80707941661548,367.443619591059,-1.68348645632641,25.6592421937693,92.7887395687783,378.247300751826,191.548457711942,-67.646780327602,-174.042984205556,-3807.04546554592,-1342.46429031861,-2.28135985316589,-0.680401760489389,-2.41713092172725,6.32143227887129,-0.188473821212388,-0.532547830316785,-0.126419085502614,-150.395837303699,-5.13655716774262,14.5135851093219,-8.55345583412476,75.6783719427537,-262.02350160774,-9.45043913278063,47.6975969106007,-159.201182956625,-115.574920805899,-305.228250703049,254.378595685383,-445.777592622203,523.295357941569,27.4382779112022,1013.75867724306,-193.245774574961,-2.06351132591308,-125.060049765807,-2.50817523236493,-289.702211353896,-6.69983108143833,-30.938419399409
133,0.607157142813506,0.442677859070236,6.80717436945355,372.611819819289,-2.8306191558502,25.6792676890196,93.8611034391132,378.4588305836,194.038689750401,-67.6219590981885,-177.597667696198,-3859.44332577342,-1372.15276158619,-2.16150620497168,-0.689376632028781,-2.31205453993631,6.24657351708676,-0.149293317938353,-0.516758531007649,-0.131780962877365,-152.898670513017,-5.13500681887408,13.3243578855053,-9.61346130197396,75.3851260785682,-265.390831532475,-9.70854445344271,46.1970746530261,-162.5809111965,-117.856262726812,-317.910433573815,273.693829501213,-457.918682617091,517.988728875147,29.4765614399282,1208.57683736564,-197.035371909732,-2.09441027680755,-126.690983153898,-2.63169757032093,-295.030722084294,-6.96217761578843,-31.9295050408172
134,0.584389348901578,0.442115357269514,6.81232974736701,370.367731308132,-4.18034171034181,25.8712458036609,94.1074647420692,379.792267321649,193.224021335244,-18.6832466897735,-171.113624606215,-3954.64733490029,-1415.70479144761,-2.22671136885552,-0.703757604541108,-2.35104932561545,6.17090446323065,-0.169842999553856,-0.558030226115735,-0.141277168685463,-140.4628669644,-5.23635379360118,12.8196691623768,-6.57225886227276,77.0010379871883,-229.63075423958,-10.0063341054703,43.913613181462,-126.426312939832,-125.829114616296,-367.044105342801,291.371757520172,-461.407837261368,509.293587237007,20.0101212087058,1131.51096343725,-192.069491084091,-2.13448785101829,-129.687131949139,-2.83129435494792,-296.2844369908,-6.77331014331362,-39.0028290856682
135,0.572316262603337,0.442669518553481,6.81437544551423,369.271409640425,-5.03260294346391,25.9149452531797,93.9083548793042,378.760855682677,193.64756191426,-18.9945014327887,-174.789282589233,-3998.15586871629,-1438.29138675224,-2.2264977346573,-0.711294659156769,-2.35464516177016,6.13136048175398,-0.173552605041648,-0.59740059607714,-0.148199192310434,-142.549390685585,-5.30353363929962,12.8343990366415,-5.65543069992314,76.0541542892797,-232.39172520924,-9.12938130768752,43.9082382766202,-129.448548040036,-127.149468179704,-374.150109279066,285.476240297294,-452.097127228152,501.841961688051,17.8895047562718,1093.37457967474,-195.399021186725,-2.15981972261499,-131.046755220828,-2.3599146781298,-300.864706719147,-6.92472949867089,-42.3719582262294
136,0.586683178328999,0.479185040981408,6.82214720984629,371.253458833136,5.57346989461837,26.3518922560401,95.2227943902058,378.029894944629,192.145561791857,-19.452569359478,-180.344767214589,-4072.84368815635,-1469.91162740129,-2.27790883089138,-0.718641444464911,-2.37829729004928,6.7854845986437,-0.226918410483144,-0.608740296613155,-0.134710473185869,-129.026995726703,-5.43044699514095,13.1006421129308,-6.49905999477436,75.1555221527393,-237.906767994906,-9.31890413100389,43.9861337407674,-134.557108462657,-135.326153841349,-377.386509017574,301.942448864939,-449.411080679519,500.055661639992,12.7872558936436,1131.14788967578,-199.636115050005,-2.17557865589884,-133.392233297127,-2.01430939859993,-307.548457799562,-6.70556750536029,-43.4513907672748
137,0.596449825923471,0.472799216065671,6.82189031390071,372.460279205789,24.2111233046983,25.9387297158061,95.6652233514053,379.224785455878,190.903422135949,-19.8269954733189,-192.466479370823,-4135.05924356058,-1500.0752299316,-2.32053727355646,-0.536924909196146,-2.43590587428001,6.75167098062344,-0.24165369802881,-0.609463756479109,-0.145180811595462,-78.5841479596756,-5.52214244640655,18.666327467938,-7.18694569573728,80.6031949915448,-213.282977730868,-8.6562937715333,44.74374618822,-111.740702811043,-52.2777061298914,-391.215791372744,306.946765966201,-445.65299231914,534.897657902854,50.9696368420413,1099.54137124957,-55.4252918143873,-0.89153713408135,-8.92561075881978,-1.91874381919218,-52.0248811993262,-6.68356181618984,49.942164123707
138,0.397845265185946,0.455399278565917,6.82367988111209,352.32811775189,23.414021772736,25.8533423593833,95.3405020751248,379.502773607175,190.539795657371,-20.2420789514675,-196.841007339434,-4200.56910756959,-1527.32896110259,-2.32842213997237,-0.545418440988853,-2.44777657901391,6.70380280874143,-0.244741269436077,-0.636043423502469,-0.15139378969906,-71.9180590014181,-5.71881171538253,18.0023355259107,-6.03981486218709,80.7687238078651,-214.947562284245,-8.97828976443191,44.3285762508716,-113.44015551732,-7.78135829546278,-446.817093815631,310.205650578537,-442.63878616335,527.886325656726,72.1872824227522,1097.8781586178,-57.1638290390939,-0.902815005513543,-9.11055157045699,-2.06769793375763,-54.0392024658888,-5.31093178522066,72.0201215700766
139,0.404472704912873,0.455436575487561,6.82533334029664,353.058219979876,23.1547100887121,25.7363005773043,94.7684841044772,379.963192493427,191.189794087782,-20.344803249413,-200.556300753477,-4218.02099829946,-1516.41575962086,-2.32699823294107,-0.547769328013994,-2.54435438475001,6.754550052271,-0.242317635774912,-0.611044527485672,-0.149699235588943,-72.5005350973826,-2.63564056170518,16.2100782161662,-5.96936021477021,81.2470978721764,-216.119335821764,-9.0664531192066,44.8552634493398,-114.105014064225,-7.31890893690746,-427.205109337711,339.905835869269,-451.903481576879,546.653332413251,79.0117126207355,1083.37687664816,-56.9519062651947,-0.759911257951701,-9.17018065434653,-1.9875620093701,-53.8591150822551,-5.2437888151707,74.5397861450523
140,0.393614882997288,0.451425759180234,6.83908141783376,352.649844035421,23.7434339527423,25.4639366027105,94.7672592943316,380.184647104606,190.415465441835,-20.1549137055514,-197.907232925779,96.3591955345994,226.960734679692,-2.38552292207452,-0.560155011053856,-2.62360738661609,6.67606150517396,-0.270888518913344,-0.679844655595123,-0.163718969974097,-84.0087002326489,-2.73662574721838,14.9152638912804,-7.10403928009303,80.7428879239439,-202.750378023171,-9.31775300082208,44.3276089037721,-104.124148126524,-11.8219894543146,-477.793514327489,321.467336498815,-438.020230186812,524.294997931123,91.2530113351412,940.417487422458,-59.2323600451428,-0.782288695451959,-8.80564837101943,-1.9890863234187,-56.2441678332243,-6.03776201840367,89.4647271560073
141,0.385174883825721,0.448426357416083,6.84025166080675,351.995402678106,24.0738155907952,25.2653754501541,94.6014700549467,378.361036752332,189.28862341625,-19.5236326404982,-196.769353454285,99.8188375393803,224.189993495505,-2.32308818169096,-0.22268742008779,-2.57556403521904,6.67791687552139,-0.294942176422557,-0.904083759510081,-0.168595534065358,-86.7928884159987,-2.72759850603417,14.368017420018,-7.60121833216479,80.2501123909545,-206.383235964124,-9.55430120004327,43.575204908783,-107.902477850473,-16.1021617624112,-446.339406027909,333.407738981002,-444.308925522407,517.633990285951,84.6072731209206,902.000090919441,-62.7463500963201,-0.798942935277424,-8.95456012037628,-2.30829474505423,-59.6883415329903,-5.80974898738902,91.5879675742682
142,0.486423967963852,0.450368054746897,6.84250931804452,360.32168761236,23.6297691631654,25.310456525058,95.1632664719506,377.173599618253,188.038517304121,-19.9799260763795,-205.500507926259,97.8326814719379,210.349990746952,-2.37188214968708,-0.227060431168789,-2.51445768149701,6.71423951003972,-0.226504769017023,-0.798358747755946,-0.111938266096759,-88.1676564141393,-2.02506149052264,11.2774062226097,-8.8568014518106,79.0250450853282,-209.375067356845,-9.84162790197614,42.087489490858,-110.820266359117,-70.4400193120132,-481.377470641826,311.617307062435,-443.360856261792,504.718889406841,87.2126800111026,847.06388726891,-63.6966026797701,-0.812577584610723,-9.110221392025,-2.18309827605318,-60.7802445854567,-6.09807883847792,89.8332483589379
143,0.482067464180962,0.443627315809725,6.84294810650797,359.699521467725,22.5058618256812,25.753292805873,94.8681992142684,375.70459632191,186.622435489366,-5.86823082967851,-210.84247837889,97.5236695905996,207.213747097641,-2.42705212234855,-0.232771520854802,-2.50715876233251,6.70141662464572,-0.242202700683549,-0.782154013784695,-0.117960880404184,-65.2737458744613,-2.07723386116925,13.3166619543451,-6.934335544456,77.6862757932588,-211.589158278496,-9.96037764181474,42.3719924700296,-112.793298902086,-72.2754625764877,-485.083594664656,323.420371662536,-420.989217180836,492.587404158034,79.0495075751066,803.557295409883,-63.1411760388106,-0.82817275175264,-9.36595864234701,-2.29001605127476,-60.7732804482956,-6.53291333502434,91.222766650792
144,0.432651072307906,0.4380948283144,6.84097766432599,355.062209154691,21.8755090227276,25.7284336038357,94.5625136464715,373.731401741602,185.571201336847,-6.22118704235128,-216.983926294195,98.9280142624586,232.949687114462,-2.48781010097389,-0.238839402226875,-2.53612202807715,6.63172274208288,-0.261295880718045,-0.868331042718681,-0.130354591550819,-50.1513215182404,-2.15435375969559,11.0745851929173,-7.26323236525567,77.6798122484519,-217.13957470973,-10.5554740477507,39.3809135869846,-118.398037754224,-73.733145728212,-487.983381291001,312.230227232279,-429.754921679528,495.113254956693,74.9379023138142,698.060842200675,-65.1746940317198,-0.859516473722554,-9.64370217964373,-2.42029332616436,-63.017628919363,-6.96266904949235,104.302794038746
145,0.439611087396068,0.436073136510657,6.83753263588771,356.174581690137,20.8268301154818,25.6299328968315,94.0302590551157,374.672637897397,186.002798636281,-5.7590016253526,-223.19648313127,95.8055368817594,216.922073418885,-2.32711419685574,-0.244007876617369,-2.57115399116722,6.59294943769405,-0.279607586984251,-0.699592242705761,-0.133589895813276,-40.4186381660541,-2.1709904501935,11.3002386475755,-7.88660915152316,76.7324705438899,-220.255548591423,-10.1721219575815,38.2961428009265,-121.409118121755,-80.364417089826,-435.299610015417,301.470020107538,-440.840870855362,476.928650619384,58.3616930952879,734.597613961327,-67.3294260115851,-0.96426970031428,-9.88073369518908,-2.56454728892374,-65.3816040533172,-4.39902347850852,96.0710874993738
146,0.418533923622912,0.433186099636755,6.83324929883665,354.341988214325,23.0994689446047,26.3074252995003,96.5837655460193,388.301428839103,191.766770260131,-5.95183901160273,-228.107523117783,95.5200229778225,219.274229963769,-2.37582631741603,-0.24816261848453,-2.38397624205092,6.83132748980865,-0.285865200514884,-0.729591648998099,-0.1421395359325,-45.6102530599429,-2.12763257581277,11.7478033260797,0.46953513720716,92.9818849397673,-224.051233752371,-9.88570336426626,36.8883320280251,-125.741605803988,-72.5399504440109,-462.347679653243,304.303046066453,-419.11842373573,476.443912624652,52.7589898968135,709.647777938878,-68.5946884589878,-0.965245373596632,-10.0728324064373,-2.16346098750879,-66.7778535605168,-4.57394657391909,94.6544476426609
147,0.408634247585426,0.430548080763193,6.83710892019365,353.36695503976,22.6573169792834,26.2834713132663,96.2121943423678,388.117640258777,191.718055485919,-6.14061469876959,-231.233934473236,92.7185120379293,213.753619100705,-2.414571898112,-0.251126293863556,-2.38717615702559,6.82369042888263,-0.295595645736271,-0.770934712923617,-0.149410173826801,-48.7588900812677,-2.1743810473797,10.6793502092905,0.00186929162113358,92.4973615415424,-226.795882194423,-10.0601858506328,35.4714877015003,-128.566555100969,-74.1682271212459,-488.645657270718,303.237902112271,-425.375622879492,476.170261981594,46.8035306709648,663.422860816828,-70.3705709936451,-0.977606137094442,-10.2116133365429,-2.3171273266111,-68.7464203019383,-4.72794377006248,91.7536058237573
148,0.445431969189147,0.433034600173673,6.83335771903258,356.618932071669,22.5361122072475,26.2710547781582,96.1303402401893,387.764758307593,192.049134985343,-6.22211917259641,-218.277416598195,90.1256830922812,211.550791096064,-2.43887820743618,-0.252755755270637,-2.35908302568849,6.81879978258219,-0.300544357455762,-0.808864782362256,-0.137765060868433,-49.723115430369,-2.19075667263719,9.94767845309262,-0.13963402244346,92.4430200248046,-228.071367580817,-10.1759880932226,35.5718805380926,-129.233060383726,-80.5206692670903,-484.051555534917,274.425404683499,-435.34096882108,457.052544499176,52.4725680220737,655.166272142836,-70.9258088364821,-0.982669956519481,-10.2923167480772,-2.46418918874183,-69.4791612433441,-4.74274805641081,89.3017105047699
149,0.459427357194746,0.436979090767135,6.83184030248032,358.402491820009,22.1092003694778,26.5073022286464,95.8865031279932,387.961134963765,192.041757756909,-6.32556575244863,-220.330134683215,89.5676431542727,216.380693337908,-2.44169417036269,-0.255805470119351,-2.3596704412568,6.83474563568207,-0.242088784391758,-0.693190458326954,-0.14026928107462,-50.7903399563311,-2.20916503001089,13.1565388839858,0.409626712978834,92.7460702416283,-230.904798953123,-9.6120208933603,33.1186215858078,-131.633640081386,-82.6569768387422,-501.448993475217,272.576549393774,-443.052701328716,417.582936976183,45.4782698974929,580.960199274306,-73.59708530277,-1.00027350309251,-10.4343385739584,-2.07703451994353,-72.3790970301301,-3.72614634036163,92.1593611025866
150,0.416669663980961,0.43485763669821,6.8247738096748,354.95020254653,22.0042458563132,26.7291596250146,95.0620838711377,389.157611373241,189.805608667672,-5.76342907688792,-228.451341912108,86.0615713595549,196.193319313222,-2.38600438996604,-0.264626359070832,-2.33804414901518,6.789969653,-0.250673677956438,-0.516726511646569,-0.147600386310514,-20.1774339444088,-1.97563998784785,12.8375899676077,-0.681647762312338,91.3349051220789,-241.287342682659,-9.95515784751759,36.029159416063,-142.339846441634,-67.5379762175561,-97.4102630737766,263.730760588192,-454.458929634821,496.356456225651,30.5974214315872,487.50985139435,-78.8610884303844,-1.05083003543124,-10.8519970317996,-1.9349828813824,-78.2961182608934,-3.07922785409221,84.0911739370143
151,0.433017920795233,0.429840915852412,6.83018578841705,357.024812564394,21.7390323896881,26.8309389812013,95.15103570731,388.342294901696,187.87791297575,-6.12575384748855,-235.76257505922,82.5593271609092,204.367268677615,-2.45511532894268,-0.271328333331146,-2.38504584011332,6.7707367731627,-0.268049934520733,-0.563465358074321,-0.160111450691617,-24.4107927968143,-1.74302443347715,10.4296062961852,-1.52747739572874,90.0171865163308,-247.318012745544,-9.61064595197121,35.9810757427913,-147.976965939636,-70.2335308154495,-32.8984644256079,250.900138897555,-471.208312242042,500.158671451717,24.6613295668377,465.093700306016,-81.6561863925138,-1.07882366066142,-11.1575520159928,-1.73111063141833,-81.5839236457416,-3.23025408938216,130.705393823296
152,0.407248678939104,0.428849540336802,6.82800283873302,354.186763068944,22.6798649930407,26.8689145756465,94.8918048592232,388.314164560675,188.13799516773,-6.1068457624921,-237.465765071763,81.138130120215,199.719676756691,-2.45384811832458,-0.271591949811818,-2.39168576073649,6.77679263945624,-0.274577041833212,-0.595533466237212,-0.158175377944125,-24.6130830211332,-1.78109917685052,10.0284996789578,-1.38621018153241,89.68194629887,-246.674543242037,-9.61646846098371,34.2353503501796,-147.863029206698,-70.7445913697516,-41.8341674988183,251.023287428381,-472.167355508197,499.288353579919,27.5915504055896,450.518707093353,-81.6496027910291,-1.08133389361708,-11.1751406001687,-1.73749958541088,-81.5991311343342,-3.31030843689333,129.297114581451
153,0.436504738972651,0.421840986459394,6.82541267454247,356.74975090879,21.7280752181193,26.6811226484662,95.2657681907615,385.953494216236,185.934171559166,-6.56626680045743,-234.542592814246,76.3591030735222,196.18045117253,-2.39392346107114,0.0194238947559555,-2.29713192601044,6.71204834135173,-0.293306667714055,-0.607906097793373,-0.137094685479723,-30.367344956557,-1.81895748778667,10.6108526922784,-2.32160720981501,88.816300570109,-255.181851360202,-9.97652990111149,36.769774221013,-157.875550673891,-81.4237265576668,-74.9026318223137,255.793636665636,-480.535139713866,473.443163103113,19.8401150629373,363.045777413811,-87.6121607128798,-1.06878270625008,-11.5800333931271,-1.71294976081626,-87.9690693341777,-3.56527046156851,128.271651553963
154,0.432327016786579,0.425127390482479,6.82793701421197,356.61434080442,22.6197847957156,26.5830125509824,95.1959411951341,386.772218005739,185.066017302634,-6.63417227280982,-236.534744950309,76.6837575459419,186.826256479129,-2.39261208386471,0.0189943359111422,-2.86738975574627,6.86133251114675,-0.299584135529337,-0.705723001152468,-0.146816931815196,-32.2810268546248,-1.82196285157746,8.81674819844116,-2.52685313296755,87.49848544721,-258.061589953383,-10.1498378619725,37.2548073854276,-160.779240136594,-78.893964953086,-92.2998478490949,247.198572439663,-468.532123901198,465.655175608463,7.16829694454236,354.417667139727,-88.4508707488685,-1.07280864130221,-11.6782864668927,-1.51990790061895,-89.1441487221296,-3.63620274233775,113.806348106906
155,0.437222098510879,0.422952514613303,6.82460131733829,357.11365567698,22.7926303437998,26.4854019887138,95.0567699374664,385.350653506402,183.547837781274,-6.72262549174349,-91.0734523026239,75.9919684931717,172.173063352225,-2.43450937002682,0.0188097222937824,-2.88925693899753,6.8575047793503,-0.315453904172677,-0.765939377948032,-0.156698428902912,-34.3801580648506,-1.85630401579757,7.92274883267149,-2.51297960194424,86.8335883078257,-262.203661166101,-10.4135127306096,35.4395264133308,-165.023685634451,-83.3022085229977,-84.3787054320001,239.901166157429,-451.875685100961,462.580271451085,-1.6772106534288,285.865272566497,-90.1473374691456,-1.09144642114559,-11.865050503693,-1.55611208636851,-90.9987718814185,-3.87182978740893,109.985007731523
156,0.420619436139813,0.419821758188797,6.82556958021804,355.694525226989,26.1510637473847,26.4252882607692,94.8829734789198,384.586394604565,184.506938695987,-6.92188960786899,-84.933932799324,74.6320238500587,160.796215286155,-2.48983581343787,0.0186230571765359,-2.92832223467553,6.8087092069313,-0.318825478147882,-0.819346565341957,-0.163553498038956,-34.7108190910516,-1.87640114202294,6.92354345633969,-2.80161209117888,86.2661681799794,-265.357471899693,-10.6432550238677,34.3053823041095,-167.505659711166,-84.067906087361,-91.6692735832794,228.612818277649,-463.352125815132,455.591069482988,-11.1223919280759,247.068270674677,-91.8174221858553,-1.10758302645609,-12.0581306776793,-1.59924223790422,-92.7678988237009,-3.95187548015265,112.349887373705
157,0.455743347008362,0.412060625762268,6.82272187993333,358.755472171464,25.3007448819825,26.5119027654605,94.1590144650766,383.571194183148,183.672193016347,-7.15572976476439,-82.3272460607577,72.3848716874197,170.0994178769,-2.51222269838847,0.0182146562103038,-2.9722930069057,6.79825779583592,-0.333341410359254,-0.887753476894181,-0.176934024857169,-38.3554462646677,-1.89689014435981,5.915280703615,-3.58168784042738,86.1545537255084,-278.20646844127,-10.9056833231246,34.5053371712724,-180.582634176751,-88.2964288137227,-94.0383790352935,246.740835188796,-470.244776370396,460.703509247267,-15.3511246317069,199.573781510165,-95.2178472485282,-1.12682035939794,-12.2544250046639,-1.78242596217104,-96.3369625317724,-3.8980499728326,123.378383030642
158,0.514836773085968,0.404488046340203,6.81724937610363,363.873329877676,24.9600965517381,26.4400106956031,93.7067070143263,379.637890183734,186.194823563442,-7.42885567860826,-89.3390582532903,115.464704297724,171.937684635302,-2.56098635676083,0.0177152427747714,-3.03857153433063,6.68838005762925,-0.342599763861696,-0.948661601655343,-0.188160502568023,-57.93550129341,-2.20305714067222,7.64303008871588,-4.2888327402449,87.1124533536038,-284.272638818506,-10.3625870652068,35.8783388391711,-185.98623727888,-87.0195269275327,-182.829692114739,262.420544234391,-490.068496199938,432.218624548081,-19.6776192478054,143.270935016254,-99.0146396439413,-0.975543767123255,-12.5499534769501,-0.811621980323601,-100.077847947408,-3.90105765926795,115.856661355946
159,0.474939102746689,0.401123637030063,6.80692866964514,360.376971263233,21.6123901388359,26.46948878393,92.3438405779933,377.149711100048,186.18964991509,-7.45599290194426,-92.6987529884535,109.642113743939,145.188876425607,-1.94757954803895,0.0174928196207258,-3.0699811074295,6.50165592363274,-0.343208715269847,-1.91002922647242,-0.20126764883183,-103.273711373819,-2.23062446719189,8.40075836223444,-5.82841951533409,87.3459651651246,-291.466949764837,-10.1314606944167,32.5077256654792,-193.099833062474,-87.4628152724274,-212.905525742395,280.753559472412,-587.038308311258,423.696079959576,-21.0093768271186,-50.7587885000512,-103.271271678174,-1.00482062883775,-12.8653088012635,-1.0757950851792,-104.721818506154,-4.94139623949855,132.493319138995
160,0.48186165300332,0.400033979033033,6.80930160167604,361.915992697065,21.3327959912843,26.4136803353005,91.8637008148907,375.850620287657,185.450568630283,-7.73990396603904,-89.6412241050525,111.838128097775,140.931744700634,-1.99520403661664,0.0173779896700599,-3.04358490356741,6.51716208608143,-0.354049902975519,-1.97076960651837,-0.210230321910783,-108.556797825513,-2.27157834099526,6.94583309300894,-6.40229709011436,86.2719124054128,-296.717852718437,-10.5224244328942,30.9003140468265,-198.175200927111,-91.8475604004453,-220.944862076874,284.958278892948,-594.548145050622,429.34101128595,-30.294652774415,-138.360501246779,-105.409995257865,-1.02518168370947,-13.0983586625684,-1.1794598508148,-107.157875848455,-5.24839093558982,129.639215444972
161,0.399088039455368,0.501855004885662,6.81544924274918,354.932918409433,21.6020290119617,26.4955431990502,92.2488130637237,376.089767548408,185.581232030225,-7.54665995481614,-87.7463361698319,115.31663049663,131.997479780927,-1.69485281473233,0.0167463116512004,-2.92546440048149,6.51927216798535,-0.339897856391078,-1.95061321713623,-0.207417038080604,-108.888788248994,-2.06387112843011,1.59793327770319,-6.07761657646962,82.8224453488916,-294.517025654184,-10.438073654696,35.824838074655,-196.603489843142,-118.827773286878,32.9403386225208,256.050766212328,-637.939158232127,437.124361018786,-41.7047427738272,-298.127982247368,-119.467932073396,-1.04345195262776,-13.0446882129212,-1.21821020134521,-121.520859534351,-5.29759001616036,108.642931619268
162,0.41898766065216,0.502522814615208,6.81558360863759,357.159056456446,21.7100353188169,26.1834579827912,92.9412861729789,376.369058640041,184.532822925785,-7.47432807582068,-86.9647029979515,112.831825118688,128.284570600071,-1.70068882686113,0.0162932735148906,-2.9289001977984,6.51259415866647,-0.348525993128692,-1.94283959814121,-0.185514061975968,-107.596243058868,-2.07104411659343,1.23576165997029,-6.66847826128868,81.2023710761248,-294.791092944123,-10.399497404727,36.5512289138566,-197.214480406244,-118.3991565923,25.4788735762781,256.225069048387,-634.745983054428,438.175128021003,-41.2623289710964,-345.03925146798,-120.065419810861,-1.04539726775176,-13.0608850904723,-1.24688555188993,-122.124065046884,-5.5123066410447,108.409605351811
163,0.425251411077236,0.504833067512429,6.81671213116013,357.841185289832,21.9569416201852,26.080354440345,92.3852370223423,375.638565504524,184.517971845152,-7.43067479870605,-86.1095674664777,111.952207874465,123.301654802526,-1.75281426014197,0.015838493867142,-2.93014805154453,6.51390882655437,-0.343625643641411,-1.95660035190524,-0.189827469565006,-104.965096478872,-2.08225867152906,0.954907263208568,-6.47936415772948,81.3400583523371,-295.550406298796,-10.34170968007,35.3238439621644,-197.092958048896,-120.293967107602,46.7981214193633,260.331937593869,-637.49122207721,430.205892973465,-41.022139350264,-343.816401570935,-120.592171741291,-1.11469197692698,-13.0765968875188,-1.56330763695046,-122.514162380586,-5.53271930659204,105.039105294758
164,0.455475249992667,0.503680663428372,6.81536311935804,360.432191115853,22.0060019134122,26.0918532349019,92.1089198501544,377.958210273341,183.98845834729,-7.58518987255945,-86.2511617548656,110.077260149196,169.260767838397,-1.78162079228553,0.0156210421886473,-2.94585943791121,6.48524857939577,-0.339753374610676,-1.94720190267377,-0.18789984982078,-107.429594020251,-2.06319402498408,0.126478100827313,-6.74100078687967,80.6667449114733,-297.721247267598,-9.64121132665207,35.0842186154567,-199.224873734004,-122.048436058853,47.3566660494689,254.938121977173,-640.220873782265,436.429558902388,-46.3332782034715,-394.672274920312,-122.492529566142,-1.12491041501678,-13.2028449477173,-1.2398122165187,-124.497486147876,-5.6979381820147,103.646328825748
165,0.415359845958707,0.507062880847947,6.82085178269797,357.449569465416,22.8008262151486,25.8953980208629,92.5210955862969,380.291149236328,183.676247468817,-7.54665045828696,-87.4550205698131,109.030416391083,195.871116995667,-1.77295878410905,0.0151416234491412,-2.96658711855069,6.46967546532289,-0.336951537919342,-1.94166502872123,-0.184769907749806,-103.247142437042,-2.08695368512922,0.0877050020966266,-6.57736489696984,80.6516419497548,-297.869525336579,-9.72225861081786,36.1830499097551,-199.497969964854,-121.611690954166,48.831655664103,252.877307456278,-638.911705383861,436.088481731544,-42.0704238290515,-410.280962572509,-122.657108040298,-1.12127955647264,-13.2185200814527,-1.1031562713385,-124.627741835019,-5.61092673330503,102.315912833584
166,0.493857852846095,0.504384657764306,6.82145513129103,364.398750202058,22.48622741202,26.2500942391066,91.598300946693,377.781265718385,186.411599087093,-8.03736412742431,-94.4129487478379,107.191154302414,171.542713699871,-1.84409707059982,0.0151811458630663,-3.09480447656482,6.33014035018849,-0.339380290072079,-2.03908968996344,-0.207027586264543,-114.502988455133,-2.09667068584003,3.29408033269038,-6.44988039329039,80.815335232156,-307.205699829093,-9.99298790385075,44.464003261921,-209.590705722231,-126.656926848049,134.894588989302,278.261035139342,-654.961892622903,434.616097468168,-40.4729745223819,-525.857175192912,-128.45474298604,-0.946331226861397,-13.6875292364126,-1.52971547138992,-130.864319241279,-5.61373433611057,113.263039772589
167,0.473708949015408,0.502042751177645,6.83712597266291,362.611978518908,25.1021487246863,26.141927236274,90.4993868383646,379.779946086869,184.103007354924,-8.17555130731222,-93.5027062168109,104.397933305025,170.728128245921,-1.87154734761662,0.0148031821797773,-2.82089391432467,6.33781003201189,-0.343433769581541,-2.03996451640528,-0.206113962043583,-119.884178528368,-2.07924845221368,4.87496830015583,-6.973288829483,82.3075760981316,-309.794918614484,-9.87760212748004,44.7063124840807,-211.921536794889,-128.504817226157,149.044518850971,271.193633642041,-668.201830030568,418.465149583784,-50.6537252302969,-537.625285057286,-129.49207983925,-0.958248122637779,-13.8223174358364,-1.11459279493789,-131.785736819236,-5.40559704461576,80.8159743685353
168,0.460891894752021,0.502019891021673,6.83567864697811,361.521465109784,24.9021644008608,26.055707153512,90.8411727293306,378.947682618453,183.494852984908,-8.34765518545848,-96.1724409971933,102.426015952742,157.128945016764,-1.89895533643547,0.014599533918317,-2.86679308952767,6.3461225641203,-0.355170803698094,-2.08693662985886,-0.208974968405111,-123.516321977987,-2.05733359171858,4.61082823014812,-6.90267928177089,81.6185654009825,-312.72763101829,-9.98057093322261,45.7860023063101,-214.004362532702,-131.134213636353,158.196015654853,265.366590749844,-583.154819630045,421.417635616104,-53.0613282803371,-544.517893270993,-131.747947521112,-0.971097725289448,-13.9636909494037,-1.08470656617362,-134.1802819114,-5.57245352040116,78.4671892908542
169,0.453344052003782,0.505365628108961,6.84221015253615,360.882368295954,25.4290190784792,26.0645632245297,91.3388066058783,378.94291951414,183.241120886742,-9.11921831313992,-95.9598935623617,101.156799368141,152.823792047418,-1.91945475436978,0.014104806553524,-2.71347520408363,6.34858140292229,-0.350895431069725,-2.09445773392902,-0.20387383796482,-121.522518510729,-2.08520116619248,5.65338091764598,-6.58091207738426,81.8497078154988,-312.325323603858,-9.99865818376799,46.4736131855099,-213.969988104038,-130.611246203062,140.554548456629,257.331309258902,-568.87849878934,429.918461682757,-57.5344084761408,-530.196347408323,-133.313491383787,-0.968055372896182,-13.9807127641998,-1.06882364691111,-135.701196889478,-5.49773400542563,78.1446021754049
170,0.436996314515527,0.505248406797661,6.83962562626429,359.499526997585,25.2222512455763,25.9889584921924,90.9929388008571,378.832703124523,182.417946426371,-9.31291974885909,-90.2687645228752,98.901020292224,140.93814234105,-1.95465812784974,0.013891135400349,-2.69960837073915,6.34202647121664,-0.360949079624931,-2.14728535732783,-0.208489788895211,-75.706180611464,-2.13065930669475,4.58977367433938,-0.233992162950386,86.1199863844929,-280.394649734737,-10.0781557352758,46.3606649372625,-186.728361190723,-129.000754726468,126.533379471211,250.603310536885,-574.979579203313,427.244512605193,54.9926688864577,-294.882964862235,-41.5833002902243,-0.798025468415822,0.296372187838537,-1.21242696221668,-32.5655871686272,-5.65592567270355,74.4407425476098
171,0.419825168883547,0.502132215225525,6.82379956298623,358.297191207729,23.3418284026478,25.9320884685086,90.7874936996798,376.855382110989,184.55146547615,-9.43868747779215,-92.6554806059171,94.8108451606031,139.051967151408,-1.96684959459349,0.0134649321193387,-2.71759843570596,6.33304320216303,-0.379588182005451,-2.18751935629931,-0.214033132697299,-78.0732694827992,-2.1450493257353,3.71917660413052,-0.247634140563306,85.4239356799972,-283.048060055125,-10.1552835873697,44.3193954914008,-188.488248007443,-129.307872476609,124.208744825421,243.297073591807,-584.562491279224,429.479170794669,51.392860469659,-366.875067881545,-42.7611995262377,-0.80605102040383,0.274502133064422,-1.50520370642428,-33.8558128328433,-5.71545074170794,75.3183063523611
172,0.444348877950941,0.501105411170375,6.82045779833931,360.754679159976,25.0713393984893,25.9538729988978,91.1101581957591,385.713800750156,187.232074419382,-9.64049823927476,-95.4673314558022,94.0663963417331,124.419235882931,-1.54879733093688,0.0132502096969778,-2.65081354846045,6.37613200384859,-0.391077253802753,-2.22646871281354,-0.220543520869075,-80.860860721933,-2.11043460059357,4.44428763023312,0.286761894881153,84.7846946876334,-286.3370764972,-10.1329356115427,44.1873365146604,-191.935746825291,-119.404383635583,176.277097501691,236.779334970193,-592.931741670985,444.325445789744,48.9566121365555,-397.449707748294,-43.6023239177726,-0.817258686232208,0.2497620078859,-1.44669278888696,-34.9740603995502,-5.70777947326087,73.7218976459295
173,0.429405040400233,0.499656079394949,6.81052242531044,358.879771006263,23.6980789716542,26.0436802206917,89.8733371089127,383.481288288433,188.167419673367,-10.0486176632837,-98.8944035109683,90.9624878270844,230.392416330388,-1.60468600179398,0.0132237045505726,-2.60681103211738,7.25517449554895,-0.343472198554648,-1.47235990247999,-0.204776219126702,-85.1300272180425,-2.21285380458298,1.40219648241811,0.286772047177593,84.4345680703876,-270.9461931916,-9.87179609512708,41.4025447514124,-175.204443620084,-129.033681350423,400.584017833488,225.262983664251,-611.658615697713,443.364109867292,42.9252615922885,209.481559699741,-36.7883389377589,-0.826250409413456,0.206587092810783,-1.04062517124645,-27.3115352133022,-4.96502462712329,64.2003801195914
174,0.412566516908042,0.49500276775722,6.80679500199747,357.398123603857,22.8966313712204,26.1700193431715,89.835708941952,381.748631324752,187.390515065263,-10.3356340595351,-98.1994154908191,89.3587501361513,231.881497186213,-1.62983632998208,0.0131292591093064,-2.65337842853402,7.23743545352055,-0.319139855458207,-1.4561766706849,-0.211163879926155,-86.9843615513119,-2.0290857619832,5.08696058937231,4.16003440997918,84.9008129713167,-275.54134127145,-9.64377862061013,49.4243839796513,-179.51091798685,-130.165421398161,529.297654113246,251.582368728712,-587.849729663139,470.69480966802,39.6876598508051,146.561455180148,-38.9116293565102,-0.839380704660643,0.176403874639223,-0.91963016490083,-29.3828768029551,-5.023165532313,56.7109730339175
175,0.421381219790152,0.495850665547683,6.80709516407593,358.294083426949,23.4034661408872,26.177207880128,89.8297685057214,381.537234126945,187.058975286381,-10.3544721291481,-98.2368067218961,88.2611257838567,225.330322218382,-1.64387285797387,0.0128278984948558,-2.66226809397448,7.23986863843084,-0.319005921994733,-1.45063493165345,-0.210808753385552,-86.703160440752,-2.02660166577067,4.77553035504805,4.28288574414367,84.7859361520941,-275.450634660931,-9.75199937067021,49.4116745178004,-179.464844020375,-129.776092305356,531.471779641538,249.863477091289,-588.372304887089,470.606018427281,39.5897533835584,142.958368650842,-38.8999186540585,-0.838535781719656,0.156103592033878,-0.974430888355563,-29.4027901076698,-5.03345229225053,56.3602841893683
176,-0.179377947706362,0.473083204363693,6.79392138730671,299.729959270184,22.226647040436,25.8621760414916,90.4083387228673,383.735580403312,187.821355897266,-10.0188823441329,-98.6619611719936,63.5679746905219,231.872355407716,-1.61050621089336,0.0118012161311558,-2.60015239261824,7.21036865882106,-0.303677651021178,-1.33021760692008,-0.202281395482312,-128.275610491432,-1.96840017672694,3.27677315420969,2.0782482716032,85.8979985055681,-271.078064423625,-9.59864171315015,49.8604036270057,-173.843507020917,-121.382769192208,551.90529062073,243.697305483994,-578.221287520627,488.615435955013,20.4694777956593,207.968879695718,-35.8559969414367,-0.812347936355932,0.150089304545855,-1.18161795311753,-26.2403329609567,-4.94361327419728,60.3349278777172
177,-0.207181863381338,0.469959577974601,6.81030472075666,296.466093465122,21.4890266575857,25.727800652484,89.7986498327445,383.978577735782,186.598924241463,-10.4623445910222,-104.871507482778,61.6850538814348,214.300752444004,-1.64147031721172,0.0116527309648081,-2.69851812709933,7.12213199851901,-0.324284110929523,-1.41477027674971,-0.212632881559156,-137.419502036357,-2.06180933265857,2.58953645991551,2.25239209188111,85.9313706533391,-275.747487704067,-9.54681763269292,53.5445751340241,-178.424444211439,-127.281010547708,517.760746317366,234.526008821673,-588.363333602164,474.164935050198,20.3600900967334,151.902648153468,-32.8798636942714,-0.836614044828457,0.11025959319998,-1.54463390232797,-23.3963197131664,-5.32281232004588,54.9440057872596
178,-0.298859640634978,0.479782855474863,6.80827138490398,287.474492711832,19.4566417416613,25.3125318598346,87.8332127333489,379.432041550303,183.861606044861,-10.897606363393,-114.366879596917,58.658559114194,243.022674854611,-1.66809181051514,0.0117227342114267,-2.82549778536386,7.79431976139128,-0.30587621220149,-1.56373856244988,-0.200569790969566,-153.280565700403,-1.93426005904853,3.14456694662842,0.467134406666048,86.7701749463647,-273.773791483292,-7.69534546530667,54.0899941896692,-170.789539560086,-144.028467214306,460.165642451894,199.192702071778,-612.448020011295,441.553943557959,18.5316270834701,-28.1853819804073,-35.2501924506106,-0.58019049887977,0.065668254212506,-0.786961459977107,-26.1811649804964,-5.76258818362418,56.5792889424553
179,-0.32725117085566,0.478987710455337,6.81623939862569,285.1650963027,21.0291162322657,25.2691303035032,88.1301809752883,378.935916050399,183.21632360733,-11.0756997886324,-117.387314508978,57.4214710300475,253.459468485785,-1.68126976433374,0.0115287564420668,-2.8530061037559,7.7508390781545,-0.315495075916096,-1.59989397408888,-0.20937955740247,-156.995690795719,-1.98513915277122,1.98347310146686,-0.0707516572675786,86.0212137990977,-232.805616150903,-7.89475772050654,52.7713644143319,-130.546944857864,-148.060328101481,441.499583331713,188.119032316691,-624.941462271921,429.681809156244,10.8150406416584,-43.3511508774181,-34.0408439061846,-0.592788964610315,0.0391069703081355,-0.693653182187472,-25.5266057304003,-5.86203272036697,68.7696204296457
180,-0.318964872563611,0.479791213969266,6.81638689147537,286.006294536047,21.5374003634578,25.2729990449166,88.1242400251455,378.693281330093,182.884785436848,-11.0945379243003,-117.424708201402,56.3238403997271,246.25947058147,-1.69530438880024,0.0112273965339735,-2.86634683267031,7.75301412006947,-0.315361105179122,-1.5943536016759,-0.209049560396299,-156.714442665052,-1.98265416453405,1.67204162616687,0.0521006446037404,85.9063374702931,-232.714912274897,-8.01341646526766,52.758651649232,-130.500885248181,-147.671001399907,443.673495889862,186.400204476371,-625.463954248803,429.593022968192,10.7172056182109,-46.9448407878936,-34.0290847760349,-0.591944114721432,0.0188066695554152,-0.753846378632957,-25.5464813034426,-5.87231983301148,68.4189410239504
181,-0.325623977230076,0.482076549126219,6.81109898051088,285.992933089964,22.0864837860904,25.1475729053683,88.0724100567479,378.956015931155,183.991160130957,-10.930730290349,-109.905954333762,59.8192451488135,237.304597273033,-1.69913729322289,0.010581046014488,-2.85577735171098,7.82113653007575,-0.29516600105571,-1.53000993822176,-0.194413579526395,-153.775575260147,-2.03499386484273,1.15924638890888,1.04902272107354,86.023725831769,-232.488565620784,-8.46782170390398,55.2068007595388,-129.289422714196,-144.398799857537,443.078457379137,178.845268987916,-621.561750744054,430.71582340328,11.9295357513439,-32.7202477588007,-35.8878590270121,-0.593063425063094,0.000130047658905452,-1.18518306719231,-27.819862659629,-5.89367196175692,70.0491351851435
182,-0.283467464193646,0.482930366502416,6.81259504088634,289.520312497589,22.5309125662083,25.135094920248,88.8168027425838,377.965305853601,185.101922965844,-10.9162229664457,-109.868128318933,60.7494523469551,82.0345311735093,-1.71589915288449,0.00995518225946027,-2.86500922965631,7.85865837426132,-0.283636335261993,-1.52651701572849,-0.19392795398397,-149.650189192102,-2.03649085051943,1.10849685842577,2.21610888673091,88.5627830816317,-232.217759431,-8.69733597591857,52.2244860217733,-130.495163275184,-145.21753173075,442.414970653315,175.004233202196,-622.21981446711,430.935335479009,16.5779686511744,54.7057059472472,-33.3178617402447,-0.591868067048033,-0.0182763866157833,-1.25076631557341,-25.3156915664264,-5.925850349623,71.0283065611148
183,-0.364525185395564,0.479666217536032,6.80027488790268,282.202371974938,40.5377277057286,25.1286007934688,89.4043026853744,374.106683618538,185.668877940094,-11.561728486376,-114.663141506761,59.8824887097758,80.8995889473666,-1.4630011627298,0.00991245210855163,-2.96078888001858,7.84502316384264,-0.311885443919174,-1.62992653154039,0.118213999060406,-110.660319895862,-1.90101571866338,2.01223458526371,2.15372613734868,86.7032703814302,-200.977349196754,-7.15604454419661,49.9161051379095,-97.7687270914287,-154.441759975207,562.756732795202,152.13668489064,-642.948249568591,423.231670677453,52.3954756014188,236.419849941977,-34.0043229431976,-0.61312906809812,-0.0626497296901873,-0.85206315375159,-26.8276119906741,-5.20016604108219,74.8079362812911
184,-0.389337900956087,0.474889723081459,6.79068292100932,279.979310519146,39.4816076480681,25.0044063143455,89.6164057379582,381.277717493063,186.971392694273,-12.1427512776326,-122.285573755181,57.0724606476709,63.8773534069022,-1.46780830079594,0.00981636046436692,-3.06951061981177,7.7595413953016,-0.339425830543527,-1.76700004104087,0.112830707806719,-121.327441814364,-1.84185581267528,-0.556735065785119,1.29441433811131,85.4647957866968,-81.9322026138236,-7.03105607326824,48.4537214996171,17.0134498041781,-159.918527041226,570.711831062679,186.475648248827,-654.914264944685,445.649094140926,60.7879745761783,782.05610100761,-32.381896540755,-0.580540901904744,-0.10601419595307,-0.36650739682069,-24.5090509136345,-5.58391705712808,71.5292110698942
185,-0.394240796872894,0.476088342016494,6.79058893273919,278.865234365862,39.8162670112734,25.234994474309,88.9647912578937,381.874955144408,186.712430137837,-12.1727034472268,-123.442470314281,57.8693732147792,51.0824935275314,-1.43779747831237,0.00918542669527559,-3.06923951888192,7.77256859574384,-0.339468480230723,-1.77652785755468,0.116355234522681,-121.70444251081,-1.83179349423355,-0.824059752045386,1.57033698095086,85.4026534309797,-82.5574334363759,-6.70579261144277,48.0621994961332,16.7212352079704,-163.580598454042,580.73882672662,174.13537712016,-655.563645661657,432.11513979844,62.05589115019,654.489048259889,-32.4102429382716,-0.57390117308849,-0.122537384746852,-0.391561466485687,-24.5542593920694,-5.44082521442007,71.6648522463678
186,-0.240451200191259,0.473070951298076,6.78966210657871,291.368328574222,44.151796649092,25.7121745430447,100.586195516255,412.623639242632,211.530250753848,-1.45142596940053,-121.077924918072,53.163948575299,19.4162783524923,-1.34866539778983,0.0091069732014322,-3.2130044420443,8.01382549347734,-0.312287270388235,-1.71656313322495,0.128999571898085,-132.670638566925,-1.81011424946981,-1.13365038440699,1.50416031984889,86.1749234120054,-86.9446580807952,-7.18838202210355,57.4743561555812,13.0108739268188,-171.044675749446,763.179351366879,151.223062518994,-668.304086115799,432.879186103623,53.9518001396086,593.084712182871,-36.0640382521983,-0.587731506724276,-0.157824473875657,-0.12137921151189,-28.0782814490523,-5.76509866317553,80.716479207701
187,-0.315285607611017,0.474352141446817,6.79103744206768,284.987691976866,44.7452836174459,25.7381901231119,101.000568411476,411.697954665923,212.466375959065,-1.39409011405356,-125.840040192818,47.6959225636714,-4.36193554158604,-1.35658869276379,0.0090615722796195,-3.24531873952079,7.96700260452754,-0.298804255954116,-1.86279228218447,0.123978384367805,-138.577934177837,-1.92218106618483,-3.67340210347912,2.57181187172944,89.4318388345231,-90.1535416776019,-7.51155200710991,57.7931193339064,12.4612001758306,-176.468214055672,764.656231233378,159.888902552685,-679.739114196401,446.413892607521,45.4575012814436,478.090002537418,-36.2967945133504,-0.61223796671339,-0.199018613244047,-0.565492199370031,-28.4871098279796,-5.82752211126222,74.2104780454655
188,-0.332029444745691,0.474188470037177,6.78958994323309,281.986510009914,43.568544728275,25.4102601473788,100.262790337279,414.402902710967,212.387458024523,1.36585878891622,-128.9002161668,43.0530485325353,9.24331972838263,-0.796162093443704,0.00905936282359256,-3.33916204673517,7.97993458269578,-0.155384437684699,-1.92920939360875,0.144304895687828,-110.376552360809,-2.04812253132677,-1.47085441437879,3.62325573363864,88.6005116125451,-93.7595933469543,-7.47622382007481,58.7811372670375,9.51510868772422,-187.122270176642,719.229086572409,178.510389093664,-700.515961669727,421.268175077412,38.4002979848523,440.65606237406,-38.7377586860546,-0.643875163577616,-0.246789456007791,-0.887831236783381,-30.9317101907431,-6.19731683180198,64.14988868368
189,-0.325065114957059,0.474873146025587,6.78949548374611,282.688706483289,44.0501420044146,25.407616837604,100.256848660582,414.129351169458,212.055920757601,1.3470206965767,-128.937613823671,41.9554142657194,1.35811684676423,-0.810193765169869,0.00875800457700929,-3.35759077378652,7.98133289303008,-0.155250482484357,-1.92367174225948,0.144586639669784,-110.095232395856,-2.04563637249326,-1.78228758220993,3.74610949899382,88.4856360575601,-93.6688934116029,-7.60624847206904,58.7684184582675,9.5611466964813,-186.732945886847,721.402611402859,176.791646184232,-701.038328962242,421.179387963918,38.3025868846305,437.079474106039,-38.7258989518559,-0.643030417799462,-0.267089773449489,-0.95197807737023,-30.9515051934731,-6.20760463648287,63.7992240891923
190,-0.351892275082798,0.474698624391612,6.79098238531456,279.54804126877,43.829892314247,25.2418263155469,99.9948076279551,414.560485001074,211.155829421904,1.2577484702361,-124.889741749335,38.657417786083,10.0638468487114,-0.790693795969543,0.00859586046598673,-3.4079133984505,7.93923727989297,-0.146784711598669,-1.98684004012711,0.149611758191949,-114.860016238472,-2.11952643274088,-0.00926938970455637,3.90639588758982,88.2035022904048,-96.1099787278081,-4.82856239319079,57.6079138112784,6.89017017777076,-187.890158847236,707.798376750553,164.556142304059,-707.352571592308,428.172666174007,33.0740168033705,366.603575128832,-36.7725207973023,-0.661355751605097,-0.307141692129367,-1.20324101896671,-29.0450867728897,-6.24121319848671,63.5852548902619
191,-0.345280524471683,0.475351891204605,6.79084100470946,280.212979915389,44.3012757890898,25.2376592050972,99.9888658277861,414.284857734207,210.824292015542,1.23891041277381,-124.927140196507,37.5597839401782,2.11365001797481,-0.804724892765022,0.00829450264123098,-3.42693449173775,7.94042841390338,-0.146650772946364,-1.98130303246026,0.149882368918996,-114.578682566108,-2.11704008794461,-0.320702847158188,4.02924992803655,88.0886268846961,-96.0192795025599,-4.95978804397317,57.5951936486913,6.93620411189008,-187.500834765837,709.971815289065,162.837413322738,-707.874915626474,428.083877206358,32.9763321649482,363.030777950678,-36.7606367890046,-0.660511024228011,-0.327442010789175,-1.26724930956285,-29.0648620281528,-6.25150116636943,63.2345932035583
192,-0.427746575702021,0.467649736901419,6.77853584354416,272.501889780905,43.5222939962409,24.8867732757152,100.27567537894,416.20543879775,209.70535164715,0.9856943031985,-132.084970596216,33.9029118145151,-26.3759609435554,-0.821370957091078,0.00824679575470791,-3.49381465723384,7.85624776013917,-0.166538836877475,-2.05015043694106,0.157367890024253,-122.929627902204,-2.24003768490245,-2.99775741419299,6.34858002932816,93.841514586979,-79.1101534826613,-5.17834588274259,64.1686392614153,14.5016259815177,-197.983186645984,718.099796755369,181.760844009056,-695.655940154813,472.435246156385,74.7542894918553,678.282894040012,-34.1940336905344,-0.688069863660382,-0.349844327609678,-1.74947644274092,-26.9271293665769,-6.47195874627379,58.9858127707593
193,-0.413651785054556,0.463795814848446,6.77151794508579,272.994062683869,42.8419481586908,24.7672618745197,99.6960137453361,415.592397324469,208.509516697539,0.884578418753348,-126.568934607466,42.4112963112625,-46.9259126509064,-0.850806056003238,0.00808411199523492,-3.52347209378946,7.90227875549696,-0.152855494017469,-2.0726609388765,0.166960534751352,-122.648281325745,-2.31708685781727,-1.90304087092173,6.18015569570001,93.6704334670078,-80.2279952948979,-5.20098216557099,62.6390978356274,13.1798843831207,-206.235295299529,691.731229353213,168.274111699361,-691.152028328853,462.181688547827,65.2966229629608,702.880814049996,-36.6710619344074,-0.703970342326463,-0.385314842447986,-1.78007001708167,-29.3967883349745,-6.13893323681971,62.0634738203412
194,-0.405410618549135,0.455902768904364,6.76535932476996,272.593938227122,40.8374389634923,24.7315911872592,98.7923200692445,413.797894505914,207.617067420059,0.588833412984846,-130.028183120847,38.123227768743,-62.4877618677988,-0.872627339586719,0.00809061242627678,-3.64038104455839,7.94033354578181,-0.179940759083974,-2.10605229777289,0.173872191771029,-136.282744202028,-2.28855551828971,-2.70636567854794,7.03516562710146,92.1934864951958,-82.5891703582716,-4.86460092718494,63.4394209229324,9.99717951653986,-220.634117189486,701.331366546881,162.922928191994,-715.926253306046,445.744552702565,57.9324605383498,635.580164011162,-39.2369385830751,-0.73384409882367,-0.43723506736378,-2.22063000960695,-32.1629761044757,-6.43312425627927,51.2153044133219
195,-0.399556236401569,0.456490263325382,6.76513252667878,273.17875902853,41.2850045764748,24.7243223111447,98.7863780651923,413.523458219671,207.285529395956,0.569995447443961,-130.065583042706,37.0255958944327,-70.4750404338145,-0.886657369676663,0.00778925547980381,-3.66000253340852,7.94109857470533,-0.179806865333809,-2.10051660777782,0.174120285261377,-136.001385498595,-2.28606887592412,-3.01779963513005,7.15802016387271,92.0786113601606,-82.4984723883525,-4.99683694416523,63.4266980531035,10.043206038625,-220.244793192574,703.504633364811,161.204222284751,-716.448555509768,445.65575846296,57.8348273411639,632.014879419057,-39.2250046333594,-0.732999403403973,-0.457535386253739,-2.28330681906497,-32.1827104630057,-6.44341255904315,50.8646481373111
196,-0.393900490324685,0.457060965909452,6.76488618071974,273.742558975258,41.7260562641596,24.7162703439038,98.780436019056,413.250409470875,206.953991152117,0.551157508837077,-130.10298331094,35.9279647209434,-78.4530314222618,-0.900687149542978,0.0074878987575979,-3.67965624267956,7.94175723416104,-0.179672984951965,-2.09498125195177,0.174362721072574,-135.720021015324,-2.28358217361439,-3.32923370157931,7.28087481384263,91.9637362868207,-82.4077747002505,-5.1290493122042,63.4139745081292,10.0892308526856,-219.855469152007,705.677857549859,159.48552123432,-716.970848193467,445.566962612563,57.7372066673673,628.45145206871,-39.2130579910915,-0.732154715020088,-0.477835704803968,-2.34544318700469,-32.2024343784302,-6.45370094701629,50.5139931325984
197,-0.44846022398465,0.454087525479923,6.78037725046307,268.215294597741,40.8402030186301,24.4906971778809,98.1498949250857,413.559170783338,205.823714131403,0.399792132217947,-103.805202768777,32.7378305110071,-71.4805527834285,-0.942124346573213,0.00730292374359407,-3.79642015901606,7.9758421745351,-0.008461320263073,-2.20724320966035,0.166044017327285,-142.669397045887,-2.26068731041688,-4.53018590622888,8.68826265118231,91.2779379852649,-83.4830568973376,-3.96173603421664,62.249802958129,8.75717771738096,-222.577576903213,693.726491067832,143.74908524878,-722.738081124924,455.873383534891,49.7171669154729,597.879308920916,-40.5267611981664,-0.75130148977063,-0.51663107618323,-2.32204275995687,-33.9703504518076,-6.32612945877465,48.8967587255219
198,-0.506958490361007,0.464014154310727,6.79481376608398,262.622116208596,46.8521775368085,25.6628351873033,97.552947371558,412.515420210078,208.368579002495,0.264622384648616,-71.7031175907028,28.7021365354977,-86.8478110964772,-0.983822173924765,0.00711683835625882,-3.77940403739382,7.97290324275506,0.0032203312479504,-2.29437269649266,0.172504452069141,-146.477632108441,-2.29281191436112,-6.64858588389019,8.31398390754003,90.8492314157607,-85.7055601767405,-4.20322101959266,60.5098090910684,7.07602315142196,-229.135171134573,666.449089300881,126.82279795033,-738.476084222823,436.703257854083,38.1949204395816,554.708444635474,-42.8974447852218,-0.776627112149446,-0.556560052210382,-2.62639272802074,-36.5694745144447,-6.6784676900412,48.9134998727394
199,-0.0549442877104309,0.527339078245983,6.81100115445522,308.851226428294,46.2400095592328,25.7210476497292,96.846313886653,415.553131010389,209.637253493992,0.0364950424458943,-73.6424365696461,25.1918045685805,-77.0670037519224,-1.02246632292639,0.00692974471310017,-3.76028177361679,7.94388304445045,-0.016098223370576,-2.28230179451444,0.165291666702027,-155.413615678521,-1.88549867474096,-6.4129781621409,7.35136392142593,91.9202227484395,-87.5668839010287,-4.31688941698723,58.4254105334037,5.20231446681774,-231.31826970202,941.150307149445,118.358872330212,-746.779564489116,428.458469894638,25.8255602273177,461.492927923828,-45.0982754091517,-0.797477661644022,-0.597701241684128,-2.91371022590916,-38.8097214971694,-6.98128258979756,42.4285943649326
200,-0.15228781164455,0.532239185473766,6.82044669182451,300.70308757573,47.0218686785395,25.8464859658737,96.9406639833272,412.528313097492,207.483530379437,-0.188110373941569,-57.9801792343077,19.9431466005612,-108.15596578565,-1.10004383461576,0.00688554211732909,-3.50740979028957,7.90374590895848,-0.0579283770916801,-2.49484181171351,0.148474903596662,-172.371911340975,-1.90724032990157,-5.08933348401339,6.71316318624996,91.3261770872999,-93.5983634908109,-3.52690513349246,58.5923504914064,-2.14166652341694,-238.976029400873,909.814709355266,81.17372350312,-751.327984937564,427.459156682837,-0.646848087100125,360.20974547364,-50.5036482340794,-0.850536047012474,-0.662780560674708,-3.25018166578499,-44.2986103367303,-7.55254255835294,53.0364003257703
201,-0.259225079529583,0.529597712723071,6.83017918208612,290.752969662251,48.4648893387945,25.8673026569524,95.3672108688594,409.492046566936,204.882732561974,-0.392589026886332,-38.4925194181105,24.2429262649774,-129.457413407895,-1.12264088533592,0.00691910541176966,-3.45864594771669,8.1821601047184,-0.0277340350380506,-2.64012373549014,0.164461024106214,-183.515008675974,-1.8914162543447,-0.051474399579746,9.127571798235,89.9220398287234,-99.3692738746912,-3.84156476853115,56.3739251139247,-5.92913591025456,-236.930811459956,871.396126210424,115.205951022553,-790.781332649934,436.071720703324,-18.9956600906728,547.682472996506,-51.8447733059653,-0.864090660197746,-0.731757284149848,-3.42446230390152,-46.8678782153167,-6.43557216524305,37.3256923324643
202,-0.473975786770822,0.514849158093119,6.83226113732469,270.269392741603,45.5203071729775,26.1697970644283,93.8265350293295,404.45556044486,200.850472554093,0.487005053403431,-38.5146771346966,19.2035926670127,-162.853472481197,-1.08106050530981,0.00740271121656447,-3.75479461652408,8.33163655372633,0.0842370555968694,-2.4133188031847,0.155992784310208,-212.620599841884,-2.21287840944323,-3.56566810719606,6.09140047141256,86.8586754059704,-103.124898691207,-4.44195020481652,49.5802413879811,-9.66649335591407,-267.513364633645,787.337054447383,55.8409014557378,-847.392404650508,386.670972637788,-30.866401030878,349.611895531591,-50.0712322285679,-0.954392875395777,-0.836115259346655,-3.04372151650662,-45.9089397918109,-6.68712589529491,16.5791719194445
203,-0.444483638237838,0.478437132795739,6.83414347012276,272.758165873426,-3.41917318732038,25.9065803414108,92.826822444716,406.192422979745,200.689297484568,0.570031156766797,-15.0761961544657,18.0175001284678,-172.193113140748,-1.15463307436247,0.0059918668397783,-3.9552933339595,7.33315339362513,0.120785895117046,-1.91469211739103,0.187737968725101,-213.266962060735,-2.67643226594967,-1.65050139371013,8.98153342481132,86.5516237797046,-104.330115054222,-4.17587799286704,49.548223936739,-11.1718022818701,-62.8222855645158,780.716028568327,96.9653840750991,-838.20337934473,376.901803803741,-38.7090904260123,387.489938932874,-52.4037437665651,-0.955965572688355,-0.84973432007785,-3.55042983828178,-48.6070538912131,-6.13553701258735,13.2891187355405
204,-0.440516348726421,0.478873145403809,6.83376655558971,273.143303412813,-3.03549701068997,25.8922278428701,92.8208801827965,405.9449975573,200.357756675583,0.551193476943167,-15.113598879686,16.9198769672018,-179.855528581129,-1.16866106782443,0.00569051193323901,-3.97365203795674,7.33300546798627,0.12091964438508,-1.90915947034462,0.18793521507153,-212.985557822594,-2.67394526641143,-1.9619361610256,9.10438883501513,86.436749114692,-104.239419214691,-4.30433616485454,49.5354950485827,-11.1257892562415,-62.4329603587012,782.888918250742,95.246710649679,-838.725608238636,376.812991600414,-38.8066161542635,383.940954807662,-52.3916942414223,-0.955120928307184,-0.870034631452165,-3.60560022998217,-48.6266925690844,-6.14582609695265,12.9384728145974
205,-0.436769492750749,0.479292617957226,6.83337644626975,273.505127327251,-2.65942956708625,25.8770895698176,92.8149379080609,405.70244525535,200.026215457917,0.532355833731035,-15.1510018741676,15.8222550567555,-187.451172354616,-1.18268886284421,0.00538915725282518,-3.99167137059276,7.33276506747871,0.121053374820831,-1.90362716347561,0.188126861713056,-212.704149379563,-2.67145825004617,-2.27337099681034,9.2272443233331,86.32187449041,-104.148723560617,-4.43192314710218,49.5227655027495,-11.0797774899808,-62.0436349167972,785.061767124326,93.5280394451554,-839.247830587047,376.724176987912,-38.9041306899901,380.393715829653,-52.3796318225812,-0.954276288033386,-0.890334941477856,-3.65960543224717,-48.6463205013146,-6.15611526956971,12.5878279021143
206,-0.533613134999304,0.473061546599964,6.82817943040677,264.480701269734,-2.94846554179321,25.878894473559,96.1968901351936,410.444539287381,201.913867067061,0.230033199682975,-21.8624724086565,10.1685463467816,-189.321571891934,-1.18776679609429,0.00534400234555035,-4.15371886825168,7.22164192884696,0.135056919144789,-2.00531902967456,0.178101148031046,-227.245346535256,-2.81431585991082,0.160624944506296,7.88378830420193,88.5994894672208,-107.919085374159,-4.84272120587215,47.1446945391641,-13.8480934240797,-60.4585423825529,740.478098257066,73.3404825042172,-840.040752624842,367.213793569736,-13.8860676992905,286.353464597431,-53.975851170038,-0.537513558766857,-0.953050539543298,-3.353946009819,-49.7161935680877,-6.36346074000152,4.16120402772788
207,-0.530312397687918,0.47344823786645,6.82776497058562,264.795352331043,-2.5878378447907,25.862187858994,96.1909478439027,410.212792932193,201.582324977733,0.21119563216631,-21.8998759169871,9.07092708737108,-196.766465508421,-1.20179421010004,0.00504264811575529,-4.17094713532472,7.22122292999837,0.135190610475083,-1.9997874032883,0.178281640676467,-226.963930172063,-2.81182882260558,-0.150810016464249,8.00664393792019,88.4846149176795,-107.828390062314,-4.9683132725763,47.1319636857619,-13.8020840406525,-60.0692164121612,742.650866240125,71.621814976838,-840.562962792989,367.124973918221,-13.9835603050821,282.80967321867,-53.9637629841768,-0.536668925828097,-0.973350846604464,-3.40543707799062,-49.7357999867905,-6.37375008970852,3.81056105057502
208,-0.44254153175323,0.482298061894202,6.83730832460476,273.05906643504,0.526317918333916,26.1288338258734,91.2668500874992,406.978823776511,202.693435308315,0.489991298481096,-15.2777322966096,8.9602446890114,-190.910131813227,-1.17270135652162,-0.102341594649833,-4.21058442010899,7.31564733203722,-0.501896292473714,-2.25063109674704,0.10465845021101,-232.471948366073,-4.10352055330354,-4.18470356144631,9.28048151902258,85.7307960617999,-102.267612302269,-4.73866853718398,39.6200552517724,-9.67684246135502,-64.7127428098013,582.929692254121,93.0697807651597,-826.262530690938,394.257456577249,2.4303816112083,406.297814010293,-50.2958531572428,-0.511686878973588,-0.960459303565379,-3.06896395447053,-45.9432658700838,-6.16303431768238,14.5871715056697
209,-0.537979660945902,0.482610199157908,6.84194242376368,264.188592941622,-1.82389795239965,25.8310303408358,90.1186651503361,410.337255682511,200.900403162149,0.194428172304685,-21.9221902133012,9.28117718373693,-204.078140317825,-1.07331150807488,-0.105093871826226,-4.37700548637634,7.20354462879543,-0.534860024865759,-2.24637501967031,0.0976565264517637,-242.024237678933,-4.24574270695169,-6.91642828592721,8.19528286462537,84.0666741794458,-104.738962623555,-5.22762649919853,36.2658016373117,-12.5260632132563,-44.2778773062981,544.055147873088,186.128068872119,-835.3742921697,477.406721789534,-7.62618708738387,303.681133204261,-55.0745456852553,-0.541367371120097,-1.01153921265262,-2.56327780743475,-50.8663342265156,-6.40781423246375,4.23434057192077
210,-0.638896393949906,0.473969497436656,6.84312827855447,254.98502704686,-4.5506198858358,25.5106067512771,88.8721275512526,407.512636561161,199.989193908659,0.0143074636311393,-29.1285604841868,5.13021552612983,-236.527333385531,-1.08479985762437,-0.108017778038744,-4.52573693514034,7.11606182893511,-0.571152604851518,-2.42949886044749,0.082733376923144,-257.220695347106,-4.44412332837083,-7.52048137712555,8.29145674807118,82.3021479874933,-110.291634079455,-5.39661928201916,39.4185665048556,-18.2372379973399,-26.2956797898026,509.149114538056,224.519544613189,-691.079276124344,664.612108478906,-9.27900408304993,252.789342425735,-57.6383602435437,-0.56764372526966,-1.06463684231315,-2.7856154578128,-53.4211405459456,-6.64187922740785,-6.68698387579133
211,-0.636503845171114,0.474292191597987,6.84267287967853,255.203692067158,-4.22146259564209,25.4907858525615,88.8661852606682,407.306385350162,199.657649883242,-0.00452994437210386,-29.1659649259297,4.03260208243827,-243.608091508108,-1.09882656919596,-0.108319131378186,-4.54097181860518,7.11531318738605,-0.571018996570802,-2.42396859099405,0.0828918027657444,-256.939264977516,-4.44163629541945,-7.83191654631584,8.41431263205563,82.1872735618775,-110.200939346608,-5.51730383449687,39.4058330722885,-18.1912328740263,-25.9063525598469,511.321723905114,222.80088167693,-691.601465328512,664.523277985739,-9.37645464481056,249.252265979208,-57.6262207995613,-0.566799103759507,-1.08493714253567,-2.83141718551645,-53.4407040261293,-6.65216893246665,-7.03762329040512
212,-0.634341290264006,0.47459923791135,6.84220883105871,255.398059116709,-3.90027460636526,25.4701917515531,88.8602429771097,407.107289110781,199.326105335503,-0.0233673109348036,-29.2033695817361,2.93499019344964,-250.585245414132,-1.11285311727909,-0.108620484497613,-4.55562563480526,7.11448800638826,-0.570885409992037,-2.41843865959758,0.0830447665049781,-256.657831478799,-4.43914927283791,-8.14335175913791,8.53716857037713,82.0723991620267,-110.110244737238,-5.63657744511857,39.3930990027827,-18.1452287133058,-25.5170249745219,513.494294296051,221.082219334934,-692.123649980346,664.434444632004,-9.47389507305445,245.716830057934,-57.6140686126669,-0.565954484452348,-1.10523744087073,-2.87566453160982,-53.4602568030774,-6.66245872651885,-7.38826187717348
213,-0.598032192526043,0.470684916522525,6.84484090230814,259.579808655772,-6.97895693242106,25.1262948001639,89.2223585316329,404.325773928663,198.149600239927,-0.382423705535883,-29.6292543395074,0.364423207476676,-243.261499319906,-1.17423243820501,-0.111756340446976,-4.63537383440083,7.02787849104868,-0.569976131452507,-2.32665368946175,0.111318395244999,-256.376394983763,-4.36457516472465,-11.1427174775015,7.35041819122696,81.2188567324227,-116.251053917995,-6.15790239159578,44.756598640338,-23.1849655202997,-35.1293021097813,531.773221386824,197.470025314002,-724.041454903166,647.745946399784,-14.0621180650485,130.966806007891,-62.8426718339599,-0.587482676721284,-1.16308460796005,-3.36049396341877,-58.9268324262927,-6.83136871182769,-7.98197379030398
214,-0.596330895335977,0.470961201952202,6.84436121700188,259.725458934497,-6.67371442655829,25.1041647887672,89.2164162689816,404.141734361237,197.818054613391,-0.401260988097844,-29.6666594028527,-0.73318548849312,-250.019544140678,-1.18825867197711,-0.112057693131012,-4.64878617596621,7.02690756257825,-0.569842588999179,-2.32112443078499,0.111460525036675,-256.094955610425,-4.36208817179797,-11.4541527695792,7.4732742297865,81.1039823786434,-116.16035953444,-6.27418016545628,44.7438633085029,-23.1389631801749,-34.7399737762499,533.945714739823,195.751363632116,-724.56363115215,647.657107199701,-14.1595386663844,127.43460229101,-62.8304943263938,-0.586638061170973,-1.1833849023742,-3.40151119798293,-58.9463639077615,-6.8416586834967,-8.3326107875244
215,-0.687082793249558,0.464453646485029,6.83238012403909,250.867534472515,-9.55984845747881,25.0520635400044,88.315537528236,400.940162263078,195.884190487774,-0.783183304397724,22.9855432349989,-7.2086310319124,-282.499114450846,-1.25558974799216,-0.115423236546277,-2.23297477788608,6.92290291098335,-0.601821694642697,-2.39869085136012,0.122882524084981,-268.670918350808,-4.56587323546254,-11.9368396170488,5.95062906360067,83.3175456015805,-117.559970606713,-6.20180401483235,41.477707451234,-25.2899694263683,-45.577821226871,594.672701586624,178.758771849454,-756.923105011886,636.950225989715,7.38426169072477,26.9748733214892,-68.1151942577626,-0.621434193635303,-1.245259603528,-3.91692375084601,-64.5235958774314,-7.42759143672184,26.9038217627576
216,-0.685842624512606,0.464699969979756,6.83188682062349,250.964500442011,-9.27046976594158,25.0284148453434,88.3095952945112,400.772018594156,195.552643746492,-0.802020502069759,22.9481377894503,-8.30623645336559,-289.024783060034,-1.26961568281654,-0.115724588802306,-2.24505616363816,6.9217961749789,-0.601688196951159,-2.39316225928823,0.123013959979493,-268.389473562675,-4.56338628227512,-12.2482749793869,6.07348519232686,83.2026712872601,-117.469276424329,-6.31489228842297,41.4649708741711,-25.2439687822583,-45.1884921042026,596.845119200435,177.040110232708,-757.44527369218,636.861380820717,7.28686034087832,23.4458343948409,-68.1029917126592,-0.620589581086728,-1.26555989388042,-3.95457930696378,-64.5431062697678,-7.43788158506401,26.5531862744025
217,-0.68483236858487,0.464931634109118,6.83138739174721,251.037200215796,-8.9889645245637,25.0040143089206,88.3036530778554,400.612081997508,195.221096437633,-0.820857657158751,22.9107321615282,-9.4038402168915,-295.430199036035,-1.28364147340588,-0.116025940847452,-2.2564442646006,6.92062523506679,-0.60155472177236,-2.38763399770722,0.123140107713894,-268.108026221529,-4.5608993521235,-12.5597103740302,6.1963413627733,83.0877969904348,-117.378582334493,-6.42632652777693,41.4522336814641,-25.1979689445255,-44.7991625747219,599.017499456196,175.321448462146,-757.967438865536,636.772532636189,7.18946840612989,19.9183519848666,-68.0907767747989,-0.619744969793847,-1.2858601821665,-3.99051517636414,-64.562606213452,-7.44817182123639,26.2025515128399
218,-0.814483858450917,0.4691304930016,6.81957896551661,239.017573923408,-11.2664715976812,24.6849937102311,87.9716382884216,402.320393849683,196.19004531407,-1.09649413567653,15.9924110992825,-13.4107334856092,-334.004009354579,-1.3332799524695,-0.119663387566519,-2.32228263037472,6.80847768682992,-0.629944925206318,-2.53074877556257,0.144279154855515,-276.544548627204,-4.74962458863606,-14.725022227571,12.6489015830954,83.4845023158264,-41.6891704832369,-6.37982859500133,39.4819130691649,56.4124892498719,-52.4133260025517,600.81001242188,157.882254128406,-793.747608715794,608.940120385668,43.6963994764211,90.5791405807931,-72.3436702689459,-0.654891555305958,-1.35879173337267,-4.54352015969768,-69.1830496562118,-8.11855450156214,12.6737938311648
219,-1.02873427369255,0.459043886314556,6.80114355461623,218.531600617965,-19.4943563420808,23.8674159393102,87.7135439506364,419.998272676304,197.027838861446,-1.55176328706632,17.9164102409942,-18.3551859321544,-388.951171082889,-1.38028638041959,-0.127537424667778,-2.48573438581322,6.66756146728501,-0.729299444629387,-2.91319438436464,0.117354903912913,-282.026474914266,-4.5064326321245,-21.6526052617096,12.4303780996635,79.789601912143,-45.2558624029947,-7.36277673880945,39.3409664781692,48.2204076880318,-79.5710535896454,689.425534680813,149.459581796166,-839.241207941369,643.070782643999,19.8543202574094,-205.118513335433,-85.6869348018392,-0.72748130135997,-1.48664569605037,-5.49955770223352,-82.9838609525203,-8.78995073698165,-11.0852577500714
220,-1.194294899236,0.445537914463369,6.80411349712646,203.30709336742,-16.1720932811702,23.3479617900274,96.1020364503306,424.739325745231,195.746130241062,-1.68817101890601,12.1237355143948,-10.1636512029421,-360.445938492776,-1.13542538198732,-0.132170691789984,-2.64390148350339,7.10856082241248,-0.759320276882959,1.15043022658524,0.144590353249833,-166.017249423298,-4.793842869292,-19.7650970023739,18.317881137091,77.1245577090876,-48.6241864718516,-6.83882050351951,46.3002675560336,41.9140471825873,-95.4383291357068,646.768561838777,141.983629756577,-490.604892204,649.148715047501,0.309085302224503,477.40995908117,-93.6807647108517,-0.756504876432503,-1.56696761328266,-4.97376382225189,-91.0128526096805,-1.33372184969308,-18.0614373360162
221,-1.19419738616152,0.445713176819116,6.80359380917809,203.283506092652,-15.9215743688407,23.3206083005901,96.0960943176047,424.613707241527,195.414580607842,-1.70700800357235,12.0863292118572,-11.2612482390551,-366.347137120681,-1.14945062833361,-0.132472043013859,-2.65235563330653,7.10715759044462,-0.75918689217996,1.15595718715044,0.144695766869857,-165.735792822222,-4.79135604976644,-20.0765325097352,18.4407374537658,77.0096834683998,-48.5334927037505,-6.94330034430068,46.2875279495816,41.9600440506464,-95.0489979105997,648.940796176387,140.264966284601,-491.127045047817,649.059854657129,0.211729645816263,473.888527717319,-93.6685011261533,-0.755660268690021,-1.58726789314036,-5.00260674504081,-91.0323114768131,-1.34401243316045,-18.4120693635012
222,-1.39221608591595,0.448176257642755,6.76778342280768,184.887192652929,-25.9381066125148,22.2790122565507,92.7877341315717,430.354711594227,191.5936763051,-2.51637114928472,22.7473939549707,-24.8750785040482,-403.253189457835,-1.12345425705695,-0.142890705520227,-2.86296447337285,7.01883410900922,-0.879687535959425,0.817955779632464,0.104880030461753,-189.703567861072,-5.10009948254007,-0.269449091597735,15.2411067313036,91.5206717920325,-14.706122533257,-7.64605510263011,37.0896217369022,84.0450221505557,181.143389197128,537.385897588811,287.228268421846,-122.603298622156,956.198577524436,99.7704802324378,1823.75102933567,41.8930774006257,-0.635237292068223,0.270947263416447,-4.15520355809219,49.2394472679909,-0.801500189169204,47.424473511872
223,-1.58924575246408,0.434389598781488,6.74816023302584,165.821659387894,-30.821554256631,24.3256614688214,91.0585136058411,426.516992095659,192.54561498922,-2.81328283736728,15.8699834823826,-34.1804201963842,-458.734709693776,-1.21621702185433,-0.149152453852052,-2.88754186320716,7.01909181578127,-0.948313760169383,0.6162638615725,0.0818356756026348,-210.223520155118,-5.49871190035176,-3.49419057665546,20.2388624652881,105.329576022159,-19.0590180433234,-8.49866116282365,30.6841089306196,80.1543393615674,176.73899631852,509.761859345613,255.458692404572,-151.908915252531,961.596183501054,76.3785649328327,1820.78693328328,40.4917985201235,-0.69001404144642,0.25961757247528,-4.96333095836581,47.6428248368224,-0.177681798719313,39.6712567873669
224,-1.80963853605373,0.417019438913726,6.72334380556178,145.318264820147,-37.2152807782645,24.1181190411291,90.8725695486307,434.78204173268,189.055608469344,-3.56813174500411,5.93098530621631,-41.4134844680343,-505.287762239368,-0.791675852043309,-0.156193819883521,-2.99253502820949,6.75919663186249,-1.05022400729885,0.591736711220412,0.103824431892645,-224.72449237896,-5.71988760195596,-7.38710724602039,17.8738177840889,103.411574383895,-24.4518379525544,-9.22081210334723,33.3373225437839,73.0191991989755,170.746564305524,461.461767743091,216.190226875021,-167.930174490014,967.239513064874,43.3310556208862,1616.47319787176,35.9788111506964,0.447299470634921,0.252211182526093,-3.51614417065328,42.0956816906942,1.01976307529978,29.1672598160197
225,-1.81044271241869,0.417141876596409,6.72281064697424,145.199634871697,-36.9949362404399,24.0878996611298,90.8666275248811,434.693125008084,188.724056425277,-3.58696855910302,5.89357841686922,-42.5110746236072,-510.647612614612,-0.805700606461935,-0.156495170321748,-2.99779792765216,6.75760034555865,-1.0500907137514,0.597262404286185,0.103909781040007,-224.443028041355,-5.71740092262909,-7.69854283969499,17.9966742139478,103.296700177196,-24.3611444286587,-9.31779632695413,33.3245806017176,73.0651935066975,171.135897335661,463.633861785026,214.471559963794,-168.452317721427,967.150640238702,43.2337340315358,1612.95753752111,35.9911219035292,0.448144077182812,0.23191091135753,-3.53755142724432,42.0762627512206,1.0094721509787,28.8166302456627
226,-1.79085239983272,0.395173132017345,6.7251552004513,142.858885029376,-45.857656635016,24.6969907652285,90.1580423796004,430.648586022755,184.581034325108,-4.27544167908721,4.98481401088196,-51.9677298438752,-586.112526430988,-0.840801220517603,-0.164524821908124,-2.96409992871028,6.65886299887504,-1.08742719781293,0.336779584362157,0.0806056106107459,-250.762842869865,-5.77446956116595,-9.2360620163617,15.8130456671021,101.985367494854,-32.5310291057283,-7.0511489222663,25.5941471149322,64.7939280232357,159.241620035432,347.045110456822,195.657316032858,-198.12365914646,932.877709960873,12.5998234110436,2646.68331695163,29.6457031574688,0.428778590127921,0.225061538162185,-3.34356845539869,35.5443926806577,0.253791499439153,32.9519292714538
227,-1.79210327588723,0.395270498776202,6.72461785220652,142.693200384663,-45.6520948014897,24.6653710883678,90.1521004197313,430.578914070024,184.249481043187,-4.2942784078481,4.94740686105735,-53.0653165017551,-591.187778590687,-0.854825748590664,-0.164826171966887,-2.96767071577223,6.65718489954813,-1.08729395009816,0.342304656246857,0.0806811786374214,-250.481375235271,-5.77198296302816,-9.54749764329115,15.9359021411615,101.870493296844,-32.4403356748616,-7.1441823803105,25.5814040343579,64.8399212042905,159.630954009111,349.217136459347,193.938646750318,-198.645798590598,932.788830830565,12.5025180259911,2643.17043709523,29.6580369398549,0.429623196961945,0.204761271435979,-3.36112935904584,35.5249932741789,0.243500407106719,32.6013008258049
228,-2.13476389303163,0.388942598590886,6.69607319095713,110.396126895234,-55.9779083887374,24.4238275970586,91.8725529907401,427.996317016367,196.365400973992,-5.28008578501141,-10.8665037796584,-56.0800331403613,-678.778621015496,-0.923275441537191,-0.174107895332807,-2.85416006190994,6.32399635816024,-1.16474761053193,0.373768024350921,0.0505012747723826,-250.199906095001,-6.30153890644182,-7.03901191841425,12.6511232561684,107.881162564825,-40.8252992631738,-7.44591060012775,31.2031253030311,65.4323574017926,158.208637123127,273.736495818402,193.681647514145,-213.997906925787,930.006068331928,4.8843388263864,2456.1177545542,23.6296421442426,0.406002877846387,0.1802615555245,-4.40330857321655,28.9986597847735,-0.292352581775512,286.060376132183
229,-2.13645870542223,0.389015788701057,6.69553335016335,110.183698647975,-55.7869262708733,24.3908293889495,91.8666111010131,427.946485757043,196.033846432594,-5.29892242839808,-10.9039111680092,-57.1776162622666,-683.5599922335,-0.937299756343535,-0.174409245021011,-2.85597441179086,6.32224625524023,-1.16461440881979,0.379292483433642,0.0505672290888003,-249.918435544268,-6.29905239688628,-7.35044757199741,12.7739797661673,107.766288369966,-40.7346059059537,-7.5348579879589,31.1903811034813,65.4783495585141,158.597972067697,275.908455187136,191.962975425832,-214.520043261935,929.917182839995,4.78704909281089,2452.60758518382,23.6419985865061,0.406847485555498,0.159961293305843,-4.41693744402323,28.9792796240664,-0.30264384050898,285.709748742005
230,-2.33747304373257,0.371487316442291,6.6566360949224,91.0169573166343,-66.4581709327877,23.4784327066821,90.1309854712159,422.335229553921,216.698333876395,8.69051260500882,-27.5874204723298,-52.4090849377002,-708.902080929445,-0.897071217441663,-0.185316952055976,-2.59015147682886,5.9487837671405,-1.16842084290878,0.697441862465857,0.0309665130111184,-285.060635141278,-5.87119828533468,-11.6200178102509,12.4085921097777,104.975682259257,-52.5545192647883,-8.7999318398645,21.165513088701,54.1949086057817,139.444740349368,360.285756201827,233.238347141491,-241.276833127149,884.976396555095,-24.6138373331077,2230.43422325962,30.0488606741278,0.649875259491183,0.151695607182545,-5.63106590269618,33.5275874387612,-1.35937096041252,296.635336576457
231,-2.33960902910581,0.371537224178911,6.65609545868785,90.7580965605476,-66.2815655419502,23.4440777329379,90.1250436578926,422.305834909544,216.366778053901,8.67167604703256,-27.6248280772552,-53.506664485349,-713.380288479622,-0.911095332060135,-0.185618301382527,-2.59014506472848,5.94697147005731,-1.16828768736919,0.702965717125697,0.0310230210277073,-284.779162055255,-5.86871187175455,-11.9314534838865,12.5314486474548,104.860808062012,-52.4638259618322,-8.88465785283215,21.1527677897084,54.2408998405042,139.834076292181,362.45765034239,231.519671812946,-241.79896703459,884.887504644048,-24.7111119680264,2226.92669436704,30.0612394065929,0.650719868664331,0.131395349536628,-5.64067706076571,33.5082262366026,-1.3696623839367,296.284710172512
232,-2.80295619903204,0.366895125556076,6.7385893072965,49.9747472834322,-59.8881852326032,23.4129000342165,85.7432331240359,429.459779300138,198.089162754339,7.94030384239463,-30.010320205171,-58.6306101798005,-731.18666832358,-2.92428015767113,-0.184316245392667,-3.22219272347738,6.00491421678033,-1.28900885791401,-0.448273564203834,-0.0623445977245024,-292.188960214156,-7.04760311792915,-19.9317310151048,12.7310677668487,95.0937774809737,-52.3146473456648,-8.73163705609008,37.1588292794141,45.7393391803855,131.645873586238,124.745249728835,228.175284327751,-526.957986938591,1009.74595104106,-0.225792381710221,2467.62574861015,15.1605007542917,0.668520093963125,-0.153873166799185,-5.67989550902248,19.0703454689488,-0.269082239049435,263.463569885198
233,-2.80553059403447,0.366922645194282,6.73804957272941,49.669765112236,-59.7257535801562,23.3772100604502,85.7372913933779,429.45141719225,197.757605629126,7.92146736986497,-30.0477280047197,-59.728186114911,-735.352429479782,-2.93830408518057,-0.184617594366471,-3.22030122459537,6.00304953496391,-1.28887574871693,-0.442750305587784,-0.0622973685973133,-291.907484973695,-7.04511680771758,-20.2431667021918,12.8539243239431,94.9789032758058,-52.2239540775903,-8.81200638954385,37.1460829005114,45.7853295954431,132.035210554645,126.917080046845,226.456605324515,-527.48011909661,1009.65705265341,-0.323052470793414,2464.12079018713,15.1729014072824,0.669364705189262,-0.174173419807169,-5.68540327445824,19.0510029381157,-0.279373825754002,263.112944398249
234,-2.80832303486158,0.36693930310996,6.73751090089613,49.3418515906351,-59.5703295094116,23.3408609179164,85.7313497062808,429.453778816069,197.426047845249,7.90263094003676,-30.0851358935991,-60.8257602314233,-739.358734483858,-2.95232792390575,-0.184918943167253,-3.21744466962935,6.00116223769338,-1.2887426627338,-0.437227341757025,-0.0622547152071617,-291.626008793863,-7.04263055181092,-20.554602393636,12.9767808877647,94.8640290646817,-52.1332608199789,-8.8901502110751,37.1333359890752,45.8313196377579,132.42454804532,129.088878982966,224.737924329324,-528.002250625026,1009.56815100922,-0.420305491418844,2460.61709083381,15.1853128791008,0.670209317652999,-0.194473670474816,-5.68882995931316,19.0316696324231,-0.28966549341043,262.762319344555
235,-2.81133221701312,0.366945307739397,6.73697359349614,48.9911479770916,-59.421846439438,23.3038588937111,85.7254080637108,429.466933116399,197.094489401321,7.88379455274184,-30.122543867576,-61.9233325299008,-743.20450299012,-2.96635167644475,-0.185220291797305,-3.21361502291386,5.99925426920746,-1.28860959990202,-0.431704670144583,-0.0622165910576833,-291.344531745025,-7.04014435129838,-20.8660380883232,13.0996374568307,94.7491548466256,-52.0425675694379,-8.96605252991263,37.1205885504725,45.8773093264852,132.813886061176,131.260646899997,223.019241275135,-528.524381645544,1009.47924611077,-0.517551567555074,2457.11463348815,15.1977350632954,0.671053931452808,-0.214773918801208,-5.69016787209948,19.0123454659971,-0.299957241443895,262.411694710415
236,-2.81455671325646,0.366940864492383,6.73643792771344,48.6178082270733,-59.2802346225494,23.266210444069,85.7194664665146,429.49093303093,196.762930296758,7.86495820777662,-30.159951922668,-63.0209030129333,-746.888902720038,-2.98037534526133,-0.185521640258927,-3.20880585789034,5.99732747212115,-1.28847656013797,-0.426182288089036,-0.0621829487237621,-291.063053892575,-7.03765820711738,-21.1774737852461,13.2224940297747,94.6342806207433,-51.9518743228656,-9.03970092236345,37.1078405901671,45.9232986794947,133.203224604336,133.432384163016,221.300556103215,-529.046512270246,1009.39033796363,-0.614790820322696,2453.61340117609,15.210167850608,0.67189854667741,-0.235074164788505,-5.68941206702655,18.9930303501503,-0.310249069245099,262.061070482847
237,0.476284453679078,0.510863359099552,6.96147632149168,372.855320284692,-70.6190691087484,25.9172407023468,78.632102402902,416.995730642891,189.195823942344,9.18294402266637,8.39472070186963,100.039166767217,-1011.19178746176,-3.21656475036742,-0.21366746589202,-3.27633337619281,6.0465682309792,-1.54929594910709,-1.16603489412028,-0.124830992872242,-48.1109062359438,-7.27804056257456,-25.6532286685014,29.5764684280293,85.6713540408836,60.2874944994135,-10.4167565949044,30.670085601096,82.7545052653435,105.367495900121,-92.1281341217264,179.897545920301,-576.456343221937,903.969668897125,331.674773670199,2719.49044698275,7.59302858731087,0.817783038113036,-0.264931278117212,-6.826645385716,6.2676580073659,0.594128125396365,285.602422307928
238,0.472633610950001,0.510838636329004,6.96094477049547,372.437170128127,-70.4909905549724,25.8783187705347,78.6261608989927,417.041580598895,188.864263514759,9.1641077617498,8.35731249649439,98.9415999073044,-1014.55095280341,-3.23058825913047,-0.213968814023693,-3.26954589487756,6.04460930453714,-1.54916295522763,-1.16051308319427,-0.124806171894088,-47.829426972454,-7.27555453386886,-25.9646643668737,29.6993250046302,85.5564797966668,60.3781877473541,-10.4858598635031,30.6573366137761,82.8004940005262,105.756835504272,-89.956457071492,178.178856336725,-576.978473391251,903.880754269399,331.577547700806,2715.9916138158,7.6054822530852,0.818627656453387,-0.285231519432793,-6.82168730755302,6.2483607266152,0.58383613988755,285.251798854565
239,0.468771856455294,0.510804076856582,6.9604156656779,371.996858104003,-70.3695715470204,25.8387699335104,78.6202194428671,417.098417865517,188.532702425619,9.14527154251821,8.31990422167468,97.8440348530526,-1017.74651533186,-3.24461169141968,-0.214270161993841,-3.26176132917596,6.04263695089594,-1.5490299841444,-1.15499155375229,-0.12478568966357,-47.5479470962155,-7.27306856414862,-26.2761000645661,29.8221815811349,85.4416055420314,60.4688810003287,-10.5526757016466,30.6445871212316,82.8464824522437,106.146175641287,-87.784809578779,176.460164467749,-577.500603490729,903.791836413138,331.480328194807,2712.49395491558,7.61794619182089,0.819472276474419,-0.305531758418697,-6.81462355824351,6.22907222790556,0.573544076473372,284.901175769609
240,0.464701220569063,0.510759860818124,6.9598891492701,371.534600180347,-70.2547300161871,25.7986014051136,78.6142780347255,417.166209797183,188.201140678506,9.12643536459824,8.28249588001171,96.7464715917965,-1020.77895676211,-3.25863504898523,-0.214571509804747,-3.25298182051589,6.04065238045191,-1.54889703567061,-1.14947030268986,-0.124769494792711,-47.2664666460217,-7.27058265355973,-26.5875357611032,29.9450381568023,85.3267312765328,60.559574259924,-10.6172105206944,30.631837129361,82.8924706315847,106.535516309192,-85.6131912722481,174.741470297262,-578.022733581121,903.702915350803,331.383115048027,2708.99745408419,7.63042028234889,0.820316898213481,-0.325831995091802,-6.80546361241896,6.20979241017051,0.563251935935664,284.55055304396
241,0.460423854293709,0.510706163294679,6.9593653365126,371.050624727694,-70.1463814295637,25.7578205507047,78.6083366746387,417.244906631667,187.869578277832,9.10759922758254,8.24508747383038,95.6489101088572,-1023.6490216079,-3.27265833343457,-0.21487285745869,-3.24321122392252,6.03865667715758,-1.54876410959887,-1.14394932681391,-0.124757535100957,-46.9849856553457,-7.26809680208979,-26.8989714561158,30.067894731016,85.2118569998161,60.6502675274239,-10.6794744990163,30.6190866441496,82.9384585482815,106.92485750519,-83.4416017793069,173.022773817679,-578.544863712915,903.613991108232,331.285908159675,2705.50209527896,7.64290440111779,0.821161521697646,-0.346132229471925,-6.79421982879521,6.19052116986757,0.552959719090751,284.199930669292
242,0.908185751590589,0.478084956230669,7.14245356454649,400.589370492947,-83.1143111824276,31.0693341228236,73.1504427446512,415.205598553323,180.869569595321,8.70670432588391,-7.46115462510068,89.2792174098104,-1169.02170214006,-3.42818081394689,-0.234859583606689,-3.40714038522169,5.48981603683769,-1.86231503773352,-1.85214335602065,-0.22413142528994,-91.143241895814,-8.59172787409344,-30.9321776290363,29.3902493813145,79.5398399770734,55.7698870241139,-1.7901990829038,15.2366113832091,74.7454318495982,66.5578787967158,-333.129961427785,273.014073920937,-678.854056358692,854.492127255391,439.025393687615,2363.15246351755,72.3362381949013,0.825345713405267,-0.374323927255484,-1.00450691715905,74.9401102760902,-0.509439735944014,302.450093276468
243,0.974504367310733,0.490912561634914,6.80810048237238,409.113045478935,-34.9599178866572,24.944729528938,95.7565761643699,367.964380071927,158.182842389171,-48.5659145339276,-166.449716158204,-2578.26022953439,-1303.81202957648,-18.0834857687039,-0.668325242485207,-3.86741534143601,5.47922509079845,-0.355090109243544,-0.288935130246126,0.0142909861245948,-81.4112395867798,-4.61169437482613,-28.9767049195957,9.07795296280869,55.3432555888289,-253.282913040447,-17.429688831354,40.5921496053397,-164.707178680078,-39.3806396367275,-82.1776128533293,-22.7530431789169,-697.773584903821,432.975845680568,5.20179828066648,-831.355081640177,-152.003517129047,-1.32129939681785,-85.6188190255293,-6.49758713127469,-205.256613059598,-10.8406725818001,-72.9829011246252
244,0.969619715882425,0.490831470142793,6.80758547200908,408.565287662525,-34.8705409352107,24.9021558886557,95.7506349488721,368.075493041504,157.851278054292,-48.5847505506744,-166.487124743991,-2579.35778577045,-1306.19943175118,-18.0975088434494,-0.668626589681932,-3.85469461119393,5.47720249266854,-0.354957249133468,-0.283414960771116,0.0142905533623434,-81.1297571754955,-4.60920870063852,-29.28814060782,9.2008095289637,55.2283812763285,-253.192219741531,-17.4852013577169,40.579397676018,-164.66119149292,-38.9912968732182,-80.0061075656076,-24.4717466313008,-698.295715462738,432.886912052302,5.10460956287204,-834.847110622912,-151.991003666863,-1.32045476793594,-85.6391192531494,-6.48016598654843,-205.275859188859,-10.8509650226686,-73.3335224963023
245,0.964536938074603,0.490741597489877,6.80707362625827,407.99672579927,-34.7873187963385,24.8589993838034,95.7446937817121,368.197311864993,157.519713083505,-48.6035865281464,-166.524533384997,-2580.45534028692,-1308.4274353963,-18.1115318515085,-0.668927936730808,-3.84099821311928,5.47517309749855,-0.354824410595798,-0.277895053710255,0.0142860941431942,-80.8482743576212,-4.6067230855202,-29.5995762930432,9.32366609119993,55.1135069511905,-253.101526429575,-17.538483756833,40.566645277297,-164.615204529477,-38.6019535927954,-77.8346296011086,-26.1904524231222,-698.817846265003,432.797975347144,5.00742670035311,-838.338061750144,-151.978480670644,-1.31961013720062,-85.6594194785558,-6.46071043888642,-205.295097154857,-10.861257536579,-73.6841435502997
246,0.959258184889671,0.490643118757213,6.80656506036049,407.40758825971,-34.7101669371319,24.8152673797414,95.7387526629609,368.329786780168,157.188147481222,-48.6224224667508,-166.561942078897,-2581.55289309847,-1310.49678502555,-18.1255547944887,-0.669229283634114,-3.82633000223729,5.47313798924101,-0.354691593423125,-0.272375405870459,0.0142776606476992,-80.5667911666299,-4.60423752945876,-29.9110119748962,9.44652264890108,54.99863261306,-253.010833103297,-17.5895462070722,40.5538924151622,-164.569217780016,-38.2126097982546,-75.6631785872405,-27.9091605619674,-699.339977361101,432.709035590931,4.91024959232129,-841.827951064544,-151.96594826394,-1.31876550458483,-85.6797197017683,-6.43923284700439,-205.314327061135,-10.871550122715,-74.0347642949422
247,0.953785607330036,0.490536209025849,6.8060598895563,406.798103414382,-34.6390008246822,24.7709672418302,95.7328115926892,368.472868024801,156.856581251857,-48.6412583668949,-166.599350823366,-2582.65044421977,-1312.40822515268,-18.1395776739974,-0.669530630394129,-3.81069383357316,5.47109825184846,-0.354558797408039,-0.266856014058649,0.0142653050564104,-80.2853076359949,-4.60175203244177,-30.2224476530099,9.56937920145089,54.8837582615822,-252.920139761411,-17.6383988868043,40.5411390955987,-164.523231234805,-37.8232654923909,-73.4917541514105,-29.6278710554215,-699.86210880152,432.620092809497,4.8130781379881,-845.316794608773,-151.953406570304,-1.31792087006149,-85.7000199228068,-6.41574556961831,-205.333549011235,-10.8818427802601,-74.3853847385556
248,0.948121356398099,0.490421043376833,6.80555822908623,406.168499633824,-34.5737359260807,24.7261063354305,95.7268705709678,368.626505836665,156.525014399823,-48.6600942289861,-166.63675961608,-2583.74799366551,-1314.1625002914,-18.1536004916422,-0.669831977013132,-3.7940935621521,5.46905496927346,-0.354426022343132,-0.261336875081744,0.01424907954988,-80.003823799189,-4.59926659445684,-30.533883327015,9.69223574823309,54.7688838964022,-252.829446402635,-17.6850519743989,40.528385324592,-164.477244884113,-37.4339206779994,-71.3203559210278,-31.3465839110697,-700.384240636745,432.53114702868,4.71591223656492,-848.8046084255,-151.940855713286,-1.31707623360353,-85.720320141691,-6.39026096544389,-205.3527631087,-10.8921355083981,-74.7360048894649
249,0.942267583096257,0.490297796891213,6.80506019419083,405.519005288573,-34.5142877084183,24.6806920259025,95.7209295978675,368.790650453536,156.193446929532,-48.6789300534317,-166.674168454712,-2584.84554145037,-1315.76035495541,-18.1676232490304,-0.6701333234934,-3.77653304299923,5.46700922546855,-0.354293268020995,-0.255817985746659,0.0142290363086595,-79.7223396896854,-4.59678121549154,-30.8453189965425,9.81509228863139,54.6540095171651,-252.738753025684,-17.7295156482261,40.5156311081275,-164.431258718205,-37.0445753578753,-69.1489835235006,-33.0652991364979,-700.906372917263,432.442198274315,4.61875178726359,-852.291408557387,-151.928295816438,-1.31623159518387,-85.7406203584408,-6.36279139319712,-205.371969457071,-10.9024283063127,-75.0866247559954
250,0.93622643842692,0.490166644650036,6.80456590011064,404.849848749169,-34.4605716387863,24.6347316786069,95.7149886734592,368.965252113185,155.861878845398,-48.697765840639,-166.711577336939,-2585.94308758903,-1317.20253365847,-18.1816459477695,-0.670434669837214,-3.75801613113982,5.46496210438629,-0.354160534234219,-0.250299342860314,0.0142052275133014,-79.4408553409571,-4.59429589553347,-31.1567546612232,9.93794882202951,54.539135123516,-252.648059629274,-17.7718000866554,40.5028764521905,-164.385272727351,-36.6552295348137,-66.9776365862372,-34.7840167392917,-701.42850569356,432.35324657224,4.52159668929551,-855.777211047103,-151.915727003311,-1.31538695477545,-85.760920573076,-6.33334921159371,-205.391168159892,-10.9127211731874,-75.4372443464727
251,0.930000073392489,0.49002776173435,6.80407546208622,404.161258386148,-34.4125031842757,24.5882326589041,95.7090477978136,369.150261053387,155.530310151833,-48.7166015910154,-166.748986260436,-2587.04063209617,-1318.48978091428,-18.195668589467,-0.670736016046851,-3.73854668159901,5.46291468997922,-0.354027820775396,-0.244780943229626,0.0141777053443577,-79.1593707864772,-4.5918106345702,-31.4681903206879,10.0608053478112,54.4242607151002,-252.557366212123,-17.8119154680568,40.4901213627665,-164.339286901818,-36.2658832116099,-64.8063147366447,-36.5027367270359,-701.950639016123,432.264291948289,4.42444684187228,-859.262031937312,-151.903149397456,-1.31454231235118,-85.7812207856164,-6.30194677934959,-205.410359320704,-10.9230141082061,-75.7878636692215
252,0.923590638995369,0.489881323225205,6.8035889953581,403.453462570049,-34.3699978119778,24.5412023321546,95.7031069710014,369.345627511915,155.198740853252,-48.7354373049683,-166.786395222877,-2588.13817498646,-1319.62284123657,-18.2096911757303,-0.67103736212459,-3.71812854940202,5.46086806619988,-0.353895127437117,-0.239262783661514,0.01414652198238,-78.8778860597187,-4.58932543258933,-31.7796259745676,10.1836618653601,54.3093862915626,-252.466672772946,-17.8498719708,40.4773658458407,-164.293301231873,-35.8765363910591,-62.6350176021315,-38.2214591073169,-702.472772935438,432.175334428299,4.32730214420553,-862.745887270679,-151.890563122425,-1.313697667884,-85.8015209960819,-6.26859645518054,-205.429543043051,-10.9333071105522,-76.1384827325677
253,0.917000286237959,0.489727504203647,6.80310661516683,402.726689671409,-34.3329709889835,24.4936480637189,95.6971661930937,369.551301726543,154.867170954066,-48.7542729829048,-166.823804221938,-2589.23571627458,-1320.60245913906,-18.223713708167,-0.671338708072711,-3.69676558957399,5.45882331700084,-0.353762454011972,-0.233744860962896,0.0141117296079207,-78.5964011941546,-4.58684028957845,-32.0910616224931,10.3065183740601,54.1945118525486,-252.375979310459,-17.8856797732548,40.4646099073986,-164.247315707784,-35.4871890759563,-60.4637448101066,-39.9401838877195,-702.994907501992,432.086374038108,4.23016249550687,-866.228793089872,-151.87796830177,-1.31285302134682,-85.8218212044922,-6.23331059780248,-205.448719430474,-10.9436001794096,-76.489101544836
254,0.910231166122663,0.489566479750723,6.80262843675296,401.981168060767,-34.3013381823847,24.4455772189574,95.691225464161,369.767233935043,154.535600458689,-48.7731086252325,-166.861213255294,-2590.33325597522,-1321.42937913548,-18.2377361883843,-0.671640053893491,-3.6744616571402,5.45678152633462,-0.353629800292553,-0.228227171940691,0.0140733804015313,-78.3149162232582,-4.58435520552514,-32.4024972640952,10.4293748732947,54.0796373977031,-252.285285823379,-17.9193490537911,40.4518535534255,-164.201330319819,-35.097841269097,-58.2924959879774,-41.6589110758298,-703.51704276627,431.997410803549,4.1330277949877,-869.710765437555,-151.86536505904,-1.31200837271258,-85.8421214108672,-6.19610156593123,-205.467888586516,-10.9538933139619,-76.8397201143522
255,0.903285429651885,0.489398424947483,6.80215457535703,401.21712610866,-34.275014859272,24.3969971632308,95.6852847842742,369.99337437519,154.204029371535,-48.7919442323586,-166.89862232062,-2591.43079410306,-1322.10434573955,-18.2517586179899,-0.671941399589209,-3.65122060712579,5.45474377815378,-0.353497166071451,-0.222709713401817,0.0140315265437642,-78.0334311805024,-4.58187018041699,-32.7139328990048,10.5522313624478,53.9647629266713,-252.194592310422,-17.9508899907785,40.4390967899068,-164.155345058245,-34.708492973276,-56.1212707631526,-43.3776406792327,-704.03917877876,431.908444750461,4.03589794185973,-873.191820356392,-151.852753517789,-1.31116372195421,-85.8624216152267,-6.15698171828258,-205.487050614719,-10.9641865133927,-77.1903384494412
256,0.896165227828026,0.489223514874975,6.80168514621958,400.434792185626,-34.2539164867362,24.3479152618995,95.6793441535042,370.229673284757,153.872457697015,-48.8107798046905,-166.936031415592,-2592.52833067276,-1322.62810346497,-18.2657809985912,-0.672242745162145,-3.62704629455589,5.45271115641089,-0.353364551141257,-0.217192482153189,0.0139862202151712,-77.7519460993603,-4.57938521424158,-33.0253685268527,10.675087840903,53.8498884390984,-252.103898770304,-17.9803127625868,40.426339622828,-164.109359913331,-34.3191441912887,-53.9500687630393,-45.0963727055137,-704.561315589947,431.819475904678,3.93877283533425,-876.671973889052,-151.840133801567,-1.31031906904461,-85.8827218175905,-6.11596341357239,-205.506205618625,-10.9744797768857,-77.5409565584284
257,0.888872711653493,0.489041924614245,6.80122026458117,399.634394662203,-34.2379585318689,24.2983388803238,95.6734035719216,370.476080901517,153.540885439544,-48.8296153426354,-166.973440537883,-2593.62586569902,-1323.0013968255,-18.2798033317956,-0.672544090614576,-3.60194257445579,5.45068474505846,-0.353231955294562,-0.211675475001729,0.0139375135963046,-77.4704610133049,-4.5769003069865,-33.3368041472699,10.7979443080442,53.7350139346295,-252.013205201742,-18.0076275475861,40.4135820581742,-164.063374875343,-33.9297949259302,-51.7788896150464,-46.8151071622588,-705.083453250318,431.730504292038,3.8416523746231,-880.151242078199,-151.827506033925,-1.30947441395674,-85.9030220179784,-6.0730590105166,-205.525353701778,-10.9847731036246,-77.8915744496394
258,0.881410032130685,0.488853829246343,6.80076004568234,398.816161908929,-34.2270564617611,24.2482753838645,95.6674630395974,370.732547463245,153.209312603534,-48.8484508466008,-167.01084968517,-2594.72339919651,-1323.22497033484,-18.2938256192105,-0.672845435948782,-3.57591330185062,5.44866562804906,-0.353099378323958,-0.206158688754354,0.0138854588677161,-77.1889759558093,-4.57441545863935,-33.648239759887,10.9208007632549,53.6201394129097,-251.922511603451,-18.0328445241459,40.400824101931,-164.017389934549,-33.5404451799957,-49.6077329465816,-48.5338440570534,-705.605591810361,431.641529938377,3.74453645893777,-883.629640966498,-151.814870338415,-1.3086297566635,-85.9233222164103,-6.028280867831,-205.544494967719,-10.995066492793,-78.2421921313988
259,0.873779340262006,0.488659403852314,6.80030460476363,397.980322296343,-34.2211257435044,24.1977321378819,95.6615225566022,370.999023207712,152.877739193398,-48.8672863169939,-167.048258855127,-2595.82093117991,-1323.29956850672,-18.3078478624435,-0.673146781167041,-3.54896233176563,5.44665488933523,-0.352966820022036,-0.200642120217982,0.0138301082099577,-76.9074909603466,-4.5719306691877,-33.9596753643352,11.0436572059189,53.5052648735842,-251.831817974148,-18.0559738706361,40.3880657600837,-163.971405081218,-33.1510949562805,-47.4365983850544,-50.2525833974823,-706.12773132056,431.55255286953,3.6474249874899,-887.107186596617,-151.802226838588,-1.30778509713783,-85.943622412906,-5.9816413442314,-205.56362951999,-11.0053599435746,-78.5928096120325
260,0.865982787049864,0.48845882351321,6.79985405706558,397.127104194981,-34.2200818441892,24.1467165077365,95.655582123007,371.275458372694,152.546165213549,-48.8861217542221,-167.085668045431,-2596.9184616639,-1323.22593585487,-18.321870063102,-0.673448126271632,-3.52109351922596,5.44465361286953,-0.352834280181386,-0.195125766199531,0.0137715138035813,-76.62600606039,-4.56944593861915,-34.2711109602451,11.16651363542,53.390390316298,-251.74112431255,-18.0770257654266,40.3753070386176,-163.925420305616,-32.7617442575795,-45.2654855578712,-51.9713251911323,-706.649871831402,431.463573111334,3.55031785949097,-890.583895011218,-151.789575657996,-1.30694043535264,-85.9639226074852,-5.93315279843372,-205.582757462135,-11.0156534551532,-78.9434268998656
261,0.858022523496652,0.488252263310075,6.79940851782875,396.256735975381,-34.2238402309075,24.0952358587889,95.6496417388825,371.561803195962,152.214590668401,-48.9049571586928,-167.123077253754,-2598.01599066316,-1323.00481689299,-18.3358922227934,-0.673749471264834,-3.49231071925682,5.44266288260449,-0.3527017585946,-0.18960962350592,0.0137097278291393,-76.3445212894121,-4.56696126692128,-34.5825465472475,11.2893700511419,53.2755157406964,-251.650430617371,-18.0960103868869,40.3625479435182,-163.879435598012,-32.3723930866881,-43.0943940924408,-53.6900694455873,-707.172013393374,431.374590689626,3.45321497415262,-894.05978225297,-151.77691692019,-1.30609577128088,-85.9842228001679,-5.88282758915365,-205.601878897695,-11.0259470267122,-79.294044003223
262,0.849900700604779,0.488039898323959,6.79896810229368,395.369446008083,-34.2323163707499,24.0432975563995,95.6437014042995,371.858007915292,151.883015562367,-48.9237925308133,-167.160486477774,-2599.11351819237,-1322.63695613483,-18.3499143431253,-0.674050816148925,-3.46261778688339,5.44068378249267,-0.352569255054269,-0.184093688944065,0.0136448024671831,-76.0630366808864,-4.56447665408168,-34.8939821249735,11.4122264524682,53.1606411464245,-251.55973688733,-18.1129379133871,40.3497884807708,-163.833450948673,-31.9830414464015,-40.9233236161713,-55.4088161684338,-707.694156056962,431.28560563024,3.35611623068633,-897.534864364536,-151.764250748721,-1.30525110489546,-86.0045229909738,-5.83067807510721,-205.620993930213,-11.0362406574355,-79.6446609304306
263,0.84161953939328,0.487821889589343,6.79853289241097,394.465469476536,-34.2454273647327,23.9909089488205,95.6377611191836,372.164004690834,151.551439900619,-48.9426278710088,-167.197895715516,-2600.21104426768,-1322.12336647428,-18.3639364255386,-0.674352160926092,-3.43202037085616,5.43871718165015,-0.352436769339599,-0.178577959302157,0.0135767895004502,-75.7815522621802,-4.56199209993181,-35.2054176931412,11.5350828389259,53.0457665332376,-251.469043121452,-18.1278223293658,40.3370286563354,-163.787466349358,-31.5936893403031,-38.7522737631489,-57.1275653593369,-708.216299861141,431.196617961729,3.25902153423863,-901.009156836008,-151.751577266199,-1.30440643618011,-86.0248231799245,-5.77671942604693,-205.640102662908,-11.0465343464858,-79.9952776888769
264,0.833181540947723,0.487598341954436,6.7981028369715,393.545068815846,-34.2630968495726,23.9380773158712,95.6318208828798,372.479653372244,151.219863691374,-48.9614631797766,-167.235304966414,-2601.30856891108,-1321.46613432605,-18.3779584708087,-0.674653505598149,-3.40053129482697,5.43676308984717,-0.352304301176248,-0.173062431293461,0.013505739120416,-75.5000680362391,-4.55950760367868,-35.5168532518189,11.6579392106138,52.9308919013324,-251.37834932001,-18.1406928435378,40.3242684760707,-163.741481797792,-31.2043367751304,-36.5812441941698,-58.8463169862819,-708.738444798841,431.107627723504,3.16193081369579,-904.48267294718,-151.738896591471,-1.30356176516179,-86.0451233670482,-5.72097805587229,-205.659205197709,-11.056828092943,-80.3458942822052
265,0.824589276370299,0.487369346220885,6.7976778514762,392.608513274033,-34.2852500959113,23.8848099202626,95.6258806945879,372.804795731558,150.888286943605,-48.980298457632,-167.272714230251,-2602.40609214606,-1320.66761448501,-18.3919804795445,-0.674954850166821,-3.36816517617281,5.43482130201752,-0.35217185027649,-0.167547101612517,0.0134317011207413,-75.2185839999029,-4.55702316437314,-35.8282888011621,11.7807955677743,52.8160172510156,-251.287655483588,-18.1515824706867,40.3115079458098,-163.695497293194,-30.8149837584093,-34.4102345767096,-60.5650710093335,-709.260590851478,431.018634957692,3.06484400387899,-907.955425425268,-151.726208842441,-1.30271709187824,-86.0654235523748,-5.66348318951967,-205.678301636219,-11.0671218958658,-80.6965107131224
266,0.815845316763208,0.487134993190332,6.79725785142598,391.656072099114,-34.3118123743907,23.8311140247057,95.6199405535077,373.139273540812,150.55670966629,-48.9991337050901,-167.310123506812,-2603.50361399609,-1319.73016174604,-18.4060024523548,-0.67525619463383,-3.33493663227082,5.43289161309495,-0.352039416352599,-0.16203196695386,0.0133547252950866,-74.9371001500116,-4.55453878106608,-36.1397243413263,11.9036519106493,52.7011425825943,-251.196961612767,-18.1605242255964,40.2987470713862,-163.64951283478,-30.4256302976653,-32.2392445782421,-62.2838273885562,-709.782738000471,430.929639706419,2.96776103960963,-911.427426997492,-151.713514137015,-1.30187241636723,-86.0857237359343,-5.60426405192539,-205.697392080044,-11.0774157543132,-81.0471269843354
267,0.806952233228653,0.486895373664423,6.7968427523218,390.688014539109,-34.3427089556517,23.7769968919115,95.614000458839,373.48292857204,150.225131868402,-49.0179689226661,-167.347532795882,-2604.60113448464,-1318.65613090402,-18.4200243898487,-0.675557539000899,-3.30086028049803,5.43097381801329,-0.351906999116847,-0.156517024012028,0.0132748614371129,-74.6556164834051,-4.55205445280837,-36.4511598724671,12.026508239481,52.5862678963751,-251.106267708131,-18.1675511230507,40.2859858586331,-163.603528421768,-30.0362764004246,-30.0682738662426,-64.0025860840155,-710.304886227238,430.840642011811,2.87068185570888,-914.898690391069,-151.700812593098,-1.3010277386665,-86.1060239177567,-5.54334986802577,-205.716476630789,-11.0877096673441,-81.3977430985511
268,0.797912596868826,0.486650578444798,6.79643246966457,389.704609842035,-34.3778651103377,23.7224657845908,95.6080604097816,373.835602597276,149.893553558918,-49.0368041108753,-167.384942097245,-2605.69865363519,-1317.44787675384,-18.4340462926349,-0.675858883269752,-3.26595073823166,5.42906771170624,-0.35177459828151,-0.15100226948156,0.0131921593404807,-74.3741329969233,-4.54957017865088,-36.7625953947401,12.1493645545116,52.4713931926651,-251.015573770263,-18.1726961778329,40.2732243133836,-163.557544053375,-29.6469220742127,-27.8973221081856,-65.7213470557761,-710.827035513195,430.751641915995,2.7736063869977,-918.369228333216,-151.688104328594,-1.30018305881381,-86.1263240978719,-5.48076986275696,-205.735555390058,-11.0980036340175,-81.748359058476
269,0.788728978785926,0.486400698333107,6.79602691895523,388.706127255913,-34.4172061090882,23.6675279654549,95.6021204055354,374.197137388557,149.561974746813,-49.0556392702328,-167.422351410684,-2606.79617147121,-1316.10775409035,-18.4480681613225,-0.676160227442112,-3.23022262284859,5.42717308910765,-0.351642213558859,-0.145487700056993,0.0131066687988506,-74.092649687406,-4.54708595764449,-37.074030908301,12.2722208559832,52.356518471771,-250.924879799746,-18.1759924047272,40.2604624414712,-163.511559728817,-29.2575673265556,-25.7263889715459,-67.4401102639025,-711.349185839762,430.662639461098,2.67653456829782,-921.839053551152,-151.675389461409,-1.29933837684691,-86.1466242763099,-5.41655326105543,-205.754628459456,-11.1082976533921,-82.0989748668172
270,0.77940395008215,0.48614582413099,6.7956260156947,387.69283602876,-34.4606572225462,23.6121906972145,95.5961804453,374.567374717917,149.230395441062,-49.0744744012539,-167.459760735985,-2607.89368801618,-1314.63811770847,-18.4620899965202,-0.676461571519701,-3.19369055172603,5.42528974515127,-0.351509844661169,-0.139973312432863,0.0130184396058832,-73.8111665516932,-4.54460178884006,-37.3854664133052,12.3950771441378,52.2416437339996,-250.834185797163,-18.1774728185168,40.247700248729,-163.465575447313,-28.8682121649792,-23.5554741237979,-69.1588756684598,-711.871337188354,430.573634689244,2.57946633443021,-925.308178772095,-151.662668109448,-1.29849369280355,-86.1669244531006,-5.35072928785731,-205.773695940588,-11.1185917245269,-82.4495905262818
271,0.769940081859703,0.485886046640091,6.79522967538392,386.665005408596,-34.5081437213532,23.5564612425808,95.5902405282754,374.94615635739,148.89881565064,-49.0933095044537,-167.497170072931,-2608.99120329356,-1313.04132240306,-18.4761117988371,-0.676762915504243,-3.15636914224108,5.42341747477087,-0.351377491300712,-0.134459103303709,0.0129275215552397,-73.5296835866251,-4.54211767128848,-37.6969019099083,12.5179334192177,52.126768979658,-250.743491763097,-18.1771704339859,40.2349377409903,-163.419591208079,-28.4788565970089,-21.3845772324171,-70.8776432295135,-712.393489540391,430.484627642563,2.48240162021614,-928.776616723265,-151.649940390615,-1.29764900672149,-86.1872246282739,-5.28332716809906,-205.79275793506,-11.1288858464809,-82.8002060395763
272,0.760339945220772,0.485621456662059,6.79483781352383,385.622904643439,-34.55959087615,23.5003468642646,95.5843006536613,375.333324079012,148.567235384524,-49.1121445803475,-167.534579421308,-2610.08871732683,-1311.31972296899,-18.490133568882,-0.677064259397461,-3.11827301177067,5.42155607290026,-0.351245153189763,-0.128945069364069,0.0128339644405803,-73.2482007890412,-4.53963360404062,-38.008337398266,12.6407896814649,52.0118942090528,-250.652797698132,-18.175118265918,40.2221749240884,-163.373607010332,-28.0895006301708,-19.2136979648776,-72.5964129071276,-712.91564287729,430.395618363179,2.38534036047656,-932.244380131877,-151.637206422816,-1.29680431863849,-86.2075248018599,-5.21437612671692,-205.811814544475,-11.1391800183129,-83.1508214094075
273,0.750606111267557,0.485352144998531,6.79445034561534,384.566802981307,-34.6149239575797,23.4438548249771,95.5783608206575,375.728719654818,148.235654651688,-49.1309796294506,-167.571988780899,-2611.18623013947,-1309.47567420115,-18.5041553072638,-0.677365603201078,-3.07941677769205,5.41970533447317,-0.351112830040595,-0.123431207308477,0.0127378180555656,-72.9667181557816,-4.53714958614734,-38.3197728785337,12.7636459311215,51.8970194224911,-250.562103602849,-18.1713493290968,40.2094118038566,-163.327622853291,-27.7001442719908,-17.0428359886537,-74.3151846613675,-713.437797180468,430.306606893219,2.28828249003311,-935.71148172515,-151.624466323956,-1.2959596285923,-86.2278249738884,-5.14390538864716,-205.830865870438,-11.1494742390818,-83.5014366384827
274,0.740741151102258,0.485078202451155,6.79406718715939,383.49696967022,-34.6740682362835,23.3869923874291,95.5724210284638,376.132184856843,147.904073461107,-49.149814652278,-167.609398151488,-2612.28374175495,-1307.51153089443,-18.5181770145915,-0.677666946916817,-3.03981505738222,5.41786505442341,-0.35098052156548,-0.117917513831475,0.0126391321938566,-72.6852356836861,-4.53466561665952,-38.6312083508671,12.8865021684298,51.7821446202795,-250.471409477833,-18.165896638306,40.1966483861282,-163.281638736171,-27.3107875299946,-14.8719909712208,-76.0339584522983,-713.959952431344,430.217593274809,2.19122794370685,-939.177934230303,-151.61172021194,-1.29511493662066,-86.2481251443894,-5.07194417882609,-205.849912014555,-11.1597685078466,-83.8520517295082
275,0.730747635827079,0.484799719821575,6.79368825365691,382.413673958197,-34.7369489829031,23.3297668143318,95.56648127628,376.54356145712,147.572491821758,-49.168649649345,-167.646807532861,-2613.38125219674,-1305.42964784371,-18.5321986914739,-0.677968290546401,-2.99948246821836,5.41603502768474,-0.350848227476694,-0.112403985627599,0.0125379566491138,-72.4037533695949,-4.53218169462804,-38.9426438154217,13.0093583936318,51.6672698027251,-250.380715323665,-18.1587932083295,40.1838846767363,-163.235654658191,-26.9214304117079,-12.7011625800524,-77.752734239984,-714.482108611334,430.128577550077,2.09417665631906,-942.643750374553,-151.598968204672,-1.29427024276134,-86.2684253133929,-4.99852172219008,-205.868953078431,-11.1700628236661,-84.2026666851912
276,0.72062813654421,0.484516787911435,6.79331346060883,381.317185093256,-34.8034914680794,23.2721853683959,95.560541563306,376.962691227686,147.240909742615,-49.1874846211668,-167.684216924801,-2614.47876148832,-1303.23237984386,-18.5462203385199,-0.678269634091553,-2.95843362757741,5.41421504919097,-0.350715947486508,-0.106890619391384,0.012434341214998,-72.1222712103476,-4.52969781910377,-39.2540792723532,13.1322146069696,51.5523949701345,-250.29002114093,-18.1500720539508,40.1711206815143,-163.189670618567,-26.5320729246566,-10.5303504826252,-79.4715119844905,-715.004265701857,430.039559761149,1.99712856269082,-946.108942885119,-151.586210420059,-1.29342554705208,-86.2887254809288,-4.92366724367533,-205.887989163669,-11.1803571855992,-84.5532815082385
277,0.710385224355847,0.484229497522378,6.79294272351609,380.207772323415,-34.8736209624552,23.2142553123327,95.5546018887414,377.389415940576,146.909327232654,-49.2063195682586,-167.721626327093,-2615.57626965316,-1300.92208168975,-18.5602419563385,-0.678570977553997,-2.91668315283654,5.41240491387583,-0.350583681307197,-0.101377411817372,0.0123283356851698,-71.8407892027843,-4.52721398913757,-39.565514721817,13.2550708086854,51.4375201228148,-250.19932693021,-18.1397661899537,40.1583564062954,-163.143686616517,-26.1427150763665,-8.3595543464121,-81.190291645882,-715.526423684331,429.95053995015,1.90008359764363,-949.573524489219,-151.573446976004,-1.29258084953065,-86.3090256470271,-4.84740996821815,-205.907020371876,-11.1906515927049,-84.9038962013568
278,0.700021470364193,0.483937939456048,6.7925759578796,379.085704896694,-34.9472627366717,23.1559839088529,95.5486622517862,377.823577367823,146.577744300851,-49.2251544911357,-167.759035739521,-2616.67377671473,-1298.50110817628,-18.5742635455385,-0.678872320935455,-2.87424566137281,5.41060441667314,-0.350451428651034,-0.0958643596000952,0.0122199898532898,-71.5593073437449,-4.52473020378034,-39.8769501639688,13.3779269990213,51.3226452610728,-250.108632692088,-18.127908631122,40.145591856913,-163.097702651258,-25.7533568743634,-6.18877383888866,-82.9090731842236,-716.048582540172,429.861518159207,1.80304169599844,-953.037507914069,-151.560677990413,-1.2917361502348,-86.3293258117177,-4.76977912075498,-205.926046804655,-11.200946044042,-85.2545107672531
279,0.689539445671441,0.483642204514091,6.79221307920031,377.951252061111,-35.0243420613706,23.0973784206677,95.5427226516402,378.265017281464,146.24616095618,-49.2439893903132,-167.796445161869,-2617.77128269651,-1295.97181409833,-18.5882851067289,-0.679173664237651,-2.83113577056329,5.40881335251666,-0.350319189230292,-0.0903514594340953,0.0121093535130188,-71.2778256300693,-4.52224646208293,-40.1883855989642,13.5007831782194,51.2077703852152,-250.017938427147,-18.1145323922391,40.1328270392002,-163.051718722006,-25.3639983261731,-4.01800862752998,-84.6278565595803,-716.5707422508,429.772494430448,1.70600279257656,-956.500905886891,-151.547903581191,-1.29089144920227,-86.3496259750305,-4.69080392622188,-205.945068563612,-11.2112405386696,-85.6051252086343
280,0.678941721379792,0.483342383498151,6.79185400297915,376.804683064685,-35.1047842071928,23.0384461104879,95.536783087503,378.713577453535,145.914577207617,-49.2628242663063,-167.833854593922,-2618.86878762197,-1293.33655425075,-18.6023066405185,-0.679475007462308,-2.78736809778501,5.40703151634019,-0.350186962757245,-0.0848387080139084,0.0119964764580172,-70.9963440585974,-4.51976276309622,-40.4998210269586,13.6236393465219,51.0928954955492,-249.92724413597,-18.0996704880893,40.1200619589903,-163.005734827981,-24.9746394393215,-1.84725837980932,-86.3466417320172,-717.09290279763,429.683468805998,1.60896682219948,-959.963731134899,-151.535123866242,-1.29004674647082,-86.3699261369956,-4.61051360955549,-205.964085750351,-11.2215350756463,-85.9557395282072
281,0.668230868591448,0.48303856720987,6.79149864471704,375.646267155435,-35.1885144447817,22.9791942410247,95.5308435585745,379.169099656067,145.582993064137,-49.2816591196303,-167.871264035464,-2619.96629151459,-1290.59768342847,-18.6163281475163,-0.679776350611148,-2.74295726041522,5.40525870307746,-0.350054748944167,-0.0793261020340719,0.0118814084819461,-70.7148626261691,-4.51727910587109,-40.8112564481078,13.7464955041708,50.9780205923813,-249.836549819141,-18.0833559334557,40.1072966221167,-162.959750968397,-24.5852802213342,0.323477236797771,-88.0654286615984,-717.615064162082,429.594441327984,1.51193371968793,-963.425996385312,-151.522338963473,-1.28920204207821,-86.3902262976428,-4.52893739569169,-205.983098466477,-11.2318296540313,-86.3063537286785
282,0.657409458408598,0.482730846450893,6.79114691991491,374.476273581379,-35.2754580447776,22.919630074989,95.5249040640547,379.631425661097,145.251408534716,-49.3004939508003,-167.90867348628,-2621.06379439784,-1287.75755642633,-18.6303496283312,-0.680077693685895,-2.69791787583085,5.40349470766229,-0.34992254750333,-0.0738136381891232,0.0117641993784658,-70.4333813296244,-4.51479548945841,-41.1226918625671,13.8693516514083,50.8631456760184,-249.745855477242,-18.0656217431224,40.0945310344125,-162.913767142474,-24.1959206797372,2.49419855481574,-89.7842173083898,-718.137226325573,429.505412038532,1.41490341986378,-966.887714365349,-151.509548990788,-1.2883573360622,-86.4105264570022,-4.44610450956708,-206.002106813596,-11.2421242728833,-86.6569678127552
283,0.646480061933447,0.482419312022864,6.79079874407369,373.294971590536,-35.3655402778231,22.8597608750918,95.5189646031431,380.10039724066,144.919823628329,-49.3193287603316,-167.946082946154,-2622.16129629519,-1284.81852803922,-18.6443710835721,-0.680379036688272,-2.65226456140904,5.40173932502843,-0.349790358147009,-0.0683013131735999,0.0116448989412374,-70.1519001658031,-4.51231191290905,-41.4341272704924,13.9922077884766,50.7482707467676,-249.655161110856,-18.0465009318729,40.0817652017111,-162.867783349427,-23.8065608220564,4.66490590677131,-91.5030076324551,-718.659389269521,429.416380979769,1.31787585754762,-970.34889780223,-151.496754066092,-1.28751262846052,-86.4308266151036,-4.36204417611783,-206.021110893311,-11.2524189312613,-87.0075817831442
284,0.635445250268186,0.482104054727429,6.79045403269433,372.102630430926,-35.4586864145587,22.799593904044,95.5130251750397,380.575856166792,144.588238353952,-49.3381635487394,-167.983492414869,-2623.25879723011,-1281.78295306203,-18.6583925138478,-0.680680379620002,-2.60601193452685,5.39999235010969,-0.349658180587475,-0.0627891236820401,0.011523556963921,-69.8704191315452,-4.50982837527388,-41.745562672039,14.1150639156177,50.6333958049355,-249.564466720566,-18.0260265144911,40.0689991298457,-162.821799588475,-23.4172006558173,6.83559962518984,-93.2217995938606,-719.181552975342,429.327348193821,1.22085096756109,-973.809559423169,-151.48395430729,-1.28666791931095,-86.4511267719771,-4.27678562028034,-206.040110807229,-11.2627136282242,-87.3581956425522
285,0.624307594515017,0.481785165366229,6.79011270127774,370.899519350565,-35.5548217256272,22.7391364245567,95.5070857789442,381.057644211526,144.256652720559,-49.3569983165388,-168.020901892211,-2624.35629722609,-1278.65318628963,-18.6724139197673,-0.680981722482808,-2.55917461256136,5.39825357783983,-0.349526014537005,-0.0572770664089806,0.0114002232401779,-69.5889382236906,-4.50734487560378,-42.0569980673627,14.2379200330738,50.5185208508292,-249.473772306956,-18.0042315057605,40.0562328246495,-162.775815858834,-23.027840188546,9.00628004259625,-94.94059315267,-719.703717424456,429.238313722815,1.12382868472525,-977.269711955386,-151.471149832287,-1.28582320865122,-86.4714269276525,-4.19035806699077,-206.059106656952,-11.2730083628309,-87.708809393686
286,0.613069665776136,0.481462734740908,6.78977466532485,369.685907597475,-35.6538714816706,22.6783956993408,95.5011464140565,381.545603146897,143.925066737127,-49.3758330642452,-168.058311377964,-2625.45379630659,-1275.43158251692,-18.6864353019395,-0.681283065278414,-2.51176721288975,5.3965228031526,-0.34939385970787,-0.0517651380489577,0.0112749475636682,-69.3074574390791,-4.50486141294963,-42.3684334566189,14.360776141087,50.4036458847554,-249.383077870608,-17.9811489204653,40.043466291956,-162.729832159721,-22.6384794277681,11.176947491515,-96.659388268949,-720.225882598279,429.149277608876,1.0268089438614,-980.729368126099,-151.458340758988,-1.2849784965191,-86.4917270821599,-4.10279074118568,-206.078098544088,-11.2833031341403,-88.059423039253
287,0.601734035153742,0.481136853653115,6.7894398403366,368.462064419672,-35.7557609533288,22.6173789911074,95.4952070795763,382.039574744942,143.59348041263,-49.3946677923736,-168.095720871912,-2626.55129449509,-1272.12049653874,-18.7004566609734,-0.681584408008541,-2.46380435288892,5.39479982098184,-0.349261715812343,-0.0462533352965115,0.011147779728053,-69.0259767745509,-4.50237798636229,-42.6798688399632,14.4836322398994,50.2887709070209,-249.292383412105,-17.9568117733886,40.0306995375982,-162.683848490355,-22.2491183810095,13.3476023044714,-98.3781849027619,-720.74804847823,429.060239894133,0.929791679790696,-984.188540662527,-151.445527205298,-1.28413378295234,-86.5120272355291,-4.01411286780107,-206.097086570239,-11.2935979412113,-88.4100365819593
288,0.590303273750028,0.480807612904489,6.78910814181393,367.228259065176,-35.8604154112453,22.5560935625673,95.4892677747034,382.539400777694,143.261893756045,-49.4135025014394,-168.133130373839,-2627.64879181506,-1268.72228315,-18.7144779974777,-0.681885750674915,-2.41530064993608,5.39308442626128,-0.3491295825627,-0.0407416548461779,0.0110187695269927,-68.7444962269457,-4.49989459489263,-42.9913042175513,14.6064883297532,50.1738959179327,-249.20168893203,-17.9312530793145,40.0179325674095,-162.637864849951,-21.8597570557959,15.5182448139926,-100.096983014174,-721.270215045725,428.971200620711,0.832776827334783,-987.647242291887,-151.432709289122,-1.28328906798869,-86.5323273877901,-3.92435367177343,-206.116070837012,-11.3038927831028,-88.760650024512
289,0.578779952667202,0.480475103296676,6.78877948525775,365.984760782006,-35.9677601260605,22.4945466764317,95.4833284986377,383.044923017189,142.930306776346,-49.4323371919576,-168.17053988353,-2628.74628828997,-1265.23929714558,-18.7284993120614,-0.682187093279256,-2.36627072140826,5.39137641392472,-0.348997459671212,-0.0352300933924941,0.0108879667541482,-68.4630157931034,-4.49741123759154,-43.3027395895387,14.7293444108904,50.0590209177976,-249.110994430967,-17.9045058530265,40.0051653872231,-162.591881237728,-21.4703954596533,17.6888753526023,-101.81578256325,-721.792382282184,428.882159830735,0.73576432131415,-991.105485741396,-151.419887128365,-1.28244435166591,-86.552627538973,-3.83354237803896,-206.135051446011,-11.3141876588737,-89.1112633696181
290,0.567166643007457,0.480139415631319,6.788453786169,364.73183881818,-36.0777203684171,22.4327455954115,95.4773892505789,383.555983235461,142.598719482508,-49.4511718644436,-168.20794940077,-2629.84378394331,-1261.67389332036,-18.7425206053335,-0.68248843582329,-2.31672918468265,5.38967557890591,-0.348865346850153,-0.0297186476299993,0.0107554212031801,-68.1815354698641,-4.49492791350988,-43.6141749560809,14.8522004835533,49.9441459069225,-249.020299909499,-17.8766031093084,39.9923980028724,-162.545897652902,-21.0810336001073,19.8594942528257,-103.534583510055,-722.314550169023,428.793117566334,0.638754096550542,-994.563283738274,-151.407060840933,-1.28159963402174,-86.5729276891075,-3.74170821153388,-206.15402849884,-11.3244825675829,-89.4618766199847
291,0.555465915872987,0.479800640710063,6.78813096004861,363.469762421718,-36.1902214089564,22.3706975822177,95.4714500297268,384.072423204545,142.267131883508,-49.4700065194125,-168.245358925342,-2630.94127879853,-1258.02842646921,-18.7565418779027,-0.682789778308738,-2.26669065713621,5.38798171613866,-0.348733243811797,-0.0242073142532293,0.0106211826677489,-67.9000552540675,-4.49244462169853,-43.9256103173335,14.9750565479839,49.8292708856141,-248.929605368207,-17.8475778629439,39.9796304201906,-162.499914094691,-20.6916714846839,22.0301018471896,-105.253385814653,-722.83671868766,428.704073869633,0.541746087865022,-998.020649009738,-151.394230544729,-1.28075491509395,-86.5932278382237,-3.64888039719471,-206.173002097105,-11.3347775082893,-89.812489778318
292,0.543680342365989,0.479458869334554,6.78781092239751,362.198800840636,-36.3051885183195,22.3084098995612,95.4655108352813,384.594084696477,141.93554398832,-49.4888411573795,-168.28276845703,-2632.03877287913,-1254.30525138701,-18.7705631303781,-0.683091120737324,-2.21616975614601,5.38629462055675,-0.348601150268418,-0.0186960899567215,0.0104853009415155,-67.6185751425536,-4.48996136120836,-44.2370456734522,15.0979126044243,49.7143958541795,-248.838910807677,-17.817463128717,39.9668626450109,-162.453930562312,-20.3023091209089,24.2006984682175,-106.97218943711,-723.358887819513,428.61502878276,0.444740230078878,-1001.47759428301,-151.38139635766,-1.27991019492029,-86.6135279863516,-3.55508815995769,-206.191972342411,-11.3450724800519,-90.1631028473252
293,0.531812493588669,0.479114192306434,6.78749358871663,360.919223322956,-36.4225469671487,22.2458898101531,95.4595716664421,385.120809483292,141.603955805921,-49.5076757788599,-168.32017799562,-2633.13626620856,-1250.50672286864,-18.7845843633686,-0.683392463110771,-2.1651810990892,5.38461408709394,-0.348469065932288,-0.013184971435015,0.0103478258181405,-67.3370951321625,-4.48747813109025,-44.5484810245925,15.2207686531167,49.5995208129254,-248.748216228489,-17.786291921411,39.9540946831667,-162.407947054982,-19.912946516308,26.3712844484353,-108.690994337491,-723.881057545999,428.525982347839,0.347736458013514,-1004.9341322853,-151.36855839763,-1.27906547353851,-86.633828133521,-3.46036072475899,-206.210939336361,-11.3553674819295,-90.5137158297134
294,0.519864940643216,0.478766700427344,6.7871788745069,359.631299116695,-36.5422220260863,22.1831445767044,95.4536325224092,385.652439337022,141.272367345284,-49.5265103843689,-168.357587540895,-2634.23375881031,-1246.635195709,-18.7986055774829,-0.683693805430801,-2.11373930334289,5.38293991068399,-0.348336990515681,-0.00767395538264548,0.0102088070912845,-67.0556152197339,-4.48499493039506,-44.8599163709099,15.3436246943032,49.4846457621587,-248.657521631228,-17.7540972558098,39.9413265404911,-162.361963571918,-19.5235836784069,28.5418601203692,-110.409800475859,-724.403227848537,428.436934606998,0.250734706489766,-1008.39027574383,-151.355716782545,-1.27822075098637,-86.654128279762,-3.36472731653505,-206.229903180562,-11.3656625129811,-90.864328728189
295,0.507840254631835,0.478416484498934,6.78686669526926,358.335297469872,-36.6641389657727,22.120181461926,95.4476934023821,386.188816029706,140.940778615386,-49.5453449744216,-168.39499709264,-2635.33125070784,-1242.69302470295,-18.8126267733301,-0.683995147699139,-2.06185898628409,5.38127188626072,-0.348204923730871,-0.00216303849415223,0.0100682945546083,-66.7741354021076,-4.48251175817367,-45.1713517125601,15.466480728226,49.3697707021862,-248.566827016477,-17.720912146697,39.9285582228175,-162.315980112338,-19.1342206147316,30.7124258165445,-112.128607812282,-724.925398708544,428.347885602364,0.153734910329035,-1011.84603738582,-151.342871630308,-1.27737602730161,-86.6744284251044,-3.26821716022202,-206.248863976618,-11.3759575722655,-91.2149415454589
296,0.495741006656718,0.478063635322845,6.78655696650462,357.031487630506,-36.7882230568502,22.057007728529,95.4417543055608,386.729781333376,140.609189625202,-49.5641795495333,-168.43240665064,-2636.42874192464,-1238.68256464537,-18.8266479515191,-0.684296489917507,-2.00955476528991,5.37960980875788,-0.348072865290131,0.00334778253593004,0.00992633800177256,-66.4926556761239,-4.48002861347696,-45.4827870496986,15.5893367551271,49.2548956333149,-248.476132384818,-17.6867696088565,39.9157897359792,-162.269996675459,-18.744857332808,32.8829818694849,-113.847416306822,-725.447570107438,428.258835376062,0.0567370043527262,-1015.30142993848,-151.330023058826,-1.27653130252199,-86.6947285695783,-3.17085948075633,-206.267821826134,-11.3862526588416,-91.5655542842304
297,0.483569767820057,0.477708243700722,6.78624960371394,355.720138846614,-36.9143995699606,21.9936306392242,95.4358152311451,387.275177020069,140.277600383708,-49.5830141102191,-168.469816214678,-2637.52623248417,-1234.60617033114,-18.8406691126587,-0.684597832087629,-1.95684125773737,5.37795347310926,-0.347940814905734,0.00885851101306123,0.00978298722643767,-66.2111760386223,-4.4775454953558,-45.794222382481,15.7121927752487,49.1400205558515,-248.385437736834,-17.651702657072,39.9030210858093,-162.224013260497,-18.3554938401617,35.0535286117174,-115.566225919546,-725.969742026635,428.169783970219,-0.0402590766179856,-1018.75646612905,-151.317171186004,-1.27568657668527,-86.7150287132135,-3.07268350307433,-206.286776830714,-11.3965477717684,-91.9161669472099
298,0.471329109224068,0.477350400434206,6.78594452239812,354.401520366217,-37.042593775746,21.9300574567228,95.4298761783347,387.824844861817,139.946010899878,-49.6018486569943,-168.507225784538,-2638.62372240992,-1230.46619655517,-18.8546902573578,-0.684899174211227,-1.90373308100376,5.37630267424862,-0.347808772289955,0.014369150242703,0.00963829202226474,-65.9296964864431,-4.47506240286106,-46.1056577110629,15.8350487888329,49.025145470103,-248.294743073109,-17.615744306127,39.8902522781411,-162.178029866671,-17.9661301443185,37.2240663757661,-117.285036610517,-726.491914447555,428.080731426962,-0.137253397762152,-1022.21115868472,-151.304316129745,-1.2748418498292,-86.7353288560401,-2.97371845211213,-206.305729091964,-11.4068429101048,-92.2667795371044
299,0.459021601970934,0.476990196324947,6.78564163805811,353.075901437333,-37.1727309448464,21.8662954437356,95.4239371463295,388.378626630658,139.614421182689,-49.6206831903741,-168.544635360006,-2639.72121172534,-1226.26499811229,-18.8687113862255,-0.685200516290024,-1.85024485246585,5.37465720710978,-0.347676737155066,0.0198797035303215,0.00949230218291441,-65.648217016426,-4.47257933504361,-46.4170930355998,15.9579047961219,48.9102703763762,-248.204048394226,-17.5789275708056,39.8774833188081,-162.132046493197,-17.5767662528044,39.3945954941569,-119.003848339801,-727.014087351615,427.991677788417,-0.234246024258255,-1025.66552033272,-151.291458007956,-1.27399712199154,-86.7556289980879,-2.87399355280626,-206.324678711488,-11.4171380729096,-92.6173920566207
300,0.446649817162855,0.476627722174585,6.78534086619484,351.74355130798,-37.3047363479049,21.8023518629738,95.4179981343292,388.936364098627,139.282831241115,-49.6395177108738,-168.582044940866,-2640.81870045392,-1222.00492979741,-18.8827324998704,-0.685501858325744,-1.79639118950092,5.37301686662649,-0.34754470921334,0.0253901741813767,0.009345067502047,-65.3667376254109,-4.47009629095433,-46.7285283562473,16.0807607973577,48.7953952749778,-248.113353700767,-17.5412854658909,39.8647142136433,-162.086063139293,-17.187402173145,41.565116299415,-120.722661067463,-727.536260720232,427.90262309671,-0.331237021285119,-1029.11956380027,-151.278596938542,-1.27315239321003,-86.775929139387,-2.77353803009263,-206.343625790891,-11.4274332592418,-92.968004508466
301,0.434216325902033,0.476263068784764,6.78504212230923,350.404739226179,-37.4385352555632,21.7382339771482,95.4120591415337,389.497899037756,138.951241084132,-49.6583522190084,-168.619454526901,-2641.91618861913,-1217.68834640542,-18.8967535989017,-0.68580320032011,-1.74218670948607,5.37138144773251,-0.347412688177051,0.030900565501331,0.00919663777332325,-65.0852583102378,-4.46761326964409,-47.039963673161,16.2036167927824,48.6805201662149,-248.022658993316,-17.5028510061673,39.8519449684801,-162.040079804176,-16.7980379128662,43.7356291240658,-122.441474753568,-728.058434534824,427.813567393969,-0.428226454021342,-1032.57330181459,-151.265733039407,-1.27230766352243,-86.7962292799673,-2.67238110890801,-206.362570431778,-11.4377284681603,-93.3186168953465
302,0.42172369929067,0.475896326957129,6.78474532190222,349.059734439946,-37.5740529384627,21.6739490489699,95.4061201671427,390.063073220082,138.619650720715,-49.6771867152932,-168.656864117896,-2643.01367624445,-1213.31760273118,-18.9107746839282,-0.686104542274844,-1.68764602979834,5.36975074536164,-0.347280673758474,0.036410880795648,0.00904706279040435,-64.8037790677466,-4.46513027016376,-47.3513989864964,16.3264727826383,48.5656450503943,-247.931964272455,-17.4636572064183,39.8391755891517,-161.994096487062,-16.4086734794939,45.9061343006342,-124.16028935818,-728.58060877681,427.724510722319,-0.525214387646201,-1036.0267471029,-151.252866428456,-1.2714629329665,-86.8165294198587,-2.57055201418855,-206.381512735754,-11.4480236987239,-93.6692292199696
303,0.409174508430953,0.475527587493325,6.78445038047473,347.708806197302,-37.7112146672448,21.6095043411498,95.4001812103562,390.631728417639,138.288060159841,-49.6960212002435,-168.694273713637,-2644.11116335334,-1208.89505356958,-18.9247957555587,-0.68640588419167,-1.63278376781479,5.36812455444766,-0.34714866566988,0.0419211233697903,0.0088963923469505,-64.5222998947772,-4.46264729156423,-47.6628342964093,16.4493287671675,48.4507699278227,-247.841269538768,-17.4237370814273,39.8264060814915,-161.94811318717,-16.0193088805538,48.0766321616456,-125.879104841364,-729.102783427605,427.635453123887,-0.622200887338067,-1039.47991239241,-151.239997223595,-1.27061820157998,-86.8368295590912,-2.46807997087031,-206.400452804424,-11.4583189499916,-94.019841485042
304,0.396571324425075,0.475156941194994,6.78415721352771,346.352223746263,-37.8499457125523,21.544907116399,95.3942422703738,391.203706402464,137.956469410483,-49.7148556743744,-168.731683313906,-2645.20864996928,-1204.42305371549,-18.9388168144022,-0.686707226072311,-1.57761454091248,5.36650266992433,-0.347016663623545,0.0474312965292194,0.00874467623662212,-64.2408207881696,-4.46016433289635,-47.974269603055,16.572184746612,48.3358947988072,-247.750574792837,-17.3831236459783,39.8136364513325,-161.902129903717,-15.6299441235716,50.2471230396268,-127.597921163186,-729.62495846863,427.546394640799,-0.719186018275764,-1042.93281041033,-151.227125542728,-1.26977346940064,-86.8571296976947,-2.36499420388988,-206.419390739392,-11.4686142210224,-94.3704536932702
305,0.383916718375251,0.474784478863782,6.78386573656207,344.99025633485,-37.9901713450249,21.4801646374284,95.3883033463953,391.77884894659,137.624878481617,-49.7336901382012,-168.769092918488,-2646.30613611575,-1199.90395796379,-18.9528378610676,-0.687008567918491,-1.52215296646853,5.36488488672546,-0.34688466733174,0.052941403579398,0.0085919642530804,-63.9593417447637,-4.45768139321101,-48.2857049065893,16.695040721214,48.2210196636545,-247.659880035246,-17.3418499148551,39.8008667045083,-161.856146635919,-15.2405792160735,52.4176072671007,-129.31673828371,-730.1471338813,427.457335315182,-0.816169845638001,-1046.3854538839,-151.214251503761,-1.26892873646622,-86.8774298356992,-2.26132393818345,-206.438326642263,-11.478909510875,-94.7210658473618
306,0.371213261383666,0.474410291301332,6.78357586507875,343.623173211081,-38.1318168353062,21.415284166949,95.3823644376207,392.356997822051,137.29328738222,-49.752524592239,-168.806502527167,-2647.40362181622,-1195.34012110938,-18.9668588961638,-0.687309909731931,-1.46641366186004,5.36327099978479,-0.346752676506739,0.0584514478257896,0.00843830618998609,-63.6778627613992,-4.45519847155907,-48.5971402071676,16.8178966912156,48.1061445226715,-247.569185266578,-17.2999489028412,39.7880968468519,-161.810163382994,-14.8512141655847,54.5880851765942,-131.035556163001,-730.669309647033,427.368275189163,-0.91315243460383,-1049.83785554033,-151.201375224598,-1.26808400281448,-86.8977299731347,-2.15709839868731,-206.457260614643,-11.4892048186084,-95.0716779500229
307,0.358463524552525,0.474034469309289,6.78328751457868,342.251243622975,-38.2748074540365,21.3502729676718,95.3764255432495,392.937994800885,136.961696121265,-49.771359037003,-168.843912139729,-2648.50110709416,-1190.73389794712,-18.9808799202997,-0.687611251514356,-1.41041124446403,5.36166080403614,-0.346620690860817,0.0639614325738549,0.00828375184099928,-63.3963838349162,-4.45271556699141,-48.9085755049455,16.9407526568589,47.991269376165,-247.478490487416,-17.2574536247204,39.7753268841967,-161.764180144159,-14.4618489796316,56.7585571006325,-132.754374761124,-731.191485747249,427.279214304867,-1.01013385035162,-1053.29002810682,-151.188496823145,-1.26723926848317,-86.918030110031,-2.05234681033776,-206.476192758135,-11.4995001432815,-95.4222900039607
308,0.345670078984023,0.473657103689296,6.78300060056279,340.87473681855,-38.4190684718588,21.2851383023078,95.3704866624818,393.521681655124,136.630104707729,-49.7901934730085,-168.881321755957,-2649.59859197305,-1186.0876432719,-18.9949009340842,-0.687912593267488,-1.35416033165769,5.36005409441324,-0.346488710106246,0.0694713611290592,0.00812835099978126,-63.1149049621548,-4.45023267855891,-49.2200108000787,17.0636086183861,47.8763942244419,-247.387795698342,-17.2143970952764,39.762556822376,-161.718196918632,-14.0724836657396,58.9290233717397,-134.473194038144,-731.713662163363,427.190152704421,-1.10711415806054,-1056.74198431062,-151.175616417307,-1.26639453351005,-86.9383302464182,-1.94709839807112,-206.495123174346,-11.5097954839533,-95.7729020118822
309,0.332835495780354,0.473278285242995,6.782715038532,339.493922045825,-38.5645251594148,21.219887433568,95.3645477945173,394.107900156804,136.298513150587,-49.8090279007707,-168.918731375635,-2650.69607647635,-1181.40371187861,-19.0089219381263,-0.688213934993051,-1.29767554081805,5.35845066584987,-0.3463567339553,0.0749812367968623,0.00797215345999236,-62.8334261399544,-4.44774980531244,-49.5314460927227,17.1864645760393,47.7615190678091,-247.29710089994,-17.1708123292929,39.749786667223,-161.672213705629,-13.6831182314348,61.0994843224425,-136.192013954126,-732.235838876794,427.101090429952,-1.20409342290895,-1060.19373687892,-151.162734124988,-1.26554979793288,-86.9586303823261,-1.84138238682365,-206.514051964879,-11.5200908396826,-96.1235139764939
310,0.319962346043724,0.472898104772037,6.78243074398727,338.10906855282,-38.7111027873436,21.1545276241634,95.3586089385557,394.696492077961,135.966921458815,-49.8278623208048,-168.956140998549,-2651.79356062756,-1176.68445856209,-19.0229429330347,-0.688515276692767,-1.24097148932209,5.35685031327988,-0.346224762120253,0.0804910628827269,0.00781520901529331,-62.5519473651555,-4.44526694630287,-49.8428813830331,17.3093205300606,47.6466439065735,-247.206406092792,-17.1267323415538,39.7370164245709,-161.626230504368,-13.2937526842428,63.2699402852654,-137.910834469134,-732.758015868959,427.012027523587,-1.30107171007603,-1063.64529853895,-151.149850064094,-1.26470506178939,-86.9789305177848,-1.73522800153185,-206.532979231339,-11.5303862095282,-96.4741259005029
311,0.307053200876324,0.472516653078059,6.7821476324295,336.720445587553,-38.8587266262901,21.0890661368049,95.3526700937969,395.287299190628,135.635329641387,-49.8466967336259,-168.993550624481,-2652.89104445012,-1171.93223811727,-19.0369639194185,-0.688816618368359,-1.18406279454706,5.35525283163697,-0.346092794313376,0.0860008426921182,0.00765756745934476,-62.2704686345977,-4.44278410058107,-50.1543166711653,17.4321764806921,47.5317687410418,-247.115711277483,-17.0821901468424,39.7242461002531,-161.580247314065,-12.9043870316896,65.4403915927346,-139.629655543234,-733.280193121277,426.92296402745,-1.39804908474025,-1067.09668201793,-151.136964352529,-1.26386032511736,-86.9992306528242,-1.62866446713159,-206.551905075332,-11.5406815925492,-96.824737786616
312,0.294110631380351,0.472134020962709,6.78186561935963,335.328322398041,-39.0073219468943,21.0235102342035,95.3467312594407,395.880163266841,135.303737707279,-49.8655311397494,-169.030960253218,-2653.98852796753,-1167.149405339,-19.0509848978865,-0.689117960021552,-1.12696407386991,5.35365801585496,-0.345960830246945,0.0915105795304951,0.00749927858580735,-61.9889899451209,-4.44030126719791,-50.4657519572751,17.555032428176,47.4168935715209,-247.025016454594,-17.0372187599429,39.7114757001029,-161.534264133939,-12.5150212813007,67.6108385773746,-141.34847713649,-733.802370615165,426.83389998367,-1.49502561208033,-1070.54790004308,-151.1240771082,-1.26301558795452,-87.0195307874743,-1.52172100855959,-206.570829598462,-11.5509769878045,-97.1753496375399
313,0.28113720865801,0.47175029922763,6.7815846202786,333.932968232305,-39.1568140197983,20.9578671790704,95.3407924346868,396.474926078635,134.972145665467,-49.8843655396903,-169.068369884542,-2655.08601120326,-1162.33831502217,-19.0650058690477,-0.689419301654067,-1.06968994466781,5.3520656608676,-0.345828869633233,0.0970202767033239,0.00734039218834215,-61.7075112935651,-4.43781844520428,-50.777187241518,17.6778883727545,47.3020183983178,-246.934321624709,-16.9918511956388,39.6987052299534,-161.488280963207,-12.1256554406022,69.7812815717102,-143.067299208967,-734.32454833204,426.744835434372,-1.59200135727542,-1073.99896534161,-151.11118844901,-1.26217085033864,-87.0398309217649,-1.41442685075198,-206.589752902333,-11.5612723943529,-97.5259614559816
314,0.268135503811489,0.471365578674465,6.78130455068733,332.534652338363,-39.3071281156439,20.8921442341163,95.3348536187352,397.071429398045,134.640553524925,-49.903199933964,-169.105779518238,-2656.18349418077,-1157.50132196166,-19.0790268335109,-0.689720643267628,-1.0122550243178,5.35047556160868,-0.345696912184513,0.102529937516064,0.00718095806060937,-61.4260326767703,-4.43533563365104,-51.0886225240496,17.8007443146695,47.1871432217392,-246.84362678841,-16.9461204687138,39.685934695638,-161.442297801085,-11.7362895171199,71.9517209082678,-144.786121720731,-734.84672625332,426.655770421683,-1.68897638550402,-1077.44989064074,-151.098298492864,-1.26132611230747,-87.060131055726,-1.30681121864503,-206.608675088552,-11.5715678112533,-97.8765732446481
315,0.255108087942991,0.470979950104861,6.78102532608676,331.133643964233,-39.4581895050717,20.8263486620523,95.3289148107855,397.669514997107,134.30896129463,-49.9220343230856,-169.143189154091,-2657.28097692355,-1152.64078095234,-19.093047791885,-0.690021984863959,-0.954673930196879,5.34888751301202,-0.345564957613058,0.108039565274178,0.00702102599626964,-61.1445540915762,-4.43285283158907,-51.4000578050255,17.9236002541633,47.0722680420921,-246.752931946282,-16.9000595939515,39.6731641029898,-161.396314646791,-11.3469235183794,74.1221569195727,-146.504944631846,-735.368904360424,426.56670498773,-1.78595076194495,-1080.90068866769,-151.085407357669,-1.26048137389877,-87.0804311893877,-1.19890333717503,-206.627596258722,-11.5818632375647,-98.2271850062459
316,0.242057532154715,0.470593504320458,6.78074686197781,329.730212357935,-39.6099234587255,20.7604877255895,95.3229760100376,398.269024647853,133.977368983556,-49.9408687075703,-169.180598791885,-2658.37845945506,-1147.75904678911,-19.107068744779,-0.690323326444781,-0.896961279682319,5.34730131001132,-0.345433005631143,0.113549163283131,0.00686064578898404,-60.8630755348228,-4.43037003806924,-51.7114930846011,18.0464561914779,46.9573928596832,-246.662237098906,-16.8537015861359,39.6603934578423,-161.350331499542,-10.9575574519066,76.2925899381494,-148.223767902377,-735.891082634768,426.477639174638,-1.8829245517768,-1084.35137214967,-151.072515161328,-1.25963663515028,-87.1007313227798,-1.09073243127843,-206.646516514449,-11.5921586723459,-98.5777967434821
317,0.228986407548861,0.470206332122904,6.78046907386141,328.324626767488,-39.762255247245,20.6945686874387,95.3170372156913,398.86980012232,133.64577660068,-49.9597030879334,-169.218008431405,-2659.47594179879,-1142.85847426683,-19.1210896928017,-0.690624668011819,-0.839131690151081,5.3457167475404,-0.345301055951039,0.119058734848382,0.006699867232413,-60.5815970033502,-4.42788725214242,-52.0229283629322,18.1693121268555,46.8425176748194,-246.571542246867,-16.8070794600505,39.6476227660286,-161.304348358555,-10.5681913252275,78.4630202965241,-149.942591492389,-736.41326105777,426.388573024535,-1.97989782017862,-1087.80195381392,-151.059622021747,-1.25879189609975,-87.1210314559323,-0.982327725891405,-206.665435957337,-11.6024541146559,-98.9284084590636
318,0.215897285227619,0.469818524313839,6.7801918772385,326.917156440908,-39.9151101412738,20.628598810311,95.3110984269464,399.471683192542,133.314184154975,-49.97853746469,-169.255418072434,-2660.57342397819,-1137.9414181804,-19.1351106365621,-0.690926009566795,-0.781199778980312,5.34413362053302,-0.345169108285022,0.124568283275398,0.00653874012021716,-60.3001184939981,-4.42540447285949,-52.3343636401742,18.2921680605383,46.7276424878077,-246.480847390746,-16.760226230479,39.6348520333821,-161.258365223048,-10.1788251458675,80.6334483272217,-151.661415361946,-736.935439610849,426.299506579547,-2.07687063232902,-1091.25244638763,-151.046728056831,-1.25794715678496,-87.1413315888751,-0.873718445950185,-206.684354688992,-11.6127495635535,-99.2790201556969
319,0.202792736293191,0.469430171694912,6.77991518761001,325.508070626217,-40.0684134114513,20.5625853569174,95.3051596430026,400.074515630555,132.982591655419,-49.9973718383553,-169.292827714757,-2661.67090601676,-1133.01023332467,-19.1491315766691,-0.691227351111432,-0.723180163546967,5.34255172392301,-0.345037162345364,0.130077811869637,0.00637731424605736,-60.0186400036065,-4.42292169927132,-52.6457989164827,18.4150239927683,46.6127672989548,-246.390152531127,-16.7131749122055,39.6220812657359,-161.212382092238,-9.78945892135272,82.8038743627667,-153.380239471114,-737.457618275421,426.210439881799,-2.17384305340681,-1094.70286259804,-151.033833384484,-1.25710241724364,-87.1616317216383,-0.764933816391409,-206.703272811017,-11.6230450180977,-99.6296318360893
320,0.189675331847774,0.469041365067763,6.77963892047687,324.097638571432,-40.222090328421,20.4965355899689,95.2992208630599,400.678139208393,132.650999110985,-50.0162062094446,-169.330237358158,-2662.76838793795,-1128.06727449456,-19.1631525137316,-0.691528692647454,-0.665087461228275,5.34097085264407,-0.344905217844339,0.135587323936565,0.00621563940359415,-59.7371615290154,-4.42043893042879,-52.9572341920134,18.5378799237877,46.4978921085676,-246.299457668593,-16.6659585200131,39.6093104689234,-161.166398965341,-9.40009265920901,84.9742987356858,-155.099063779958,-737.979797032905,426.12137297342,-2.27081514859071,-1098.15321517236,-151.020938122613,-1.25625767751355,-87.1819318542516,-0.656003062150887,-206.722190425018,-11.6333404773474,-99.9802435029472
321,0.176547642993568,0.468652195234039,6.77936299134,322.686129524572,-40.3760661628234,20.4304567721764,95.293282086318,401.282395698092,132.31940653065,-50.0350405784731,-169.367647002422,-2663.86586976525,-1123.11489648491,-19.1771734483584,-0.691830034176584,-0.606936289401176,5.33939080163005,-0.34477327449422,0.141096822781641,0.00605376538648839,-59.4556830670646,-4.41795616538276,-53.2686694669218,18.6607358538385,46.383016916953,-246.208762803727,-16.6186100686861,39.5965396487778,-161.120415841576,-9.01072636696193,87.144721778503,-156.817888248542,-738.501975864718,426.032305896535,-2.36778698305977,-1101.6035168378,-151.008042389121,-1.25541293763245,-87.2022319867452,-0.546955408165346,-206.7411076326,-11.6436359403615,-100.330855158978
322,0.163412240832769,0.468262752995382,6.77908731570034,321.273812733655,-40.5302661853012,20.3643561662509,95.2873433119766,401.887126871685,131.987813923389,-50.0538749459559,-169.405056647333,-2664.96335152213,-1118.15545409064,-19.1911943811585,-0.692131375700544,-0.548741265442942,5.33781136581468,-0.34464133200728,0.146606311710332,0.00589174198840037,-59.174204614594,-4.41547340318411,-53.5801047413635,18.783591783163,46.2681417244177,-246.118067937112,-16.5711625730076,39.5837688111324,-161.074432720158,-8.62136005213756,89.3151438237446,-158.536712836931,-739.024154752278,425.94323869327,-2.46475862199236,-1105.05378032159,-150.995146301915,-1.25456819763809,-87.222532119149,-0.437820079370709,-206.760024535367,-11.6539314061988,-100.681466806888
323,0.150271696467575,0.467873129153436,6.77881180905882,319.860957446702,-40.6846156664956,20.2982410349035,95.2814045392357,402.492174501209,131.656221298177,-50.0727093124084,-169.442466292675,-2666.06083323206,-1113.1913021066,-19.2052153127408,-0.692432717221058,-0.490517006730492,5.33623234013175,-0.344509390095794,0.152115794028095,0.00572961900299118,-58.8927261684436,-4.41299064288371,-53.891540015494,18.9064477120033,46.1532665312688,-246.02737306933,-16.523649047762,39.5709979618205,-161.028449600307,-8.23199372226151,91.4855652039359,-160.255537505191,-739.546333677003,425.854171405752,-2.5617301305673,-1108.50401835095,-150.982249978898,-1.25372345756822,-87.2428322514928,-0.328626300703647,-206.778941234925,-11.6642268739184,-101.032078449384
324,0.137128581000177,0.467483414509848,6.77853638691637,318.447832911729,-40.8390398770482,20.232118640845,95.2754657672949,403.097380358698,131.32462866399,-50.0915436783456,-169.479875938233,-2667.15831491852,-1108.22479532767,-19.2192362437142,-0.692734058739849,-0.43227813064092,5.33465351951506,-0.344377448472034,0.157625273040399,0.00556744622392102,-58.6112477254532,-4.41050788353244,-54.202975289469,19.0293036406014,46.038391337813,-245.936678200966,-16.4761025077325,39.5582271066753,-160.982466481238,-7.84262738485967,93.6559862516019,-161.974362213386,-740.06851262031,425.765104076108,-2.65870157396364,-1111.95424365309,-150.969353537976,-1.25287871746059,-87.2631323838066,-0.219403297100211,-206.797857832877,-11.674522342579,-101.382690089174
