row_id,compartment,timepoint,feature,mz,rt,ion_mode,effect_size,raw_p,fdr,direction,putative_name,n_candidates,normalized_name,supplement_feature,supplement_detected,supplement_reliably_detected,supplement_abundant,match_type,supplement_match_ppm,supplement_status
1,Infant VAMS,pn12,VAM_1003290,220.118,0.167,positive,0.631913445324191,6.49420255567641e-10,8.39072617535244e-06,Upregulated,N-Acetylserotonin,4,nacetylserotonin,,,,,,,No matched supplement feature
2,Infant VAMS,pn12,VAM_1005523,286.202,0.323,positive,1.04377265115873,1.5635550015962e-24,6.06049554168703e-20,Upregulated,Octenoylcarnitine,0,octenoylcarnitine,,,,,,,No matched supplement feature
3,Infant VAMS,pn12,VAM_1005524,286.202,0.34,positive,0.998718036473175,9.0350494524406e-24,1.75103775913025e-19,Upregulated,,0,,,,,,,,No matched supplement feature
4,Infant VAMS,pn34,VAM_1001424,160.133,0.075,positive,0.555190310604611,1.45407234027244e-06,0.00805161399732858,Upregulated,Acid,1,acid,rLC_pos_mtb_1544198,TRUE,TRUE,FALSE,Mass within 25 ppm,0.624480510296245,Reliably detected
5,Infant VAMS,pn34,VAM_1003290,220.118,0.167,positive,0.748646838148351,5.4276901337904e-12,7.01275657586166e-08,Upregulated,N-Acetylserotonin,4,nacetylserotonin,,,,,,,No matched supplement feature
6,Infant VAMS,pn34,VAM_1004055,243.134,0.283,positive,0.633199382348023,3.94171964369912e-09,3.81962487773554e-05,Upregulated,,0,,,,,,,,No matched supplement feature
7,Infant VAMS,pn34,VAM_1004149,246.114,0.165,positive,0.612656009832451,3.66223316687991e-07,0.00236586366302387,Upregulated,,0,,,,,,,,No matched supplement feature
8,Infant VAMS,pn34,VAM_1005523,286.202,0.323,positive,1.20086098128572,3.56941095032027e-45,1.38353937845364e-40,Upregulated,Octenoylcarnitine,0,octenoylcarnitine,,,,,,,No matched supplement feature
9,Infant VAMS,pn34,VAM_1005524,286.202,0.34,positive,1.16488812201922,1.60557649903517e-41,3.11168753395511e-37,Upregulated,,0,,,,,,,,No matched supplement feature
10,Infant VAMS,pn34,VAM_1028095,756.554,0.488,positive,0.601392259461264,3.08763904540719e-08,0.000239359954078056,Upregulated,PC(34:3),0,pc343,rLC_pos_mtb_4680716,TRUE,TRUE,FALSE,Mass within 25 ppm,2.90793042857897,Reliably detected
11,Infant VAMS,pn34,VAM_2002077,165.092,0.392,negative,0.359225720546424,4.84072720756429e-06,0.0234539284115499,Upregulated,,0,,,,,,,,No matched supplement feature
12,Infant VAMS,pn56,VAM_1001424,160.133,0.075,positive,0.713160501930911,1.05352839677183e-10,5.83368774103899e-07,Upregulated,Acid,1,acid,rLC_pos_mtb_1544198,TRUE,TRUE,FALSE,Mass within 25 ppm,0.624480510296245,Reliably detected
13,Infant VAMS,pn56,VAM_1003290,220.118,0.167,positive,0.628672100460443,5.10132886113581e-09,2.47165759983106e-05,Upregulated,N-Acetylserotonin,4,nacetylserotonin,,,,,,,No matched supplement feature
14,Infant VAMS,pn56,VAM_1004055,243.134,0.283,positive,0.562750517893537,1.26601696282546e-06,0.0035051488211484,Upregulated,,0,,,,,,,,No matched supplement feature
15,Infant VAMS,pn56,VAM_1004149,246.114,0.165,positive,0.621573509395112,5.12377447956983e-08,0.000198602622602606,Upregulated,,0,,,,,,,,No matched supplement feature
16,Infant VAMS,pn56,VAM_1005523,286.202,0.323,positive,1.04314302233238,4.04127686892793e-28,1.56643932716516e-23,Upregulated,Octenoylcarnitine,0,octenoylcarnitine,,,,,,,No matched supplement feature
17,Infant VAMS,pn56,VAM_1005524,286.202,0.34,positive,0.992899446009306,3.04407107232504e-26,5.89956194171954e-22,Upregulated,,0,,,,,,,,No matched supplement feature
18,Infant VAMS,pn56,VAM_1008998,370.415,0.483,positive,0.498679657406811,9.13266700496911e-06,0.0208913455563542,Upregulated,,0,,,,,,,,No matched supplement feature
19,Infant VAMS,pn56,VAM_1018846,586.037,0.515,positive,-0.487594605223265,2.10826895205513e-05,0.0453992293614494,Downregulated,3-Carboxy-1-hydroxypropyl-ThPP,1,3carboxy1hydroxypropylthpp,rLC_pos_mtb_728854,TRUE,TRUE,FALSE,Mass within 25 ppm,14.3333605211094,Reliably detected
20,Infant VAMS,pn56,VAM_1020644,628.883,0.556,positive,0.50562678190418,9.16263446397208e-06,0.0208913455563542,Upregulated,,0,,,,,,,,No matched supplement feature
21,Infant VAMS,pn56,VAM_2000289,99.009,0.16,negative,0.567006515016041,9.10353676649817e-08,0.000320783807823851,Upregulated,Methylmalonate,4,methylmalonate,rLC_neg_mtb_4772243,TRUE,TRUE,FALSE,Mass within 25 ppm,1.01001021123676,Reliably detected
22,Infant VAMS,pn56,VAM_2001392,142.998,0.167,negative,0.96516602064093,1.42502400173102e-22,1.3808838832774e-18,Upregulated,4-Hydroxy-2-oxoglutarate,1,4hydroxy2oxoglutarate,rLC_neg_mtb_1354577,TRUE,TRUE,FALSE,Mass within 25 ppm,1.3986229157247,Reliably detected
23,Infant VAMS,pn56,VAM_2002077,165.092,0.392,negative,0.840590318678806,2.02969411028688e-17,1.3112162234805e-13,Upregulated,Perillic acid,2,perillicacid,,,,,,,No matched supplement feature
24,Infant VAMS,pn56,VAM_2002332,173.009,0.158,negative,0.653239910273004,7.18399056063898e-09,3.09398509023253e-05,Upregulated,Aconitic acid,4,aconiticacid,rLC_neg_mtb_6107801,TRUE,TRUE,FALSE,Mass within 25 ppm,4.04604865775119,Reliably detected
25,Infant VAMS,pn56,VAM_2003705,208.986,0.16,negative,0.572694116377552,2.49008519357267e-07,0.000804318268233919,Upregulated,Dehydroascorbate,2,dehydroascorbate,rLC_neg_mtb_1355281,TRUE,TRUE,FALSE,Mass within 25 ppm,0.47850118119605,Reliably detected
26,Infant VAMS,pn56,VAM_2004233,226.997,0.163,negative,0.973997364369831,3.76030818764766e-25,4.85844352204703e-21,Upregulated,,0,,rLC_neg_mtb_1315956,TRUE,TRUE,FALSE,Mass within 25 ppm,3.52428807189969,Reliably detected
27,Infant VAMS,pn56,VAM_2004310,228.994,0.163,negative,0.926576869265405,1.99842516820165e-22,1.54921915889328e-18,Upregulated,Citrate,2,citrate,rLC_neg_mtb_1299266,TRUE,TRUE,FALSE,Mass within 25 ppm,2.18346808965397,Reliably detected
28,Infant VAMS,pn56,VAM_2004820,244.909,0.392,negative,0.560898996550496,3.19063105605497e-07,0.000951323464336513,Upregulated,,0,,,,,,,,No matched supplement feature
29,Infant VAMS,pn56,VAM_2004883,246.906,0.392,negative,0.527521003052383,2.1523393344454e-06,0.00556178832949588,Upregulated,,0,,,,,,,,No matched supplement feature
30,Maternal VAMS,pn56,VAM_1001196,153.066,0.121,positive,0.606168671020924,9.25587556852831e-08,0.000315442554715367,Upregulated,N(pi)-Methyl-L-histidine,5,npimethyllhistidine,,,,,,,No matched supplement feature
31,Maternal VAMS,pn56,VAM_1001424,160.133,0.075,positive,0.765968798175152,3.88698813308144e-12,2.51105911710616e-08,Upregulated,Acid,1,acid,rLC_pos_mtb_1544198,TRUE,TRUE,FALSE,Mass within 25 ppm,0.624480510296245,Reliably detected
32,Maternal VAMS,pn56,VAM_1001605,164.989,0.05,positive,-0.495315959333349,1.24144909526911e-05,0.0283057696363094,Downregulated,alloxan,1,alloxan,,,,,,,No matched supplement feature
33,Maternal VAMS,pn56,VAM_1005523,286.202,0.323,positive,0.782592127394795,6.55313086766776e-14,8.46686351872234e-10,Upregulated,Octenoylcarnitine,0,octenoylcarnitine,,,,,,,No matched supplement feature
34,Maternal VAMS,pn56,VAM_1005524,286.202,0.34,positive,0.568448709386384,2.99890890236724e-08,0.000116240707964657,Upregulated,,0,,,,,,,,No matched supplement feature
35,Maternal VAMS,pn56,VAM_2000920,135.03,0.148,negative,0.681086824674923,1.39563443648276e-09,6.01068737694536e-06,Upregulated,Threonic acid,10,threonicacid,rLC_neg_mtb_1298230,TRUE,TRUE,FALSE,Mass within 25 ppm,2.96231344840893,Reliably detected
36,Maternal VAMS,pn56,VAM_2001392,142.998,0.167,negative,0.535829644980467,2.6131571806873e-06,0.0067525723653747,Upregulated,4-Hydroxy-2-oxoglutarate,1,4hydroxy2oxoglutarate,rLC_neg_mtb_1354577,TRUE,TRUE,FALSE,Mass within 25 ppm,1.3986229157247,Reliably detected
37,Maternal VAMS,pn56,VAM_2001956,161.063,0.229,negative,-0.798842985210099,5.88832851040914e-13,5.70593753479922e-09,Downregulated,,0,,rLC_neg_mtb_1454064,FALSE,FALSE,FALSE,Mass within 25 ppm,5.58790677633941,Not detected
38,Maternal VAMS,pn56,VAM_2002077,165.092,0.392,negative,0.590507523196581,1.08833997910907e-07,0.000324501122540359,Upregulated,Perillic acid,2,perillicacid,,,,,,,No matched supplement feature
39,Maternal VAMS,pn56,VAM_2003467,201.023,0.375,negative,0.738474809095985,1.45475200344845e-12,1.12775284811331e-08,Upregulated,,0,,rLC_neg_mtb_1372186,TRUE,TRUE,FALSE,Mass within 25 ppm,0.497455762519194,Reliably detected
40,Maternal VAMS,pn56,VAM_2003890,215.073,0.219,negative,-0.597520964200999,9.76577141091406e-08,0.000315442554715367,Downregulated,,0,,rLC_neg_mtb_1413314,TRUE,TRUE,FALSE,Mass within 25 ppm,9.76422193803471,Reliably detected
41,Maternal VAMS,pn56,VAM_2004233,226.997,0.163,negative,0.834024355454203,3.54164981922949e-16,1.37277888643154e-11,Upregulated,,0,,rLC_neg_mtb_1315956,TRUE,TRUE,FALSE,Mass within 25 ppm,3.52428807189969,Reliably detected
42,Maternal VAMS,pn56,VAM_2004310,228.994,0.163,negative,0.707743370344804,3.04027473032729e-11,1.68348698317452e-07,Upregulated,Citrate,2,citrate,rLC_neg_mtb_1299266,TRUE,TRUE,FALSE,Mass within 25 ppm,2.18346808965397,Reliably detected
43,Maternal VAMS,pn56,VAM_2004348,230.034,0.14,negative,0.49268447269439,1.87065931609287e-05,0.0402825698617087,Upregulated,,0,,rLC_neg_mtb_1398290,TRUE,TRUE,FALSE,Mass within 25 ppm,3.04301916186913,Reliably detected
44,Maternal VAMS,pn56,VAM_2007571,309.148,0.206,negative,-0.876090889496395,4.47505443271255e-14,8.46686351872234e-10,Downregulated,,0,,rLC_neg_mtb_2397410,TRUE,TRUE,FALSE,Mass within 25 ppm,16.1732216733962,Reliably detected
45,Maternal VAMS,pn56,VAM_2007623,310.148,0.206,negative,-0.593213860466799,2.60429437669266e-07,0.000721036102392744,Downregulated,,0,,rLC_neg_mtb_1456247,TRUE,TRUE,FALSE,Mass within 25 ppm,0.322426608368383,Reliably detected
46,Maternal VAMS,pn56,VAM_2008431,325.123,0.206,negative,-0.753461572469072,7.79685667139022e-11,3.77767451799695e-07,Downregulated,,0,,,,,,,,No matched supplement feature
47,Maternal VAMS,pn56,VAM_2034867,866.475,0.406,negative,0.512945110213914,2.94583460794168e-06,0.00713646845240172,Upregulated,,0,,,,,,,,No matched supplement feature
48,Maternal plasma,incl,RLC_NEG_MTB_2872382,193.123,0.2914,negative,0.802335985413937,1.08916150522769e-05,0.0234593286431542,Upregulated,,,,,,,,,,No matched supplement feature
49,Maternal plasma,incl,RLC_NEG_MTB_3072370,174.0239,0.3120667,negative,-0.797088504938369,9.95374503625201e-06,0.0234593286431542,Downregulated,,,,rLC_neg_mtb_5950411,TRUE,TRUE,FALSE,Mass within 25 ppm,0.574633383920147,Reliably detected
50,Maternal plasma,incl,RLC_NEG_MTB_3416431,415.3187,0.372,negative,0.812600520562469,4.14488238139658e-06,0.0188325903936616,Upregulated,,,,rLC_neg_mtb_4118103,TRUE,TRUE,FALSE,Mass within 25 ppm,8.42719218965642,Reliably detected
51,Maternal plasma,incl,RLC_NEG_MTB_3686406,337.3091,0.4174667,negative,0.970141622980255,5.27845828745752e-06,0.0188325903936616,Upregulated,,,,rLC_neg_mtb_4282818,TRUE,TRUE,FALSE,Mass within 25 ppm,0.296463897145106,Reliably detected
52,Maternal plasma,incl,RLC_NEG_MTB_3749271,337.3091,0.4381333,negative,0.800926793738682,1.51980552150317e-05,0.0267831182130354,Upregulated,,,,rLC_neg_mtb_4282818,TRUE,TRUE,FALSE,Mass within 25 ppm,0.296463897145106,Reliably detected
53,Maternal plasma,incl,RLC_NEG_MTB_3772374,194.0293,0.4298667,negative,0.809322393709439,2.86996161229133e-06,0.0188325903936616,Upregulated,,,,rLC_neg_mtb_4540653,TRUE,TRUE,FALSE,Mass within 25 ppm,0,Reliably detected
54,Maternal plasma,incl,RLC_NEG_MTB_3785385,338.3135,0.4298667,negative,0.993000972399041,3.61103976329755e-05,0.0435071467595342,Upregulated,,,,rLC_neg_mtb_4699485,TRUE,TRUE,FALSE,Mass within 25 ppm,2.36466504675255,Reliably detected
55,Maternal plasma,incl,RLC_NEG_MTB_3939773,666.5469,0.4588,negative,1.01273014126228,2.0866546512113e-05,0.0333754826683356,Upregulated,,,,rLC_neg_mtb_3949481,TRUE,TRUE,FALSE,Mass within 25 ppm,16.6532690367957,Reliably detected
56,Maternal plasma,incl,RLC_NEG_MTB_873025,463.1961,0.1260667,negative,0.831431567368626,2.41040370057621e-05,0.0333754826683356,Upregulated,,,,rLC_neg_mtb_3797977,TRUE,TRUE,FALSE,Mass within 25 ppm,22.0204258879846,Reliably detected
57,Maternal plasma,incl,RLC_NEG_MTB_873791,511.1271,0.1198667,negative,0.833526039306728,5.82901946669949e-06,0.0188325903936616,Upregulated,,,,rLC_neg_mtb_1236794,TRUE,FALSE,FALSE,Mass within 25 ppm,3.71726120027361,Detected
58,Maternal plasma,incl,RLC_NEG_MTB_913435,324.0819,0.124,negative,0.802999599618224,8.78576172192745e-06,0.0234593286431542,Upregulated,,,,rLC_neg_mtb_1300309,TRUE,TRUE,FALSE,Mass within 25 ppm,4.01131561265098,Reliably detected
59,Maternal plasma,incl,RLC_NEG_MTB_933434,218.1024,0.1591333,negative,0.796346853004339,3.85102607647067e-06,0.0188325903936616,Upregulated,,,,rLC_neg_mtb_1355357,TRUE,TRUE,FALSE,Mass within 25 ppm,3.66798836513236,Reliably detected
60,Maternal plasma,incl,RLC_POS_MTB_1437288,570.9449,0.1198667,positive,0.709472388251774,3.81543200883199e-05,0.0435071467595342,Upregulated,,,,rLC_pos_mtb_1221358,TRUE,TRUE,FALSE,Mass within 25 ppm,1.57633176389327,Reliably detected
61,Maternal plasma,incl,RLC_POS_MTB_2679130,286.2021,0.2025333,positive,0.796793393480623,2.39743739084931e-05,0.0333754826683356,Upregulated,,,,,,,,,,No matched supplement feature
62,Maternal plasma,incl,RLC_POS_MTB_3417659,286.1984,0.2397333,positive,0.851082262247797,1.07207151537881e-06,0.0188325903936616,Upregulated,,,,,,,,,,No matched supplement feature
63,Maternal plasma,incl,RLC_POS_MTB_4626067,855.5717,0.3513333,positive,0.951077478764775,1.21467915261237e-05,0.0235465553733908,Upregulated,,,,,,,,,,No matched supplement feature
64,Maternal plasma,incl,RLC_POS_MTB_4811762,832.5856,0.3306667,positive,0.840987692291434,3.41991098475898e-05,0.0435071467595342,Upregulated,,,,rLC_pos_mtb_4846724,TRUE,TRUE,FALSE,Mass within 25 ppm,4.68422498361927,Reliably detected
65,Maternal plasma,pn12,RLC_NEG_MTB_1004919,854.3765,0.1281333,negative,0.820119659978327,0.000255498225236011,0.0202156452906125,Upregulated,,0,,,,,,,,No matched supplement feature
66,Maternal plasma,pn12,RLC_NEG_MTB_1018703,304.108,0.1467333,negative,-0.546983456481796,0.0010295734462753,0.043106438997941,Downregulated,,0,,rLC_neg_mtb_1456160,TRUE,TRUE,FALSE,Mass within 25 ppm,3.28831628333565,Reliably detected
67,Maternal plasma,pn12,RLC_NEG_MTB_1020738,470.7063,0.1343333,negative,0.752906271949439,0.00022778065189298,0.0187404062132404,Upregulated,,0,,,,,,,,No matched supplement feature
68,Maternal plasma,pn12,RLC_NEG_MTB_1041611,414.9852,0.1529333,negative,0.768153249807602,0.000519997786218563,0.0302707419995401,Upregulated,,0,,,,,,,,No matched supplement feature
69,Maternal plasma,pn12,RLC_NEG_MTB_1042140,468.7152,0.1343333,negative,0.655662873312377,0.00102894550416438,0.043106438997941,Upregulated,,0,,,,,,,,No matched supplement feature
70,Maternal plasma,pn12,RLC_NEG_MTB_1042689,524.6772,0.1322667,negative,0.622460462143451,0.000971948516428827,0.0420723909906722,Upregulated,,0,,,,,,,,No matched supplement feature
71,Maternal plasma,pn12,RLC_NEG_MTB_1042969,550.7188,0.1343333,negative,0.683769010897963,0.000807716447904531,0.0385654762133727,Upregulated,,0,,,,,,,,No matched supplement feature
72,Maternal plasma,pn12,RLC_NEG_MTB_1059718,204.0553,0.1570667,negative,-0.607774971899902,0.00131695152061566,0.0468800119534263,Downregulated,Lipoamide,1,lipoamide,rLC_neg_mtb_1252440,TRUE,TRUE,FALSE,Mass within 25 ppm,0.49006347289801,Reliably detected
73,Maternal plasma,pn12,RLC_NEG_MTB_1060332,256.0885,0.1405333,negative,0.624755383400327,0.00116334267415044,0.0445705931630388,Upregulated,,0,,rLC_neg_mtb_1431762,TRUE,TRUE,FALSE,Mass within 25 ppm,12.1053367353924,Reliably detected
74,Maternal plasma,pn12,RLC_NEG_MTB_1060495,273.0745,0.1260667,negative,0.768768043243698,2.41725866218778e-05,0.00593146318563419,Upregulated,Deoxyuridine,1,deoxyuridine,rLC_neg_mtb_17097,TRUE,TRUE,FALSE,Mass within 25 ppm,4.02822098383839,Reliably detected
75,Maternal plasma,pn12,RLC_NEG_MTB_1060509,274.0726,0.1508667,negative,0.768085419922626,0.000182096310007975,0.0162669906428783,Upregulated,,0,,,,,,,,No matched supplement feature
76,Maternal plasma,pn12,RLC_NEG_MTB_1060722,297.1182,0.1384667,negative,-0.642786460546656,0.00141187295150456,0.0480160652016068,Downregulated,,0,,rLC_neg_mtb_2453265,TRUE,TRUE,FALSE,Mass within 25 ppm,20.866680757213,Reliably detected
77,Maternal plasma,pn12,RLC_NEG_MTB_1061325,348.8058,0.1343333,negative,0.867829649183565,0.000561972500630062,0.031394342722518,Upregulated,,0,,,,,,,,No matched supplement feature
78,Maternal plasma,pn12,RLC_NEG_MTB_1061798,393.099,0.1488,negative,0.76558292029932,0.00124803229584273,0.0457342676663237,Upregulated,,0,,rLC_neg_mtb_1255201,TRUE,TRUE,FALSE,Mass within 25 ppm,1.27194583542847,Reliably detected
79,Maternal plasma,pn12,RLC_NEG_MTB_1062926,506.7372,0.1405333,negative,0.558575052209312,0.000956707452201922,0.0420672739938188,Upregulated,,0,,,,,,,,No matched supplement feature
80,Maternal plasma,pn12,RLC_NEG_MTB_106415,507.3054,0.01446667,negative,-0.582370219084276,0.000826620534470543,0.0391785796105415,Downregulated,,0,,rLC_neg_mtb_3692677,TRUE,TRUE,FALSE,Mass within 25 ppm,5.12509166023919,Reliably detected
81,Maternal plasma,pn12,RLC_NEG_MTB_1081454,303.1359,0.1260667,negative,0.681109368516876,0.000224227588025349,0.0187404062132404,Upregulated,,0,,,,,,,,No matched supplement feature
82,Maternal plasma,pn12,RLC_NEG_MTB_1082318,394.0659,0.1405333,negative,-0.653836390367543,0.00110736633637814,0.0439896585860648,Downregulated,,0,,,,,,,,No matched supplement feature
83,Maternal plasma,pn12,RLC_NEG_MTB_1082360,398.9561,0.1405333,negative,-0.615187460597586,0.00119520402560978,0.0449591486156149,Downregulated,,0,,,,,,,,No matched supplement feature
84,Maternal plasma,pn12,RLC_NEG_MTB_1082647,432.8057,0.1343333,negative,0.75271140222415,0.000141614415845744,0.0146184194455863,Upregulated,,0,,,,,,,,No matched supplement feature
85,Maternal plasma,pn12,RLC_NEG_MTB_1083348,512.8122,0.1384667,negative,0.6717716450891,0.00100487648365334,0.0424241195066949,Upregulated,,0,,,,,,,,No matched supplement feature
86,Maternal plasma,pn12,RLC_NEG_MTB_1085600,736.7737,0.1384667,negative,0.750966280810647,0.000742924955416805,0.0368426078254817,Upregulated,,0,,,,,,,,No matched supplement feature
87,Maternal plasma,pn12,RLC_NEG_MTB_1087787,900.7827,0.1426,negative,0.729660218219964,0.000131641755211463,0.0140987592528962,Upregulated,,0,,,,,,,,No matched supplement feature
88,Maternal plasma,pn12,RLC_NEG_MTB_1099360,131.9832,0.1384667,negative,0.738347201107631,0.000837390685665078,0.0392097063807187,Upregulated,,0,,,,,,,,No matched supplement feature
89,Maternal plasma,pn12,RLC_NEG_MTB_1105874,844.817,0.1405333,negative,0.643084961501914,0.000483346294931566,0.0288297474684566,Upregulated,,0,,,,,,,,No matched supplement feature
90,Maternal plasma,pn12,RLC_NEG_MTB_1116902,183.027,0.1384667,negative,-0.744737333800738,0.000508531373392847,0.0298723656764253,Downregulated,,0,,,,,,,,No matched supplement feature
91,Maternal plasma,pn12,RLC_NEG_MTB_1116960,187.0399,0.1426,negative,-0.635399863494326,0.000278911766057917,0.0210629561250647,Downregulated,Xylitol,2,xylitol,rLC_neg_mtb_1211992,TRUE,TRUE,FALSE,Mass within 25 ppm,3.74253097743583,Reliably detected
92,Maternal plasma,pn12,RLC_NEG_MTB_1117599,232.8892,0.1384667,negative,0.650664254004425,0.000949542480522271,0.0420248424313338,Upregulated,,0,,rLC_neg_mtb_7067824,TRUE,TRUE,FALSE,Mass within 25 ppm,12.8818281202832,Reliably detected
93,Maternal plasma,pn12,RLC_NEG_MTB_1120827,538.8536,0.1384667,negative,0.692054251486919,0.000411992989977061,0.0265547042788154,Upregulated,,0,,rLC_neg_mtb_1503988,TRUE,TRUE,FALSE,Mass within 25 ppm,0.927894953361544,Reliably detected
94,Maternal plasma,pn12,RLC_NEG_MTB_1125666,954.9684,0.1426,negative,0.888856436162451,0.000296744495314705,0.0213957175020094,Upregulated,,0,,rLC_neg_mtb_1717019,TRUE,TRUE,FALSE,Mass within 25 ppm,6.80646161493215,Reliably detected
95,Maternal plasma,pn12,RLC_NEG_MTB_112711,709.0455,0.0124,negative,-0.699600936339647,5.14802111998081e-05,0.00896777252202286,Downregulated,,0,,,,,,,,No matched supplement feature
96,Maternal plasma,pn12,RLC_NEG_MTB_1129834,1289.047,0.1426,negative,0.745046268351867,0.000668717577744529,0.0349612166730063,Upregulated,,0,,rLC_neg_mtb_1696173,TRUE,TRUE,FALSE,Mass within 25 ppm,7.75760885669982,Reliably detected
97,Maternal plasma,pn12,RLC_NEG_MTB_1136509,172.0142,0.1529333,negative,-0.700803464078647,0.000395547082706121,0.0258171050446403,Downregulated,"3,4-Dihydroxyphenylacetaldehyde",3,34dihydroxyphenylacetaldehyde,rLC_neg_mtb_1541494,TRUE,TRUE,FALSE,Mass within 25 ppm,3.48809629001135,Reliably detected
98,Maternal plasma,pn12,RLC_NEG_MTB_1137879,313.0377,0.1488,negative,0.896789562052744,0.000165581456844128,0.0156619778656571,Upregulated,,0,,rLC_neg_mtb_2321308,TRUE,TRUE,FALSE,Mass within 25 ppm,2.5555961967188,Reliably detected
99,Maternal plasma,pn12,RLC_NEG_MTB_1138567,385.046,0.1384667,negative,0.674060624977513,0.00134272665037723,0.0472922096036465,Upregulated,,0,,,,,,,,No matched supplement feature
100,Maternal plasma,pn12,RLC_NEG_MTB_1139719,534.9513,0.1529333,negative,-0.729013100944994,6.92523150652932e-05,0.00987349821166525,Downregulated,,0,,,,,,,,No matched supplement feature
101,Maternal plasma,pn12,RLC_NEG_MTB_1153739,317.0229,0.1488,negative,-0.753424295079762,0.00147570512362845,0.0490678281673028,Downregulated,,0,,,,,,,,No matched supplement feature
102,Maternal plasma,pn12,RLC_NEG_MTB_1154909,423.9382,0.1426,negative,0.844740288265878,1.61996261381252e-05,0.00479319004547627,Upregulated,,0,,,,,,,,No matched supplement feature
103,Maternal plasma,pn12,RLC_NEG_MTB_1155639,491.0057,0.1488,negative,0.627767528667047,0.000966524998382034,0.0420672739938188,Upregulated,,0,,,,,,,,No matched supplement feature
104,Maternal plasma,pn12,RLC_NEG_MTB_1158993,805.9519,0.1570667,negative,-0.777636878747732,0.000361338450378189,0.0244303152833225,Downregulated,,0,,rLC_neg_mtb_1788956,TRUE,TRUE,FALSE,Mass within 25 ppm,6.20388266273554,Reliably detected
105,Maternal plasma,pn12,RLC_NEG_MTB_1169465,157.0142,0.1426,negative,-0.792643580110698,0.000455433275610367,0.0279385254674271,Downregulated,"D-glucurono-6,3-lactone",2,dglucurono63lactone,rLC_neg_mtb_1315352,TRUE,TRUE,FALSE,Mass within 25 ppm,7.0057848675026,Reliably detected
106,Maternal plasma,pn12,RLC_NEG_MTB_1170035,199.0584,0.1467333,negative,-0.854126512840929,2.18673750765118e-07,0.00018430394167747,Downregulated,,0,,rLC_neg_mtb_1602893,TRUE,TRUE,FALSE,Mass within 25 ppm,0.502365387443375,Reliably detected
107,Maternal plasma,pn12,RLC_NEG_MTB_1172877,474.0117,0.1529333,negative,-0.579522517668476,0.00151984779721988,0.0496979880996875,Downregulated,,0,,,,,,,,No matched supplement feature
108,Maternal plasma,pn12,RLC_NEG_MTB_1175377,722.0059,0.1446667,negative,-0.611012755085984,0.000834397105985832,0.0391989938514474,Downregulated,,0,,,,,,,,No matched supplement feature
109,Maternal plasma,pn12,RLC_NEG_MTB_1177114,910.0543,0.155,negative,-0.632096600569127,0.00113193303377969,0.0443833769456012,Downregulated,,0,,rLC_neg_mtb_1610366,TRUE,TRUE,FALSE,Mass within 25 ppm,0.659300883895108,Reliably detected
110,Maternal plasma,pn12,RLC_NEG_MTB_1187743,252.0454,0.1384667,negative,-0.634185920309582,0.000682815236285199,0.0352969956143696,Downregulated,,0,,rLC_neg_mtb_1622924,TRUE,TRUE,FALSE,Mass within 25 ppm,1.19026033774811,Reliably detected
111,Maternal plasma,pn12,RLC_NEG_MTB_1192445,662.0591,0.1529333,negative,-0.851111234252102,9.76042615269298e-06,0.00350381224018432,Downregulated,,0,,rLC_neg_mtb_1647324,TRUE,TRUE,FALSE,Mass within 25 ppm,4.53129698867032,Reliably detected
112,Maternal plasma,pn12,RLC_NEG_MTB_1194143,809.9128,0.155,negative,0.717612419505147,0.000114637328738525,0.0129955825590427,Upregulated,,0,,,,,,,,No matched supplement feature
113,Maternal plasma,pn12,RLC_NEG_MTB_12049,297.2426,0.01446667,negative,-0.631602629795515,0.00093881542336262,0.041740681151111,Downregulated,(9Z)-Octadecenoic acid,1,9zoctadecenoicacid,rLC_neg_mtb_3969900,TRUE,TRUE,FALSE,Mass within 25 ppm,2.35497318188439,Reliably detected
114,Maternal plasma,pn12,RLC_NEG_MTB_1208175,278.0618,0.1405333,negative,-0.797267987259453,1.2444832406405e-05,0.00423233467014317,Downregulated,,0,,rLC_neg_mtb_1275082,TRUE,TRUE,FALSE,Mass within 25 ppm,10.4292274424298,Reliably detected
115,Maternal plasma,pn12,RLC_NEG_MTB_1232888,841.8554,0.1591333,negative,0.671790233921876,0.00116389262078201,0.0445705931630388,Upregulated,,0,,,,,,,,No matched supplement feature
116,Maternal plasma,pn12,RLC_NEG_MTB_1251231,844.9589,0.1798,negative,-0.6776186544174,0.00126125856853141,0.0457855755636355,Downregulated,,0,,rLC_neg_mtb_2623000,TRUE,TRUE,FALSE,Mass within 25 ppm,1.18349091709345,Reliably detected
117,Maternal plasma,pn12,RLC_NEG_MTB_125703,249.0978,0.02066667,negative,0.92002821035462,3.81285748666482e-05,0.00725844395618897,Upregulated,,0,,rLC_neg_mtb_1455408,TRUE,TRUE,FALSE,Mass within 25 ppm,13.6494437450187,Reliably detected
118,Maternal plasma,pn12,RLC_NEG_MTB_1286778,334.0482,0.1756667,negative,-0.610495812094129,0.00136383639003909,0.0472922096036465,Downregulated,,0,,rLC_neg_mtb_1644510,TRUE,TRUE,FALSE,Mass within 25 ppm,1.49678774378759,Reliably detected
119,Maternal plasma,pn12,RLC_NEG_MTB_1291220,808.9139,0.1694667,negative,0.610564712296958,0.000653769326327352,0.0347832476278595,Upregulated,,0,,rLC_neg_mtb_1570172,TRUE,TRUE,FALSE,Mass within 25 ppm,9.88990190334648,Reliably detected
120,Maternal plasma,pn12,RLC_NEG_MTB_129378,1017.103,0.01653333,negative,-0.707386853358129,5.37153971214118e-05,0.00898051433478424,Downregulated,,0,,rLC_neg_mtb_169832,TRUE,TRUE,FALSE,Mass within 25 ppm,13.764394853306,Reliably detected
121,Maternal plasma,pn12,RLC_NEG_MTB_1305262,373.0086,0.155,negative,0.658748873013609,0.000117140251911659,0.0131258022156503,Upregulated,,0,,rLC_neg_mtb_139749,TRUE,TRUE,FALSE,Mass within 25 ppm,0.268090405379228,Reliably detected
122,Maternal plasma,pn12,RLC_NEG_MTB_13264,325.1835,0.0062,negative,-0.577726627314756,0.000678268693212123,0.0351557182297246,Downregulated,11-Dehydrocorticosterone,1,11dehydrocorticosterone,rLC_neg_mtb_2639500,TRUE,TRUE,FALSE,Mass within 25 ppm,0.615036977581101,Reliably detected
123,Maternal plasma,pn12,RLC_NEG_MTB_1360041,246.0259,0.1674,negative,0.649339911848922,0.00112297329201864,0.0443357174455832,Upregulated,,0,,rLC_neg_mtb_3434261,TRUE,TRUE,FALSE,Mass within 25 ppm,4.06459618848498,Reliably detected
124,Maternal plasma,pn12,RLC_NEG_MTB_1362287,434.0139,0.1674,negative,-0.800512494476348,0.000122229939115387,0.0134626555099533,Downregulated,,0,,,,,,,,No matched supplement feature
125,Maternal plasma,pn12,RLC_NEG_MTB_1366384,874.973,0.1632667,negative,-0.635019109567809,0.00130276207056301,0.0466189114343694,Downregulated,,0,,rLC_neg_mtb_1764800,TRUE,TRUE,FALSE,Mass within 25 ppm,0.914313091462347,Reliably detected
126,Maternal plasma,pn12,RLC_NEG_MTB_1386529,1044.877,0.1674,negative,-0.717763451627666,0.000702777023391784,0.0356631743414914,Downregulated,,0,,,,,,,,No matched supplement feature
127,Maternal plasma,pn12,RLC_NEG_MTB_1415922,291.0824,0.1653333,negative,0.882906692498392,1.68138727414179e-05,0.00479319004547627,Upregulated,Peptide 2-(3-carboxy-3-aminopropyl)-L-histidine,1,peptide23carboxy3aminopropyllhistidine,rLC_neg_mtb_6065924,TRUE,TRUE,FALSE,Mass within 25 ppm,0.687090193665438,Reliably detected
128,Maternal plasma,pn12,RLC_NEG_MTB_1416003,297.1341,0.1818667,negative,0.734848082906291,0.000332095418038708,0.02333709943259,Upregulated,,0,,,,,,,,No matched supplement feature
129,Maternal plasma,pn12,RLC_NEG_MTB_14635,354.0131,0.02066667,negative,0.700994130652972,0.000930858952019725,0.0414820707698905,Upregulated,,0,,rLC_neg_mtb_1685959,TRUE,TRUE,FALSE,Mass within 25 ppm,23.7273724900737,Reliably detected
130,Maternal plasma,pn12,RLC_NEG_MTB_1478025,537.0652,0.2066667,negative,0.793908183735327,0.000245689074026516,0.0195191913934591,Upregulated,,0,,,,,,,,No matched supplement feature
131,Maternal plasma,pn12,RLC_NEG_MTB_1481420,807.9442,0.1694667,negative,-0.871383082045183,1.89859845981646e-05,0.00511712817545897,Downregulated,,0,,rLC_neg_mtb_1788981,TRUE,TRUE,FALSE,Mass within 25 ppm,1.4852488793502,Reliably detected
132,Maternal plasma,pn12,RLC_NEG_MTB_1495207,219.1078,0.1591333,negative,0.937476035797248,4.63119630572141e-06,0.00196034395789798,Upregulated,(R)-Pantothenate,3,rpantothenate,,,,,,,No matched supplement feature
133,Maternal plasma,pn12,RLC_NEG_MTB_16675,397.0112,0.008266667,negative,-0.660457256040827,0.000972938176152514,0.0420723909906722,Downregulated,,0,,rLC_neg_mtb_26131,TRUE,TRUE,FALSE,Mass within 25 ppm,1.25940872786626,Reliably detected
134,Maternal plasma,pn12,RLC_NEG_MTB_1682218,215.0326,0.2087333,negative,-0.803002291323137,0.000169043290734787,0.0157426576065695,Downregulated,D-Glucose,10,dglucose,rLC_neg_mtb_1783635,TRUE,TRUE,FALSE,Mass within 25 ppm,1.3951353491022,Reliably detected
135,Maternal plasma,pn12,RLC_NEG_MTB_171724,193.0236,0.01653333,negative,-0.657184472061635,0.00108043378040375,0.0439896585860648,Downregulated,,0,,,,,,,,No matched supplement feature
136,Maternal plasma,pn12,RLC_NEG_MTB_1718628,1314.933,0.2025333,negative,-0.814175795542155,3.04771990641602e-05,0.00669600395684089,Downregulated,,0,,rLC_neg_mtb_1792691,TRUE,TRUE,FALSE,Mass within 25 ppm,0.760494443049121,Reliably detected
137,Maternal plasma,pn12,RLC_NEG_MTB_172050,291.7459,0.02066667,negative,0.76744075998989,7.35960546065169e-05,0.0101904251324809,Upregulated,,0,,,,,,,,No matched supplement feature
138,Maternal plasma,pn12,RLC_NEG_MTB_172104,305.0168,0.031,negative,0.698279377882157,0.000771587167544563,0.0373633121002128,Upregulated,"2',3'-Cyclic UMP",3,23cyclicump,rLC_neg_mtb_19412,TRUE,TRUE,FALSE,Mass within 25 ppm,19.0149844635185,Reliably detected
139,Maternal plasma,pn12,RLC_NEG_MTB_1772307,170.0434,0.2190667,negative,-0.598240895272697,0.00134314163388569,0.0472922096036465,Downregulated,N-Acetyl-L-glutamate,3,nacetyllglutamate,rLC_neg_mtb_1658901,TRUE,TRUE,FALSE,Mass within 25 ppm,1.17617170212168,Reliably detected
140,Maternal plasma,pn12,RLC_NEG_MTB_187194,293.9963,0.02066667,negative,-0.641805866550689,0.00103516668484018,0.0431594689282108,Downregulated,,0,,,,,,,,No matched supplement feature
141,Maternal plasma,pn12,RLC_NEG_MTB_194846,153.0016,0.05373333,negative,-0.750987674352143,0.000313873103695579,0.0223692283644809,Downregulated,,0,,rLC_neg_mtb_139184,TRUE,TRUE,FALSE,Mass within 25 ppm,6.53583664594442,Reliably detected
142,Maternal plasma,pn12,RLC_NEG_MTB_195998,347.0019,0.02273333,negative,0.717643293443016,0.000353063906553934,0.0240990979878451,Upregulated,Inosine,1,inosine,,,,,,,No matched supplement feature
143,Maternal plasma,pn12,RLC_NEG_MTB_1966670,960.906,0.1922,negative,-0.825356358247825,3.00272139399634e-05,0.00669600395684089,Downregulated,,0,,rLC_neg_mtb_1973770,TRUE,TRUE,FALSE,Mass within 25 ppm,1.24881986526882,Reliably detected
144,Maternal plasma,pn12,RLC_NEG_MTB_201238,337.0849,0.0496,negative,1.01011976334867,6.64044238277133e-08,6.77499871526433e-05,Upregulated,,0,,,,,,,,No matched supplement feature
145,Maternal plasma,pn12,RLC_NEG_MTB_2111415,252.0444,0.248,negative,-0.726464074804333,0.000835139770990342,0.0391989938514474,Downregulated,,0,,rLC_neg_mtb_1622924,TRUE,TRUE,FALSE,Mass within 25 ppm,5.15779479679572,Reliably detected
146,Maternal plasma,pn12,RLC_NEG_MTB_2112111,284.0302,0.2397333,negative,-0.607900785986029,0.000654933473519149,0.0347832476278595,Downregulated,,0,,rLC_neg_mtb_2288664,TRUE,TRUE,FALSE,Mass within 25 ppm,1.40829896501743,Reliably detected
147,Maternal plasma,pn12,RLC_NEG_MTB_212153,188.9814,0.0434,negative,-0.650349879354362,0.000336331104515783,0.0235371063575395,Downregulated,,0,,rLC_neg_mtb_6238761,TRUE,TRUE,FALSE,Mass within 25 ppm,0,Reliably detected
148,Maternal plasma,pn12,RLC_NEG_MTB_213599,392.0109,0.04546667,negative,0.654890634173423,0.000366466688605227,0.0246665165229595,Upregulated,,0,,,,,,,,No matched supplement feature
149,Maternal plasma,pn12,RLC_NEG_MTB_2159750,,,negative,-0.631253897750892,0.000590500678717338,0.0325019275308821,Downregulated,,,,,,,,,,No matched supplement feature
150,Maternal plasma,pn12,RLC_NEG_MTB_220393,406.0764,0.04133333,negative,0.761951198220059,0.000137896377745094,0.0144493042302089,Upregulated,AMP,2,amp,rLC_neg_mtb_1089610,TRUE,TRUE,FALSE,Mass within 25 ppm,4.92515730954798,Reliably detected
151,Maternal plasma,pn12,RLC_NEG_MTB_2206686,165.0918,0.2645333,negative,1.12306605363697,6.54112757159603e-10,1.26799757975389e-06,Upregulated,Perillic acid,1,perillicacid,,,,,,,No matched supplement feature
152,Maternal plasma,pn12,RLC_NEG_MTB_2259890,287.0342,0.2604,negative,-0.830432634850878,0.000147072351388638,0.0147720079361075,Downregulated,,0,,rLC_neg_mtb_4606759,TRUE,TRUE,FALSE,Mass within 25 ppm,10.799990105877,Reliably detected
153,Maternal plasma,pn12,RLC_NEG_MTB_233812,88.0397,0.03306667,negative,0.718379998717887,0.000332269251658232,0.02333709943259,Upregulated,Sarcosine,4,sarcosine,rLC_neg_mtb_1867627,TRUE,TRUE,FALSE,Mass within 25 ppm,1.13584992245916,Reliably detected
154,Maternal plasma,pn12,RLC_NEG_MTB_2522833,731.0089,0.2686667,negative,0.750116356369077,8.02962402306072e-05,0.0108093237282661,Upregulated,,0,,rLC_neg_mtb_1761920,TRUE,TRUE,TRUE,Mass within 25 ppm,6.42942894627004,Supplement-abundant
155,Maternal plasma,pn12,RLC_NEG_MTB_2545579,359.014,0.279,negative,0.756730624264916,0.000770619590183611,0.0373633121002128,Upregulated,,0,,rLC_neg_mtb_2782780,TRUE,TRUE,FALSE,Mass within 25 ppm,0.278540592068384,Reliably detected
156,Maternal plasma,pn12,RLC_NEG_MTB_260239,313.0637,0.05166667,negative,0.801934459979427,0.000167812696555618,0.0157152131532882,Upregulated,Geranyl diphosphate,1,geranyldiphosphate,,,,,,,No matched supplement feature
157,Maternal plasma,pn12,RLC_NEG_MTB_2632672,762.5783,0.2748667,negative,0.70062312512856,0.00135136285028218,0.0472922096036465,Upregulated,,0,,rLC_neg_mtb_5420049,TRUE,TRUE,FALSE,Mass within 25 ppm,0.26226808118744,Reliably detected
158,Maternal plasma,pn12,RLC_NEG_MTB_268834,269.0084,0.05166667,negative,-0.705759947396673,0.00138049864465715,0.0472922096036465,Downregulated,,0,,rLC_neg_mtb_499473,TRUE,TRUE,FALSE,Mass within 25 ppm,1.85867456425485,Reliably detected
159,Maternal plasma,pn12,RLC_NEG_MTB_2762832,395.2391,0.2852,negative,0.770077845768929,0.000841818479501463,0.0393220511449057,Upregulated,,0,,rLC_neg_mtb_4608129,TRUE,TRUE,FALSE,Mass within 25 ppm,16.9514767771514,Reliably detected
160,Maternal plasma,pn12,RLC_NEG_MTB_2872382,193.123,0.2914,negative,0.828463496928563,2.57810683727609e-05,0.00617060220740985,Upregulated,,0,,,,,,,,No matched supplement feature
161,Maternal plasma,pn12,RLC_NEG_MTB_287547,222.0229,0.05373333,negative,-0.745582938221282,0.00103529290954955,0.0431594689282108,Downregulated,CDPethanolamine,1,cdpethanolamine,rLC_neg_mtb_578244,TRUE,TRUE,FALSE,Mass within 25 ppm,1.80161920519252,Reliably detected
162,Maternal plasma,pn12,RLC_NEG_MTB_2891244,177.0551,0.2893333,negative,0.76877650902123,5.46512778796599e-05,0.00898051433478424,Upregulated,,0,,rLC_neg_mtb_621991,TRUE,TRUE,FALSE,Mass within 25 ppm,0,Reliably detected
163,Maternal plasma,pn12,RLC_NEG_MTB_2893582,279.027,0.3120667,negative,0.89850616189118,0.000190523854190234,0.0167117869388131,Upregulated,,0,,rLC_neg_mtb_973449,TRUE,TRUE,FALSE,Mass within 25 ppm,4.30064058055722,Reliably detected
164,Maternal plasma,pn12,RLC_NEG_MTB_2895646,374.9918,0.3224,negative,0.717449888275188,0.00146222364570818,0.0488401068613867,Upregulated,,0,,rLC_neg_mtb_2377606,TRUE,TRUE,FALSE,Mass within 25 ppm,0.533344711371547,Reliably detected
165,Maternal plasma,pn12,RLC_NEG_MTB_300167,298.0071,0.0496,negative,-0.688144966140467,0.000926055150797143,0.0414116764123191,Downregulated,,0,,,,,,,,No matched supplement feature
166,Maternal plasma,pn12,RLC_NEG_MTB_3087063,113.0023,0.3120667,negative,-0.701734998016696,0.000225518991881667,0.0187404062132404,Downregulated,,0,,rLC_neg_mtb_3566582,TRUE,TRUE,FALSE,Mass within 25 ppm,0.884936956994797,Reliably detected
167,Maternal plasma,pn12,RLC_NEG_MTB_3090305,311.2219,0.3079333,negative,0.624643644069658,0.00106854356580597,0.0438938143180636,Upregulated,"(9Z,11E)-(13S)-13-Hydroperoxyoctadeca-9,11-dienoic acid",5,9z11e13s13hydroperoxyoctadeca911dienoicacid,rLC_neg_mtb_4450980,TRUE,TRUE,FALSE,Mass within 25 ppm,0,Reliably detected
168,Maternal plasma,pn12,RLC_NEG_MTB_3105775,435.2741,0.3079333,negative,0.615913630618329,0.00131573765680846,0.0468800119534263,Upregulated,,0,,rLC_neg_mtb_3946216,TRUE,TRUE,FALSE,Mass within 25 ppm,5.97321198223904,Reliably detected
169,Maternal plasma,pn12,RLC_NEG_MTB_312490,309.0365,0.06613334,negative,-0.848899470948488,1.75803930890123e-05,0.00493907130478991,Downregulated,,0,,rLC_neg_mtb_579538,TRUE,TRUE,FALSE,Mass within 25 ppm,2.58868427865037,Reliably detected
170,Maternal plasma,pn12,RLC_NEG_MTB_3138362,384.2429,0.3472,negative,-0.649283220077515,0.000741070990143772,0.0368426078254817,Downregulated,,0,,rLC_neg_mtb_3726751,TRUE,TRUE,FALSE,Mass within 25 ppm,1.04100709096667,Reliably detected
171,Maternal plasma,pn12,RLC_NEG_MTB_3140649,568.2837,0.3306667,negative,-0.675168470655794,0.000489045579499064,0.0289912799956861,Downregulated,,0,,rLC_neg_mtb_3854519,TRUE,TRUE,FALSE,Mass within 25 ppm,18.4770283025472,Reliably detected
172,Maternal plasma,pn12,RLC_NEG_MTB_3150937,219.0275,0.3348,negative,0.801249048794284,0.000185177542865769,0.016466360864463,Upregulated,,0,,rLC_neg_mtb_6093769,TRUE,TRUE,FALSE,Mass within 25 ppm,0,Reliably detected
173,Maternal plasma,pn12,RLC_NEG_MTB_3152567,374.9648,0.3451333,negative,-0.88857598561089,1.67972880215268e-05,0.00479319004547627,Downregulated,,0,,,,,,,,No matched supplement feature
174,Maternal plasma,pn12,RLC_NEG_MTB_3155656,683.3429,0.3244667,negative,0.702663961916179,0.000890623822737551,0.0407316597300359,Upregulated,,0,,,,,,,,No matched supplement feature
175,Maternal plasma,pn12,RLC_NEG_MTB_3167928,518.392,0.3286,negative,0.801444282724151,0.000289487239078609,0.0213957175020094,Upregulated,,0,,rLC_neg_mtb_3971155,TRUE,TRUE,FALSE,Mass within 25 ppm,1.15742392920554,Reliably detected
176,Maternal plasma,pn12,RLC_NEG_MTB_3169273,607.4561,0.3286,negative,0.757143226794892,0.000196336852025625,0.0171440985428682,Upregulated,,0,,rLC_neg_mtb_3854765,TRUE,TRUE,FALSE,Mass within 25 ppm,1.81082716601474,Reliably detected
177,Maternal plasma,pn12,RLC_NEG_MTB_3180859,247.059,0.3472,negative,-0.734484378230186,0.00116882906722083,0.0445705931630388,Downregulated,"1-Nitro-7-hydroxy-8-glutathionyl-7,8-dihydronaphthalene",4,1nitro7hydroxy8glutathionyl78dihydronaphthalene,rLC_neg_mtb_5655575,TRUE,TRUE,FALSE,Mass within 25 ppm,1.21428337249381,Reliably detected
178,Maternal plasma,pn12,RLC_NEG_MTB_3181171,274.0608,0.3327333,negative,-0.859493653050774,1.5677765677223e-05,0.00474864824457762,Downregulated,,0,,rLC_neg_mtb_3317930,TRUE,TRUE,FALSE,Mass within 25 ppm,0.364882403990286,Reliably detected
179,Maternal plasma,pn12,RLC_NEG_MTB_3184728,591.4617,0.31,negative,0.627814887188525,0.000897210147264655,0.0407316597300359,Upregulated,,0,,rLC_neg_mtb_4076295,TRUE,TRUE,FALSE,Mass within 25 ppm,2.70515516356317,Reliably detected
180,Maternal plasma,pn12,RLC_NEG_MTB_3192750,255.1245,0.3451333,negative,-0.707731542894439,0.000575688435536765,0.0318849152082291,Downregulated,,0,,,,,,,,No matched supplement feature
181,Maternal plasma,pn12,RLC_NEG_MTB_3195417,511.3575,0.3286,negative,-0.639754647976171,0.00143222493475996,0.0483609958885071,Downregulated,,0,,rLC_neg_mtb_1567395,TRUE,TRUE,FALSE,Mass within 25 ppm,19.1650417124026,Reliably detected
182,Maternal plasma,pn12,RLC_NEG_MTB_3209014,593.475,0.3162,negative,0.614060869378699,0.00137709979723175,0.0472922096036465,Upregulated,,0,,rLC_neg_mtb_3835704,TRUE,TRUE,FALSE,Mass within 25 ppm,0.505497538544408,Reliably detected
183,Maternal plasma,pn12,RLC_NEG_MTB_3219585,421.3319,0.3327333,negative,0.722225914866574,0.000661479049181452,0.0348444874140827,Upregulated,,0,,rLC_neg_mtb_3946052,TRUE,TRUE,FALSE,Mass within 25 ppm,0.237342523176255,Reliably detected
184,Maternal plasma,pn12,RLC_NEG_MTB_3254865,313.2376,0.3678667,negative,0.758609441066821,0.000150174460439596,0.0149288816185721,Upregulated,,0,,rLC_neg_mtb_3645039,TRUE,TRUE,FALSE,Mass within 25 ppm,0.957740345678938,Reliably detected
185,Maternal plasma,pn12,RLC_NEG_MTB_327078,334.0369,0.06406666,negative,-0.790984683219242,0.000658854943412546,0.0348338269436533,Downregulated,Geranyl diphosphate,1,geranyldiphosphate,rLC_neg_mtb_602415,TRUE,TRUE,FALSE,Mass within 25 ppm,0.898103564457903,Reliably detected
186,Maternal plasma,pn12,RLC_NEG_MTB_3319322,390.2732,0.3534,negative,-0.766239811689246,0.000104158246860792,0.0126194225962278,Downregulated,,0,,rLC_neg_mtb_3761228,TRUE,TRUE,FALSE,Mass within 25 ppm,16.9115163839071,Reliably detected
187,Maternal plasma,pn12,RLC_NEG_MTB_3320046,467.2839,0.3906,negative,0.638359856969691,0.00131800910573213,0.0468800119534263,Upregulated,,0,,rLC_neg_mtb_3761867,TRUE,TRUE,FALSE,Mass within 25 ppm,1.71201839043674,Reliably detected
188,Maternal plasma,pn12,RLC_NEG_MTB_3322341,684.2314,0.341,negative,-0.69779762357804,0.000631253498671325,0.0339912474215101,Downregulated,,0,,rLC_neg_mtb_3664270,TRUE,TRUE,FALSE,Mass within 25 ppm,0.438448354712875,Reliably detected
189,Maternal plasma,pn12,RLC_NEG_MTB_3346012,457.2851,0.3658,negative,0.782579177759042,0.000345543058504225,0.0237722634079372,Upregulated,,0,,rLC_neg_mtb_4118624,TRUE,FALSE,FALSE,Mass within 25 ppm,1.31209345608679,Detected
190,Maternal plasma,pn12,RLC_NEG_MTB_3346022,458.2861,0.3596,negative,0.683146121570158,0.00137803567096113,0.0472922096036465,Upregulated,,0,,rLC_neg_mtb_4355741,TRUE,TRUE,FALSE,Mass within 25 ppm,22.4745383119511,Reliably detected
191,Maternal plasma,pn12,RLC_NEG_MTB_3347588,592.3922,0.3554667,negative,-0.635028693992155,0.00118012909006748,0.0447686935635188,Downregulated,,0,,rLC_neg_mtb_3928020,TRUE,TRUE,FALSE,Mass within 25 ppm,8.27161554614786,Reliably detected
192,Maternal plasma,pn12,RLC_NEG_MTB_3347746,606.3973,0.3699333,negative,-0.696496204102288,0.000468902618767917,0.0284946314103058,Downregulated,,0,,rLC_neg_mtb_5258323,TRUE,TRUE,FALSE,Mass within 25 ppm,22.7578751729665,Reliably detected
193,Maternal plasma,pn12,RLC_NEG_MTB_3359778,591.388,0.3678667,negative,-0.83601722552554,4.78172310865129e-06,0.00197220643534479,Downregulated,,0,,rLC_neg_mtb_3987832,TRUE,TRUE,FALSE,Mass within 25 ppm,2.70550692415841,Reliably detected
194,Maternal plasma,pn12,RLC_NEG_MTB_3371878,369.2625,0.3699333,negative,0.857057058062388,0.00100741637035589,0.0424241195066949,Upregulated,,0,,rLC_neg_mtb_3833279,TRUE,TRUE,FALSE,Mass within 25 ppm,4.06213440796117,Reliably detected
195,Maternal plasma,pn12,RLC_NEG_MTB_3372160,397.3288,0.3699333,negative,1.05362275135874,9.51641051603024e-08,9.22378089266231e-05,Upregulated,,0,,rLC_neg_mtb_4870570,TRUE,TRUE,FALSE,Mass within 25 ppm,0.503361701137646,Reliably detected
196,Maternal plasma,pn12,RLC_NEG_MTB_3372193,401.2879,0.3596,negative,0.975426326571959,2.15183796232192e-05,0.00559812414729496,Upregulated,,0,,rLC_neg_mtb_4117976,TRUE,TRUE,FALSE,Mass within 25 ppm,2.49198266870001,Reliably detected
197,Maternal plasma,pn12,RLC_NEG_MTB_3376706,769.5467,0.3616667,negative,-0.597322993228548,0.00136438252074535,0.0472922096036465,Downregulated,,0,,rLC_neg_mtb_4779883,TRUE,TRUE,FALSE,Mass within 25 ppm,0.519786248318366,Reliably detected
198,Maternal plasma,pn12,RLC_NEG_MTB_3384914,386.2751,0.3368667,negative,0.791266040788887,0.000376958400102269,0.0251871355273031,Upregulated,,0,,rLC_neg_mtb_3797209,TRUE,TRUE,FALSE,Mass within 25 ppm,2.84770327555282,Reliably detected
199,Maternal plasma,pn12,RLC_NEG_MTB_3385279,419.2424,0.3885333,negative,0.825954629723878,0.000149772552374495,0.0149288816185721,Upregulated,,0,,,,,,,,No matched supplement feature
200,Maternal plasma,pn12,RLC_NEG_MTB_3387688,586.4861,0.3658,negative,0.779865145737516,0.000618342225352781,0.0337649691224328,Upregulated,,0,,,,,,,,No matched supplement feature
201,Maternal plasma,pn12,RLC_NEG_MTB_3402245,478.3146,0.3802667,negative,-0.907213121497559,5.47093992308306e-05,0.00898051433478424,Downregulated,,0,,rLC_neg_mtb_3710984,TRUE,TRUE,FALSE,Mass within 25 ppm,19.6519513970192,Reliably detected
202,Maternal plasma,pn12,RLC_NEG_MTB_3402478,492.376,0.3658,negative,-0.694458216986315,0.00078346665059259,0.0375928243112311,Downregulated,,0,,rLC_neg_mtb_3947069,TRUE,TRUE,FALSE,Mass within 25 ppm,0.40619347565264,Reliably detected
203,Maternal plasma,pn12,RLC_NEG_MTB_3403129,541.3037,0.3864667,negative,-0.720120358602862,0.00129780093195576,0.0465886501221526,Downregulated,,0,,rLC_neg_mtb_3835087,TRUE,TRUE,FALSE,Mass within 25 ppm,0.554217223454277,Reliably detected
204,Maternal plasma,pn12,RLC_NEG_MTB_3403769,583.2546,0.372,negative,-0.683040109154114,0.000567675949472972,0.0315312271648526,Downregulated,Bilirubin,1,bilirubin,rLC_neg_mtb_5306486,TRUE,TRUE,FALSE,Mass within 25 ppm,1.02870921675979,Reliably detected
205,Maternal plasma,pn12,RLC_NEG_MTB_3403788,584.2573,0.3678667,negative,-0.754950533469903,9.59599295045994e-05,0.0120791119054978,Downregulated,Bilirubin,1,bilirubin,rLC_neg_mtb_5306495,TRUE,FALSE,FALSE,Mass within 25 ppm,0.513472139752022,Detected
206,Maternal plasma,pn12,RLC_NEG_MTB_3403966,594.3979,0.372,negative,-0.669149189561515,0.000271988861717938,0.0208059768182124,Downregulated,,0,,,,,,,,No matched supplement feature
207,Maternal plasma,pn12,RLC_NEG_MTB_3407180,821.5365,0.3740667,negative,-0.818127287532963,7.14984077226811e-05,0.00997119880362714,Downregulated,,0,,rLC_neg_mtb_4434519,TRUE,TRUE,FALSE,Mass within 25 ppm,2.79963999063105,Reliably detected
208,Maternal plasma,pn12,RLC_NEG_MTB_3416400,412.2469,0.3761333,negative,0.767754453890262,0.000292186294224659,0.0213957175020094,Upregulated,prostaglandin H1,2,prostaglandinh1,rLC_neg_mtb_3608277,TRUE,TRUE,FALSE,Mass within 25 ppm,4.36633449373421,Reliably detected
209,Maternal plasma,pn12,RLC_NEG_MTB_3416432,,,negative,0.635834628464758,0.000558517727140871,0.0312915206376468,Upregulated,,,,,,,,,,No matched supplement feature
210,Maternal plasma,pn12,RLC_NEG_MTB_3417349,484.2955,0.3596,negative,-0.635484848381744,0.00108404647554247,0.0439896585860648,Downregulated,,0,,rLC_neg_mtb_3926892,TRUE,TRUE,FALSE,Mass within 25 ppm,4.95562751773821,Reliably detected
211,Maternal plasma,pn12,RLC_NEG_MTB_3418445,561.3752,0.3596,negative,-0.720226127993954,0.00124196669760456,0.0457342676663237,Downregulated,,0,,rLC_neg_mtb_4028853,TRUE,TRUE,FALSE,Mass within 25 ppm,2.13760321958642,Reliably detected
212,Maternal plasma,pn12,RLC_NEG_MTB_3430027,277.2169,0.3802667,negative,0.69223813498415,0.0010709119272849,0.0438938143180636,Upregulated,"(6Z,9Z,12Z)-Octadecatrienoic acid",5,6z9z12zoctadecatrienoicacid,rLC_neg_mtb_3905774,TRUE,TRUE,FALSE,Mass within 25 ppm,0,Reliably detected
213,Maternal plasma,pn12,RLC_NEG_MTB_3436502,746.4968,0.3885333,negative,-0.634469102239558,0.00113540715628839,0.0443833769456012,Downregulated,,0,,rLC_neg_mtb_4286997,TRUE,TRUE,FALSE,Mass within 25 ppm,1.07167122844944,Reliably detected
214,Maternal plasma,pn12,RLC_NEG_MTB_3443885,156.9907,0.3740667,negative,-0.752184854054243,0.000532741498769389,0.03058202796594,Downregulated,alloxan,1,alloxan,rLC_neg_mtb_599574,TRUE,TRUE,FALSE,Mass within 25 ppm,0.636980001397022,Reliably detected
215,Maternal plasma,pn12,RLC_NEG_MTB_3444922,278.2203,0.3802667,negative,0.769324968341559,0.000224591286595932,0.0187404062132404,Upregulated,"(6Z,9Z,12Z)-Octadecatrienoic acid",2,6z9z12zoctadecatrienoicacid,rLC_neg_mtb_3905783,TRUE,TRUE,FALSE,Mass within 25 ppm,2.15655976946043,Reliably detected
216,Maternal plasma,pn12,RLC_NEG_MTB_3446408,390.2891,0.3968,negative,0.86186181004101,9.45639350120568e-05,0.0120417361031783,Upregulated,,0,,rLC_neg_mtb_4679092,TRUE,TRUE,FALSE,Mass within 25 ppm,0,Reliably detected
217,Maternal plasma,pn12,RLC_NEG_MTB_3447435,471.2971,0.3658,negative,0.679371995388901,0.000285043970855808,0.021256816665948,Upregulated,,0,,rLC_neg_mtb_3779825,TRUE,TRUE,FALSE,Mass within 25 ppm,7.21418512490021,Reliably detected
218,Maternal plasma,pn12,RLC_NEG_MTB_3450113,654.446,0.3864667,negative,-0.75574941028271,0.0010088996178791,0.0424241195066949,Downregulated,,0,,,,,,,,No matched supplement feature
219,Maternal plasma,pn12,RLC_NEG_MTB_3461466,359.2382,0.3864667,negative,0.614995616059418,0.00116347077621657,0.0445705931630388,Upregulated,,0,,rLC_neg_mtb_3985252,TRUE,TRUE,FALSE,Mass within 25 ppm,0.835101196119723,Reliably detected
220,Maternal plasma,pn12,RLC_NEG_MTB_3474194,397.3314,0.3596,negative,0.819209524813141,4.40274557843714e-05,0.00805162481490603,Upregulated,,0,,rLC_neg_mtb_4588021,TRUE,TRUE,FALSE,Mass within 25 ppm,1.76175043509361,Reliably detected
221,Maternal plasma,pn12,RLC_NEG_MTB_3490216,359.2174,0.3637333,negative,0.852950259184192,3.65187107592687e-05,0.00722362457212677,Upregulated,,0,,rLC_neg_mtb_1414936,TRUE,TRUE,FALSE,Mass within 25 ppm,18.929682354358,Reliably detected
222,Maternal plasma,pn12,RLC_NEG_MTB_3490281,366.2692,0.3968,negative,0.782909129743288,0.000279245794384402,0.0210629561250647,Upregulated,,0,,rLC_neg_mtb_4330737,TRUE,TRUE,FALSE,Mass within 25 ppm,5.18741445879243,Reliably detected
223,Maternal plasma,pn12,RLC_NEG_MTB_3493370,744.5522,0.4050667,negative,0.94658031784372,5.06020979842833e-05,0.00896777252202286,Upregulated,,0,,rLC_neg_mtb_5747903,TRUE,FALSE,FALSE,Mass within 25 ppm,2.28324638421478,Detected
224,Maternal plasma,pn12,RLC_NEG_MTB_3494518,863.5549,0.3740667,negative,0.673872655578866,0.00137114845344781,0.0472922096036465,Upregulated,,0,,rLC_neg_mtb_3494518,TRUE,TRUE,FALSE,Exact feature identifier,0,Reliably detected
225,Maternal plasma,pn12,RLC_NEG_MTB_3505751,659.0681,0.372,negative,-0.65736787591,0.00136274778820359,0.0472922096036465,Downregulated,,0,,,,,,,,No matched supplement feature
226,Maternal plasma,pn12,RLC_NEG_MTB_3518066,412.3513,0.4174667,negative,0.659517575100487,0.00089660956902605,0.0407316597300359,Upregulated,,0,,rLC_neg_mtb_4700500,TRUE,TRUE,FALSE,Mass within 25 ppm,1.21255685083712,Reliably detected
227,Maternal plasma,pn12,RLC_NEG_MTB_3518350,448.307,0.4009333,negative,-0.679234044190935,0.00118970602347111,0.0449339796709409,Downregulated,Chenodeoxyglycocholate,2,chenodeoxyglycocholate,rLC_neg_mtb_4305969,TRUE,TRUE,FALSE,Mass within 25 ppm,1.7844946155698,Reliably detected
228,Maternal plasma,pn12,RLC_NEG_MTB_3522141,857.5168,0.3906,negative,-0.692876799564961,0.000113490340962653,0.0129955825590427,Downregulated,,0,,rLC_neg_mtb_4481255,TRUE,TRUE,FALSE,Mass within 25 ppm,1.63261840971962,Reliably detected
229,Maternal plasma,pn12,RLC_NEG_MTB_3527923,281.7652,0.4009333,negative,0.654810769859739,0.000922072439775544,0.0413758663079836,Upregulated,,0,,,,,,,,No matched supplement feature
230,Maternal plasma,pn12,RLC_NEG_MTB_3529808,462.365,0.3864667,negative,-0.7475949901225,0.000295776419740668,0.0213957175020094,Downregulated,,0,,rLC_neg_mtb_4098323,TRUE,TRUE,FALSE,Mass within 25 ppm,1.51395313275794,Reliably detected
231,Maternal plasma,pn12,RLC_NEG_MTB_3533723,783.5055,0.4009333,negative,-0.74552377556067,0.000176233965406194,0.0160758899278103,Downregulated,,0,,rLC_neg_mtb_4335530,TRUE,TRUE,FALSE,Mass within 25 ppm,2.29737268631011,Reliably detected
232,Maternal plasma,pn12,RLC_NEG_MTB_3541628,259.9987,0.3885333,negative,-0.672310681086775,0.000292002766754238,0.0213957175020094,Downregulated,,0,,rLC_neg_mtb_4353137,TRUE,TRUE,FALSE,Mass within 25 ppm,0,Reliably detected
233,Maternal plasma,pn12,RLC_NEG_MTB_3543760,475.378,0.3968,negative,-0.880286691495885,5.18127687627836e-05,0.00896777252202286,Downregulated,alpha-Tocopherol,1,alphatocopherol,rLC_neg_mtb_4118843,TRUE,TRUE,FALSE,Mass within 25 ppm,0.210358958577792,Reliably detected
234,Maternal plasma,pn12,RLC_NEG_MTB_3544274,520.407,0.3926667,negative,-0.646924767671723,0.00152029439995433,0.0496979880996875,Downregulated,,0,,rLC_neg_mtb_4053603,TRUE,TRUE,FALSE,Mass within 25 ppm,1.34509923649856,Reliably detected
235,Maternal plasma,pn12,RLC_NEG_MTB_3544340,526.3445,0.3988667,negative,-0.767620573516567,6.97791722980727e-05,0.00987349821166525,Downregulated,,0,,rLC_neg_mtb_4053652,TRUE,TRUE,FALSE,Mass within 25 ppm,2.27987043482287,Reliably detected
236,Maternal plasma,pn12,RLC_NEG_MTB_3544399,531.4035,0.4009333,negative,-0.645048654569361,0.00122949272452272,0.0456584606606761,Downregulated,,0,,,,,,,,No matched supplement feature
237,Maternal plasma,pn12,RLC_NEG_MTB_3545432,611.3818,0.3844,negative,-0.799716466126986,0.000321433885130644,0.0227408608148085,Downregulated,,0,,rLC_neg_mtb_4009284,TRUE,TRUE,FALSE,Mass within 25 ppm,9.48679699566553,Reliably detected
238,Maternal plasma,pn12,RLC_NEG_MTB_3553310,119.0328,0.3926667,negative,-0.949912145223413,2.7460709383835e-06,0.00147868292057123,Downregulated,(R)-Lactaldehyde,4,rlactaldehyde,rLC_neg_mtb_3342101,TRUE,TRUE,FALSE,Mass within 25 ppm,0.84010387047043,Reliably detected
239,Maternal plasma,pn12,RLC_NEG_MTB_3554842,290.0706,0.4009333,negative,-0.824146281472001,1.92083763048155e-05,0.00511712817545897,Downregulated,,0,,rLC_neg_mtb_5079863,TRUE,TRUE,FALSE,Mass within 25 ppm,0,Reliably detected
240,Maternal plasma,pn12,RLC_NEG_MTB_3555912,386.2755,0.3926667,negative,0.765331041835502,0.000659479725990237,0.0348338269436533,Upregulated,,0,,rLC_neg_mtb_3797209,TRUE,TRUE,FALSE,Mass within 25 ppm,1.81217481168867,Reliably detected
241,Maternal plasma,pn12,RLC_NEG_MTB_3556775,461.3621,0.3885333,negative,-0.750749929409121,0.00014654396488483,0.0147720079361075,Downregulated,,0,,rLC_neg_mtb_4118663,TRUE,TRUE,FALSE,Mass within 25 ppm,1.08374627676404,Reliably detected
242,Maternal plasma,pn12,RLC_NEG_MTB_3571520,499.3768,0.3699333,negative,-0.751591880971991,0.000345822970391451,0.0237722634079372,Downregulated,,0,,rLC_neg_mtb_5460188,TRUE,TRUE,FALSE,Mass within 25 ppm,2.80348641568581,Reliably detected
243,Maternal plasma,pn12,RLC_NEG_MTB_3575606,858.5195,0.3926667,negative,-0.670528647299769,0.000241371355503388,0.0193346434976578,Downregulated,,0,,rLC_neg_mtb_4220269,TRUE,TRUE,FALSE,Mass within 25 ppm,3.0284601876055,Reliably detected
244,Maternal plasma,pn12,RLC_NEG_MTB_3581457,283.2647,0.4071333,negative,0.69437846042941,0.0013832707901314,0.0472922473839457,Upregulated,octadecanoate (n-C18:0),1,octadecanoatenc180,rLC_neg_mtb_4796114,TRUE,TRUE,TRUE,Mass within 25 ppm,1.05908119757208,Supplement-abundant
245,Maternal plasma,pn12,RLC_NEG_MTB_3583792,476.3815,0.3926667,negative,-0.866156931972929,8.5141316732728e-05,0.0110769424487512,Downregulated,"5beta-cholestane-3alpha,7alpha,12alpha,25-tetrol",2,5betacholestane3alpha7alpha12alpha25tetrol,rLC_neg_mtb_4143291,TRUE,TRUE,FALSE,Mass within 25 ppm,1.04957785975998,Reliably detected
246,Maternal plasma,pn12,RLC_NEG_MTB_3591786,1040.823,0.3844,negative,0.680067509025824,0.00147036910753644,0.048974407473529,Upregulated,,0,,,,,,,,No matched supplement feature
247,Maternal plasma,pn12,RLC_NEG_MTB_3596425,309.2793,0.4112667,negative,0.663470360844508,0.00116077172708728,0.0445705931630388,Upregulated,,0,,rLC_neg_mtb_4237112,TRUE,TRUE,FALSE,Mass within 25 ppm,0,Reliably detected
248,Maternal plasma,pn12,RLC_NEG_MTB_3600965,886.5524,0.4092,negative,-0.714810655627922,6.41310249078272e-05,0.00971234310811117,Downregulated,,0,,rLC_neg_mtb_4312343,TRUE,TRUE,TRUE,Mass within 25 ppm,2.14312874008711,Supplement-abundant
249,Maternal plasma,pn12,RLC_NEG_MTB_3608954,499.2931,0.3968,negative,0.702062461308715,0.00129192137142661,0.0464636285437938,Upregulated,,0,,rLC_neg_mtb_3677273,TRUE,TRUE,FALSE,Mass within 25 ppm,2.2031099099651,Reliably detected
250,Maternal plasma,pn12,RLC_NEG_MTB_3615619,871.5342,0.3968,negative,-0.68503700898056,0.000388331956661745,0.025518016880976,Downregulated,,0,,rLC_neg_mtb_4220437,TRUE,TRUE,FALSE,Mass within 25 ppm,0.573700622577823,Reliably detected
251,Maternal plasma,pn12,RLC_NEG_MTB_3624916,489.3933,0.3802667,negative,-0.731665851939292,0.0010013952850073,0.0423843834058221,Downregulated,alpha-Tocopherol,1,alphatocopherol,,,,,,,No matched supplement feature
252,Maternal plasma,pn12,RLC_NEG_MTB_3635762,411.3462,0.4319333,negative,1.08543944222003,1.55088662616264e-11,4.29484817830897e-08,Upregulated,,0,,rLC_neg_mtb_4498176,TRUE,TRUE,FALSE,Mass within 25 ppm,1.94483003393659,Reliably detected
253,Maternal plasma,pn12,RLC_NEG_MTB_3641183,762.5134,0.3968,negative,-0.74977109850721,0.00150393702272802,0.0495813251455488,Downregulated,,0,,rLC_neg_mtb_4547024,TRUE,TRUE,FALSE,Mass within 25 ppm,1.96718241391146,Reliably detected
254,Maternal plasma,pn12,RLC_NEG_MTB_3643417,887.5577,0.4092,negative,-0.702247413913934,8.79925960108386e-05,0.011371576491134,Downregulated,,0,,rLC_neg_mtb_4409303,TRUE,TRUE,FALSE,Mass within 25 ppm,4.28139345844688,Reliably detected
255,Maternal plasma,pn12,RLC_NEG_MTB_3651569,398.3348,0.4112667,negative,1.24875336358112,1.77854351499387e-15,8.61926650953904e-12,Upregulated,,0,,rLC_neg_mtb_4588027,TRUE,TRUE,FALSE,Mass within 25 ppm,0.251045037810499,Reliably detected
256,Maternal plasma,pn12,RLC_NEG_MTB_3652695,535.4335,0.3968,negative,-0.781984939718208,6.85320236866207e-05,0.00987349821166525,Downregulated,beta-Carotene,1,betacarotene,,,,,,,No matched supplement feature
257,Maternal plasma,pn12,RLC_NEG_MTB_3655519,824.363,0.3926667,negative,-0.795457805405076,0.000153368112746663,0.0150388744398556,Downregulated,,0,,,,,,,,No matched supplement feature
258,Maternal plasma,pn12,RLC_NEG_MTB_3656294,888.5651,0.4154,negative,-0.705688748707657,5.44575217167538e-05,0.00898051433478424,Downregulated,,0,,rLC_neg_mtb_4684166,TRUE,TRUE,FALSE,Mass within 25 ppm,0,Reliably detected
259,Maternal plasma,pn12,RLC_NEG_MTB_3660508,135.0296,0.4174667,negative,0.691550385402786,0.000378099377789281,0.0251871355273031,Upregulated,D-Lactate,9,dlactate,rLC_neg_mtb_1298230,TRUE,TRUE,FALSE,Mass within 25 ppm,0,Reliably detected
260,Maternal plasma,pn12,RLC_NEG_MTB_3661757,286.2732,0.4071333,negative,0.710345258639833,0.00117381475255507,0.0446164685848628,Upregulated,,0,,rLC_neg_mtb_4353519,TRUE,TRUE,FALSE,Mass within 25 ppm,0.349316544825317,Reliably detected
261,Maternal plasma,pn12,RLC_NEG_MTB_3662156,321.0244,0.4154,negative,0.971218692753849,1.54352238843554e-05,0.00474864824457762,Upregulated,,0,,rLC_neg_mtb_3709535,TRUE,TRUE,FALSE,Mass within 25 ppm,2.18051485692183,Reliably detected
262,Maternal plasma,pn12,RLC_NEG_MTB_3662767,381.2407,0.4092,negative,0.766490569903169,0.000216132051469164,0.0184569154966068,Upregulated,,0,,rLC_neg_mtb_4305061,TRUE,TRUE,FALSE,Mass within 25 ppm,0.262301411535434,Reliably detected
263,Maternal plasma,pn12,RLC_NEG_MTB_3664118,504.413,0.403,negative,-0.832667209094129,0.0001037251772127,0.0126194225962278,Downregulated,,0,,rLC_neg_mtb_4284467,TRUE,TRUE,FALSE,Mass within 25 ppm,0.198250203999258,Reliably detected
264,Maternal plasma,pn12,RLC_NEG_MTB_3669205,885.5505,0.4092,negative,-0.680924494253621,0.000128439289589349,0.0138321979371641,Downregulated,,0,,rLC_neg_mtb_4922703,TRUE,TRUE,FALSE,Mass within 25 ppm,0.564620219488405,Reliably detected
265,Maternal plasma,pn12,RLC_NEG_MTB_3669857,929.5548,0.4092,negative,-0.589488954816181,0.0014539462696604,0.0488401068613867,Downregulated,,0,,rLC_neg_mtb_4362055,TRUE,TRUE,FALSE,Mass within 25 ppm,1.61367310400083,Reliably detected
266,Maternal plasma,pn12,RLC_NEG_MTB_3670689,998.5635,0.4071333,negative,-0.652609039330591,0.000735010582217155,0.0368170029361229,Downregulated,,0,,,,,,,,No matched supplement feature
267,Maternal plasma,pn12,RLC_NEG_MTB_3670717,1000.564,0.4092,negative,-0.624422877667456,0.00114481329092759,0.0444733580052732,Downregulated,,0,,rLC_neg_mtb_238056,TRUE,TRUE,FALSE,Mass within 25 ppm,9.9942632928608,Reliably detected
268,Maternal plasma,pn12,RLC_NEG_MTB_3676279,398.3347,0.4402,negative,0.827714933098578,0.000128235740811305,0.0138321979371641,Upregulated,,0,,rLC_neg_mtb_4588027,TRUE,TRUE,FALSE,Mass within 25 ppm,0.502090075478296,Reliably detected
269,Maternal plasma,pn12,RLC_NEG_MTB_3677603,565.3469,0.4133333,negative,-0.748281317247169,3.42195757095774e-05,0.00705687739500168,Downregulated,,0,,rLC_neg_mtb_4357124,TRUE,TRUE,FALSE,Mass within 25 ppm,0.353765220438708,Reliably detected
270,Maternal plasma,pn12,RLC_NEG_MTB_3680907,910.552,0.4092,negative,-0.63930677920108,0.000750411186660498,0.0368775606144493,Downregulated,,0,,rLC_neg_mtb_4337242,TRUE,TRUE,FALSE,Mass within 25 ppm,0.988410448202905,Reliably detected
271,Maternal plasma,pn12,RLC_NEG_MTB_3681686,999.5621,0.4092,negative,-0.762554608153675,1.92700725720147e-05,0.00511712817545897,Downregulated,,0,,,,,,,,No matched supplement feature
272,Maternal plasma,pn12,RLC_NEG_MTB_3686892,381.2362,0.4257333,negative,0.822402831782381,0.000165604744589659,0.0156619778656571,Upregulated,,0,,rLC_neg_mtb_4497871,TRUE,TRUE,FALSE,Mass within 25 ppm,2.62305264565379,Reliably detected
273,Maternal plasma,pn12,RLC_NEG_MTB_3687104,397.3314,0.4050667,negative,1.46685528172182,7.24907161260813e-20,1.40523253210409e-15,Upregulated,,0,,rLC_neg_mtb_4588021,TRUE,TRUE,FALSE,Mass within 25 ppm,1.76175043509361,Reliably detected
274,Maternal plasma,pn12,RLC_NEG_MTB_3688577,518.4272,0.4174667,negative,-0.69625156876572,0.000676177766701251,0.0351557182297246,Downregulated,,0,,,,,,,,No matched supplement feature
275,Maternal plasma,pn12,RLC_NEG_MTB_3713541,517.4241,0.4195333,negative,-0.72538740091003,0.000772901116955653,0.0373633121002128,Downregulated,,0,,rLC_neg_mtb_4431030,TRUE,TRUE,FALSE,Mass within 25 ppm,1.93264687022342,Reliably detected
276,Maternal plasma,pn12,RLC_NEG_MTB_3718715,847.6224,0.4236667,negative,0.622648387261765,0.00084532731877699,0.0393226433367704,Upregulated,,0,,rLC_neg_mtb_5662024,TRUE,TRUE,FALSE,Mass within 25 ppm,3.77525171489929,Reliably detected
277,Maternal plasma,pn12,RLC_NEG_MTB_3726438,388.2914,0.4092,negative,0.766963134225333,0.000100073164467554,0.0124353736743816,Upregulated,,0,,rLC_neg_mtb_4700202,TRUE,TRUE,FALSE,Mass within 25 ppm,2.06030406989817,Reliably detected
278,Maternal plasma,pn12,RLC_NEG_MTB_3731107,969.735,0.4257333,negative,-0.616308411497071,0.000340763138308504,0.0235917622718227,Downregulated,,0,,rLC_neg_mtb_4504496,TRUE,TRUE,FALSE,Mass within 25 ppm,0.824966965256472,Reliably detected
279,Maternal plasma,pn12,RLC_NEG_MTB_3738453,561.4778,0.4195333,negative,-0.634823340617871,0.000756613264736945,0.0370377478205194,Downregulated,,0,,rLC_neg_mtb_4610089,TRUE,TRUE,FALSE,Mass within 25 ppm,1.78101114410082,Reliably detected
280,Maternal plasma,pn12,RLC_NEG_MTB_3743334,913.5749,0.4257333,negative,-0.743494964202786,0.000106828595057511,0.0126455021157919,Downregulated,,0,,rLC_neg_mtb_4548784,TRUE,TRUE,FALSE,Mass within 25 ppm,6.5675628727412,Reliably detected
281,Maternal plasma,pn12,RLC_NEG_MTB_3749081,311.2946,0.4298667,negative,0.662496567949214,0.000515943071535184,0.0301251700051492,Upregulated,Icosanoic acid,2,icosanoicacid,rLC_neg_mtb_5440099,TRUE,TRUE,FALSE,Mass within 25 ppm,0.642477805625533,Reliably detected
282,Maternal plasma,pn12,RLC_NEG_MTB_3749090,312.298,0.4298667,negative,0.667545013121637,0.000312805522409437,0.0223692283644809,Upregulated,Icosanoic acid,2,icosanoicacid,rLC_neg_mtb_4825483,TRUE,TRUE,FALSE,Mass within 25 ppm,0,Reliably detected
283,Maternal plasma,pn12,RLC_NEG_MTB_3750826,546.4619,0.4092,negative,-0.744600929878337,0.00016099490975857,0.0156044316283494,Downregulated,,0,,rLC_neg_mtb_4680555,TRUE,TRUE,FALSE,Mass within 25 ppm,0.182995340892684,Reliably detected
284,Maternal plasma,pn12,RLC_NEG_MTB_3761894,531.4407,0.4257333,negative,-0.710110402355572,0.000424533166027141,0.0269822145030693,Downregulated,,0,,rLC_neg_mtb_4499399,TRUE,TRUE,FALSE,Mass within 25 ppm,1.50533972229598,Reliably detected
285,Maternal plasma,pn12,RLC_NEG_MTB_3761914,532.444,0.4278,negative,-0.722718961572346,0.000438292183845022,0.0273417250801233,Downregulated,,0,,rLC_neg_mtb_4499410,TRUE,TRUE,FALSE,Mass within 25 ppm,1.1268778011398,Reliably detected
286,Maternal plasma,pn12,RLC_NEG_MTB_3767151,914.5835,0.4092,negative,-0.8566027383511,2.32129048083209e-05,0.00576900204755514,Downregulated,,0,,rLC_neg_mtb_4481835,TRUE,TRUE,FALSE,Mass within 25 ppm,0.437357360011781,Reliably detected
287,Maternal plasma,pn12,RLC_NEG_MTB_3773193,297.2783,0.434,negative,0.723366303965326,0.00117030858498771,0.0445705931630388,Upregulated,,0,,rLC_neg_mtb_4282358,TRUE,TRUE,FALSE,Mass within 25 ppm,1.68192282795873,Reliably detected
288,Maternal plasma,pn12,RLC_NEG_MTB_3774396,437.363,0.4278,negative,1.16313845099479,1.11912956268611e-10,2.6928201787327e-07,Upregulated,,0,,rLC_neg_mtb_4098074,TRUE,TRUE,FALSE,Mass within 25 ppm,0.457286262129837,Reliably detected
289,Maternal plasma,pn12,RLC_NEG_MTB_3779000,857.516,0.4629333,negative,-0.683221781066503,0.000438652385861148,0.0273417250801233,Downregulated,,0,,rLC_neg_mtb_4481255,TRUE,TRUE,FALSE,Mass within 25 ppm,2.56554321531157,Reliably detected
290,Maternal plasma,pn12,RLC_NEG_MTB_3791138,889.5739,0.4133333,negative,-0.675892898971313,0.000550155381594652,0.0310022153261986,Downregulated,,0,,rLC_neg_mtb_4524782,TRUE,TRUE,FALSE,Mass within 25 ppm,1.46137167494635,Reliably detected
291,Maternal plasma,pn12,RLC_NEG_MTB_3809939,543.438,0.4464,negative,-0.729763093281546,0.000458029697476619,0.0280091662005813,Downregulated,,0,,,,,,,,No matched supplement feature
292,Maternal plasma,pn12,RLC_NEG_MTB_3809975,546.4579,0.4319333,negative,-0.779384946951351,0.000105543019785738,0.0126455021157919,Downregulated,,0,,rLC_neg_mtb_4635859,TRUE,TRUE,FALSE,Mass within 25 ppm,0.548989840464249,Reliably detected
293,Maternal plasma,pn12,RLC_NEG_MTB_3810347,571.4684,0.4443333,negative,-0.676482194133661,0.00133886994935694,0.0472922096036465,Downregulated,,0,,rLC_neg_mtb_4799357,TRUE,TRUE,FALSE,Mass within 25 ppm,6.99946314121049,Reliably detected
294,Maternal plasma,pn12,RLC_NEG_MTB_3832165,603.3657,0.4133333,negative,-0.690639756729721,0.000267770695487258,0.0208059768182124,Downregulated,,0,,rLC_neg_mtb_4636408,TRUE,TRUE,FALSE,Mass within 25 ppm,1.49163046148304,Reliably detected
295,Maternal plasma,pn12,RLC_NEG_MTB_3843133,630.3765,0.4278,negative,-0.644913375759284,0.00128498685830262,0.0463001305728556,Downregulated,,0,,rLC_neg_mtb_5278412,TRUE,TRUE,FALSE,Mass within 25 ppm,11.4216151210947,Reliably detected
296,Maternal plasma,pn12,RLC_NEG_MTB_3853492,591.494,0.4216,negative,-0.70050583781853,0.00122613470453173,0.0456584606606761,Downregulated,,0,,rLC_neg_mtb_4703053,TRUE,TRUE,FALSE,Mass within 25 ppm,1.85969418842396,Reliably detected
297,Maternal plasma,pn12,RLC_NEG_MTB_3855833,824.3622,0.4402,negative,-0.775832763215021,5.5391174818544e-05,0.00898051433478424,Downregulated,,0,,,,,,,,No matched supplement feature
298,Maternal plasma,pn12,RLC_NEG_MTB_3855843,825.364,0.4484667,negative,-0.801887657839843,1.84898098869218e-05,0.00511712817545897,Downregulated,somatostatin,1,somatostatin,,,,,,,No matched supplement feature
299,Maternal plasma,pn12,RLC_NEG_MTB_3864052,574.4905,0.4753333,negative,-0.72086889655115,0.000901132487980708,0.0408141431764159,Downregulated,,0,,rLC_neg_mtb_4872028,TRUE,TRUE,FALSE,Mass within 25 ppm,5.91832262193936,Reliably detected
300,Maternal plasma,pn12,RLC_NEG_MTB_3872144,340.3288,0.4298667,negative,0.735128414494513,0.0011402074655099,0.0443833769456012,Upregulated,,0,,rLC_neg_mtb_4844751,TRUE,TRUE,FALSE,Mass within 25 ppm,6.17046527360415,Reliably detected
301,Maternal plasma,pn12,RLC_NEG_MTB_3872914,439.3775,0.4422667,negative,1.39922882413831,1.35087500532989e-15,8.61926650953904e-12,Upregulated,,0,,rLC_neg_mtb_4166822,TRUE,TRUE,FALSE,Mass within 25 ppm,1.13797490535048,Reliably detected
302,Maternal plasma,pn12,RLC_NEG_MTB_3872924,440.382,0.4422667,negative,0.827012827836478,5.01715013949193e-05,0.00896777252202286,Upregulated,,0,,rLC_neg_mtb_4937406,TRUE,TRUE,FALSE,Mass within 25 ppm,1.58952656404263,Reliably detected
303,Maternal plasma,pn12,RLC_NEG_MTB_3874180,573.487,0.4588,negative,-0.635356250942859,0.00123791736373997,0.0457342676663237,Downregulated,,0,,rLC_neg_mtb_4891443,TRUE,TRUE,FALSE,Mass within 25 ppm,0.871858584516972,Reliably detected
304,Maternal plasma,pn12,RLC_NEG_MTB_38770,843.5869,0.0124,negative,-0.793440402999253,3.81924830297279e-05,0.00725844395618897,Downregulated,,0,,rLC_neg_mtb_58767,TRUE,TRUE,FALSE,Mass within 25 ppm,0.474165956915241,Reliably detected
305,Maternal plasma,pn12,RLC_NEG_MTB_3883482,425.3624,0.4567333,negative,0.729923873866603,0.000963295173543879,0.0420672739938188,Upregulated,,0,,rLC_neg_mtb_4166671,TRUE,TRUE,FALSE,Mass within 25 ppm,1.1754668779177,Reliably detected
306,Maternal plasma,pn12,RLC_NEG_MTB_3884877,574.4888,0.4567333,negative,-0.633711082365557,0.000963417616789279,0.0420672739938188,Downregulated,,0,,rLC_neg_mtb_4872028,TRUE,TRUE,FALSE,Mass within 25 ppm,2.95916131087073,Reliably detected
307,Maternal plasma,pn12,RLC_NEG_MTB_3892709,174.024,0.4567333,negative,0.706273074075718,0.000165537553886695,0.0156619778656571,Upregulated,,0,,rLC_neg_mtb_5950411,TRUE,TRUE,FALSE,Mass within 25 ppm,0,Reliably detected
308,Maternal plasma,pn12,RLC_NEG_MTB_3899605,887.5585,0.4484667,negative,-0.731860903730141,4.3626926495177e-05,0.00805162481490603,Downregulated,,0,,rLC_neg_mtb_4409303,TRUE,TRUE,FALSE,Mass within 25 ppm,3.38004746718143,Reliably detected
309,Maternal plasma,pn12,RLC_NEG_MTB_393426,112.0069,0.0744,negative,0.616696679966801,0.0012705225282096,0.0460356620735385,Upregulated,,0,,rLC_neg_mtb_759997,TRUE,TRUE,FALSE,Mass within 25 ppm,5.35684153485748,Reliably detected
310,Maternal plasma,pn12,RLC_NEG_MTB_395762,244.0267,0.06406666,negative,-0.644695792780184,0.00149405277795399,0.0493585677569373,Downregulated,,0,,rLC_neg_mtb_5698576,TRUE,TRUE,FALSE,Mass within 25 ppm,0.409791055750105,Reliably detected
311,Maternal plasma,pn12,RLC_NEG_MTB_396048,260.0445,0.0744,negative,-0.745366006377667,0.000109300771292319,0.0126873979131833,Downregulated,,0,,rLC_neg_mtb_3924739,TRUE,TRUE,FALSE,Mass within 25 ppm,0,Reliably detected
312,Maternal plasma,pn12,RLC_NEG_MTB_3966962,290.0151,0.4546667,negative,0.748535486814704,0.000424318686611979,0.0269822145030693,Upregulated,,0,,rLC_neg_mtb_480446,TRUE,TRUE,FALSE,Mass within 25 ppm,6.89614508940869,Reliably detected
313,Maternal plasma,pn12,RLC_NEG_MTB_397266,333.0378,0.07233334,negative,-0.712623248131222,0.000677730752629397,0.0351557182297246,Downregulated,,0,,rLC_neg_mtb_3415828,TRUE,TRUE,FALSE,Mass within 25 ppm,0.900797836588478,Reliably detected
314,Maternal plasma,pn12,RLC_NEG_MTB_3988321,368.3591,0.4939333,negative,0.752617326625833,0.000750259507397815,0.0368775606144493,Upregulated,,0,,rLC_neg_mtb_5159683,TRUE,TRUE,FALSE,Mass within 25 ppm,6.24386811427877,Reliably detected
315,Maternal plasma,pn12,RLC_NEG_MTB_3988973,448.5049,0.4546667,negative,0.772891641362228,0.000108609308813199,0.0126873979131833,Upregulated,,0,,rLC_neg_mtb_836270,TRUE,TRUE,FALSE,Mass within 25 ppm,0.66888856579932,Reliably detected
316,Maternal plasma,pn12,RLC_NEG_MTB_4037316,773.4431,0.4732667,negative,-0.611722851661199,0.00097948852866033,0.0420723909906722,Downregulated,,0,,,,,,,,No matched supplement feature
317,Maternal plasma,pn12,RLC_NEG_MTB_4054698,174.024,0.4836,negative,0.957989656016358,4.06502819958021e-06,0.00186654574048186,Upregulated,,0,,rLC_neg_mtb_5950411,TRUE,TRUE,FALSE,Mass within 25 ppm,0,Reliably detected
318,Maternal plasma,pn12,RLC_NEG_MTB_4055534,288.0336,0.4670667,negative,0.841918530908822,3.06897194552683e-05,0.00669600395684089,Upregulated,,0,,rLC_neg_mtb_4633538,TRUE,TRUE,FALSE,Mass within 25 ppm,1.73590557522536,Reliably detected
319,Maternal plasma,pn12,RLC_NEG_MTB_4055721,306.0443,0.4732667,negative,0.684388483894035,0.00041232736589752,0.0265547042788154,Upregulated,,0,,rLC_neg_mtb_2781636,TRUE,TRUE,FALSE,Mass within 25 ppm,0,Reliably detected
320,Maternal plasma,pn12,RLC_NEG_MTB_4061202,773.4364,0.4856667,negative,-0.654430287742822,0.000296351991679457,0.0213957175020094,Downregulated,,0,,,,,,,,No matched supplement feature
321,Maternal plasma,pn12,RLC_NEG_MTB_4061934,830.5923,0.4980667,negative,-0.72990591877815,5.79016709856246e-05,0.00920019583652732,Downregulated,,0,,,,,,,,No matched supplement feature
322,Maternal plasma,pn12,RLC_NEG_MTB_4075864,970.728,0.4484667,negative,-0.702044487278853,0.00125191597426328,0.0457342676663237,Downregulated,,0,,rLC_neg_mtb_5282930,TRUE,TRUE,FALSE,Mass within 25 ppm,5.35683307319582,Reliably detected
323,Maternal plasma,pn12,RLC_NEG_MTB_4085757,795.5726,0.4774,negative,-1.03803147596769,2.0050066087836e-06,0.00114314862091971,Downregulated,,0,,rLC_neg_mtb_5233566,TRUE,TRUE,FALSE,Mass within 25 ppm,0.377086750992122,Reliably detected
324,Maternal plasma,pn12,RLC_NEG_MTB_4104725,305.0974,0.5022,negative,-0.645771086779883,0.0011261511861619,0.0443708145198139,Downregulated,,0,,rLC_neg_mtb_1374136,TRUE,TRUE,FALSE,Mass within 25 ppm,19.3377128336433,Reliably detected
325,Maternal plasma,pn12,RLC_NEG_MTB_4106747,559.4694,0.4877333,negative,0.80772526087814,0.000118741870305446,0.0132287997463855,Upregulated,,0,,rLC_neg_mtb_4119869,TRUE,TRUE,FALSE,Mass within 25 ppm,2.1448940260164,Reliably detected
326,Maternal plasma,pn12,RLC_NEG_MTB_4128730,585.2628,0.4918667,negative,-0.637452554075696,0.000170412723404471,0.0157426576065695,Downregulated,,0,,,,,,,,No matched supplement feature
327,Maternal plasma,pn12,RLC_NEG_MTB_4139438,584.2579,0.4918667,negative,-0.614143402600998,0.00110740022646374,0.0439896585860648,Downregulated,Bilirubin,1,bilirubin,rLC_neg_mtb_5306495,TRUE,FALSE,FALSE,Mass within 25 ppm,0.513472139557438,Detected
328,Maternal plasma,pn12,RLC_NEG_MTB_4142436,894.6224,0.5228667,negative,-0.850019820841373,5.74412886035922e-05,0.00920019583652732,Downregulated,,0,,rLC_neg_mtb_5675353,TRUE,FALSE,FALSE,Mass within 25 ppm,8.04815299361294,Detected
329,Maternal plasma,pn12,RLC_NEG_MTB_4147782,320.0595,0.4918667,negative,0.787128534091848,8.17149605247843e-05,0.0109123328720439,Upregulated,,0,,rLC_neg_mtb_3984804,TRUE,TRUE,FALSE,Mass within 25 ppm,0,Reliably detected
330,Maternal plasma,pn12,RLC_NEG_MTB_4148489,387.0828,0.4753333,negative,-0.663400069403053,0.000622806023799667,0.0338308254044495,Downregulated,AMP,2,amp,rLC_neg_mtb_5875492,TRUE,TRUE,FALSE,Mass within 25 ppm,8.00855830698251,Reliably detected
331,Maternal plasma,pn12,RLC_NEG_MTB_4160693,131.0135,0.4939333,negative,0.790753063260014,0.000635573140087254,0.0341290452093945,Upregulated,,0,,rLC_neg_mtb_2500612,TRUE,TRUE,FALSE,Mass within 25 ppm,0,Reliably detected
332,Maternal plasma,pn12,RLC_NEG_MTB_4161052,216.0376,0.4939333,negative,0.727679840123581,0.000986761656271806,0.0422259927303068,Upregulated,Tyramine O-sulfate,1,tyramineosulfate,rLC_neg_mtb_5874073,TRUE,TRUE,FALSE,Mass within 25 ppm,0,Reliably detected
333,Maternal plasma,pn12,RLC_NEG_MTB_417828,429.037,0.07026666,negative,0.705524067544654,0.000167768631450159,0.0157152131532882,Upregulated,,0,,rLC_neg_mtb_724441,TRUE,TRUE,FALSE,Mass within 25 ppm,0.932319653282624,Reliably detected
334,Maternal plasma,pn12,RLC_NEG_MTB_4206296,349.0544,0.5063334,negative,0.725883022781082,0.000896974090194085,0.0407316597300359,Upregulated,Sedoheptulose 1-phosphate,2,sedoheptulose1phosphate,rLC_neg_mtb_956366,TRUE,TRUE,FALSE,Mass within 25 ppm,0,Reliably detected
335,Maternal plasma,pn12,RLC_NEG_MTB_4221644,771.5688,0.5228667,negative,-0.830885292594419,7.66986746997577e-05,0.0105347422713651,Downregulated,,0,,rLC_neg_mtb_6129114,TRUE,TRUE,FALSE,Mass within 25 ppm,5.70263456536901,Reliably detected
336,Maternal plasma,pn12,RLC_NEG_MTB_4263828,192.0337,0.5063334,negative,0.775880253944279,0.000473299124516378,0.0285235277102634,Upregulated,L-Histidine,1,lhistidine,rLC_neg_mtb_600180,TRUE,FALSE,FALSE,Mass within 25 ppm,0.520742203465017,Detected
337,Maternal plasma,pn12,RLC_NEG_MTB_4277445,220.065,0.5228667,negative,-0.703332714711577,0.00127334425119349,0.046051825204078,Downregulated,,0,,rLC_neg_mtb_5555085,TRUE,TRUE,FALSE,Mass within 25 ppm,0,Reliably detected
338,Maternal plasma,pn12,RLC_NEG_MTB_4326172,133.0294,0.5518,negative,-0.61408581085189,0.000177469200131617,0.0160758899278103,Downregulated,"3,4-Dihydroxyphenylacetaldehyde",4,34dihydroxyphenylacetaldehyde,rLC_neg_mtb_5711293,TRUE,TRUE,FALSE,Mass within 25 ppm,0.751712965946047,Reliably detected
339,Maternal plasma,pn12,RLC_NEG_MTB_4338751,287.0374,0.5352666,negative,0.788847801210272,7.0588213468585e-06,0.00279255615936433,Upregulated,,0,,rLC_neg_mtb_4606759,TRUE,TRUE,FALSE,Mass within 25 ppm,0.3483867775195,Reliably detected
340,Maternal plasma,pn12,RLC_NEG_MTB_4350426,317.0681,0.5228667,negative,-0.758795213784786,8.29685012521979e-05,0.0109123328720439,Downregulated,,0,,rLC_neg_mtb_1501290,TRUE,TRUE,FALSE,Mass within 25 ppm,5.99243943389315,Reliably detected
341,Maternal plasma,pn12,RLC_NEG_MTB_4354252,600.3885,0.5290667,negative,0.683267771973243,0.00138083005600536,0.0472922096036465,Upregulated,,0,,rLC_neg_mtb_1459931,TRUE,TRUE,FALSE,Mass within 25 ppm,0.499676709233094,Reliably detected
342,Maternal plasma,pn12,RLC_NEG_MTB_4365225,306.0445,0.5435333,negative,0.632323346589326,0.000688483321755662,0.0353806593844542,Upregulated,,0,,rLC_neg_mtb_3984654,TRUE,TRUE,FALSE,Mass within 25 ppm,0,Reliably detected
343,Maternal plasma,pn12,RLC_NEG_MTB_4380014,788.5976,0.5394,negative,-0.609934728158177,0.000549823210450791,0.0310022153261986,Downregulated,,0,,,,,,,,No matched supplement feature
344,Maternal plasma,pn12,RLC_NEG_MTB_4397966,151.0191,0.527,negative,-0.731011341296917,0.00111706794119399,0.0441925755919296,Downregulated,,0,,rLC_neg_mtb_4516506,TRUE,TRUE,FALSE,Mass within 25 ppm,0.66216745952382,Reliably detected
345,Maternal plasma,pn12,RLC_NEG_MTB_4492858,84.0085,0.5476667,negative,-0.705268921268889,8.29001915194642e-05,0.0109123328720439,Downregulated,,0,,rLC_neg_mtb_5872786,TRUE,TRUE,FALSE,Mass within 25 ppm,2.38070580792988,Reliably detected
346,Maternal plasma,pn12,RLC_NEG_MTB_458466,440.0626,0.07853334,negative,-0.813139493351882,4.65023651200824e-06,0.00196034395789798,Downregulated,,0,,rLC_neg_mtb_765610,TRUE,TRUE,FALSE,Mass within 25 ppm,1.59068024998144,Reliably detected
347,Maternal plasma,pn12,RLC_NEG_MTB_4601542,254.983,0.5745333,negative,0.862659794861935,6.37246815046354e-05,0.00971234310811117,Upregulated,N-Formimidoyl-L-glutamate,1,nformimidoyllglutamate,rLC_neg_mtb_1087326,TRUE,TRUE,FALSE,Mass within 25 ppm,12.5496987679825,Reliably detected
348,Maternal plasma,pn12,RLC_NEG_MTB_4628198,,,negative,0.586568586675383,0.00055342483100613,0.0310960589827647,Upregulated,,,,,,,,,,No matched supplement feature
349,Maternal plasma,pn12,RLC_NEG_MTB_4654913,135.0289,0.5683333,negative,0.711546249008814,3.41062981792687e-05,0.00705687739500168,Upregulated,D-Lactate,9,dlactate,rLC_neg_mtb_1298230,TRUE,TRUE,FALSE,Mass within 25 ppm,5.18404853450515,Reliably detected
350,Maternal plasma,pn12,RLC_NEG_MTB_4663662,,,negative,-0.775182061176939,0.000567432053499973,0.0315312271648526,Downregulated,,,,,,,,,,No matched supplement feature
351,Maternal plasma,pn12,RLC_NEG_MTB_4683553,160.9352,0.5766,negative,0.655099900023535,0.000546675034604445,0.0310022153261986,Upregulated,,0,,rLC_neg_mtb_783911,TRUE,TRUE,FALSE,Mass within 25 ppm,0,Reliably detected
352,Maternal plasma,pn12,RLC_NEG_MTB_4738955,87.0088,0.5600666,negative,-0.618338075935899,0.000380982135689162,0.0252232022605131,Downregulated,(R)-Glycerate,5,rglycerate,rLC_neg_mtb_117211,TRUE,TRUE,FALSE,Mass within 25 ppm,0,Reliably detected
353,Maternal plasma,pn12,RLC_NEG_MTB_4739592,193.0279,0.5559334,negative,-0.761800535829025,0.000992865221926868,0.0423004226968183,Downregulated,3-Sulfino-L-alanine,1,3sulfinolalanine,rLC_neg_mtb_994295,TRUE,TRUE,FALSE,Mass within 25 ppm,4.66251668145611,Reliably detected
354,Maternal plasma,pn12,RLC_NEG_MTB_475748,306.0446,0.0744,negative,-0.692508813815702,0.000233354030285916,0.019006587718876,Downregulated,,0,,rLC_neg_mtb_4653243,TRUE,TRUE,FALSE,Mass within 25 ppm,0,Reliably detected
355,Maternal plasma,pn12,RLC_NEG_MTB_4815574,287.9936,0.6096666,negative,-0.768270419524432,0.000267998261271406,0.0208059768182124,Downregulated,,0,,rLC_neg_mtb_6065882,TRUE,TRUE,FALSE,Mass within 25 ppm,0.347229817787326,Reliably detected
356,Maternal plasma,pn12,RLC_NEG_MTB_5695768,845.6081,0.744,negative,-0.710374546350469,0.00110576384134362,0.0439896585860648,Downregulated,,0,,rLC_neg_mtb_6663547,TRUE,TRUE,FALSE,Mass within 25 ppm,0.354774148322904,Reliably detected
357,Maternal plasma,pn12,RLC_NEG_MTB_5727326,98.9387,0.7626,negative,1.00047759148061,1.59820069107876e-06,0.000968160012392555,Upregulated,,0,,rLC_neg_mtb_7257949,TRUE,TRUE,FALSE,Mass within 25 ppm,1.51609256443286,Reliably detected
358,Maternal plasma,pn12,RLC_NEG_MTB_5731431,397.0113,0.7605333,negative,-0.551800935629941,0.000498922352551608,0.0294866152567467,Downregulated,,0,,rLC_neg_mtb_26131,TRUE,TRUE,FALSE,Mass within 25 ppm,1.00752698223573,Reliably detected
359,Maternal plasma,pn12,RLC_NEG_MTB_581,60.0173,0.01446667,negative,-0.769106179863946,0.00010879402968955,0.0126873979131833,Downregulated,Acetate,3,acetate,rLC_neg_mtb_884,TRUE,TRUE,FALSE,Mass within 25 ppm,0,Reliably detected
360,Maternal plasma,pn12,RLC_NEG_MTB_593710,362.0668,0.09713333,negative,0.754869019359778,0.000102496062869214,0.0125752289792387,Upregulated,N-Glycoloyl-neuraminate,1,nglycoloylneuraminate,rLC_neg_mtb_1124620,TRUE,TRUE,FALSE,Mass within 25 ppm,18.5045301576157,Reliably detected
361,Maternal plasma,pn12,RLC_NEG_MTB_619474,362.0566,0.09506667,negative,0.644703455977593,0.00125276740422068,0.0457342676663237,Upregulated,,0,,,,,,,,No matched supplement feature
362,Maternal plasma,pn12,RLC_NEG_MTB_639779,85.0294,0.0682,negative,0.911684012674574,5.45502445186799e-09,8.81213741662175e-06,Upregulated,2-Hydroxybutyrate,5,2hydroxybutyrate,rLC_neg_mtb_1105919,TRUE,TRUE,FALSE,Mass within 25 ppm,1.17606519151762,Reliably detected
363,Maternal plasma,pn12,RLC_NEG_MTB_645469,351.0663,0.09506667,negative,0.636673714090393,0.00142915531743679,0.0483493469956582,Upregulated,,0,,,,,,,,No matched supplement feature
364,Maternal plasma,pn12,RLC_NEG_MTB_647560,462.0959,0.1074667,negative,-0.768767870491858,0.000175823071066935,0.0160758899278103,Downregulated,,0,,,,,,,,No matched supplement feature
365,Maternal plasma,pn12,RLC_NEG_MTB_668118,173.0257,0.1054,negative,0.672633101879741,0.0010732869737819,0.0438938143180636,Upregulated,,0,,rLC_neg_mtb_4933813,TRUE,TRUE,FALSE,Mass within 25 ppm,0.577948490937881,Reliably detected
366,Maternal plasma,pn12,RLC_NEG_MTB_671663,387.0743,0.1012667,negative,-0.607702889122423,0.00113222003708342,0.0443833769456012,Downregulated,,0,,rLC_neg_mtb_1124972,TRUE,TRUE,FALSE,Mass within 25 ppm,4.3919409433041,Reliably detected
367,Maternal plasma,pn12,RLC_NEG_MTB_693444,348.0432,0.09713333,negative,0.802287303564865,1.03124327590025e-06,0.000666355030110878,Upregulated,,0,,rLC_neg_mtb_914444,TRUE,TRUE,FALSE,Mass within 25 ppm,13.5038884016077,Reliably detected
368,Maternal plasma,pn12,RLC_NEG_MTB_694824,454.0773,0.0868,negative,-0.76161027701996,0.000259313922633057,0.0204341479278122,Downregulated,,0,,,,,,,,No matched supplement feature
369,Maternal plasma,pn12,RLC_NEG_MTB_711038,229.0539,0.1178,negative,0.882122740792686,0.000153608312565974,0.0150388744398556,Upregulated,,0,,rLC_neg_mtb_1355463,TRUE,TRUE,FALSE,Mass within 25 ppm,7.42188898425595,Reliably detected
370,Maternal plasma,pn12,RLC_NEG_MTB_711927,322.0438,0.09506667,negative,1.01248293419524,3.11935752602347e-08,3.35937475788694e-05,Upregulated,CMP,1,cmp,,,,,,,No matched supplement feature
371,Maternal plasma,pn12,RLC_NEG_MTB_711935,323.0386,0.1426,negative,0.859651480074727,4.69857537538777e-07,0.000364327534607568,Upregulated,,0,,rLC_neg_mtb_1194570,TRUE,TRUE,FALSE,Mass within 25 ppm,12.3822678495626,Reliably detected
372,Maternal plasma,pn12,RLC_NEG_MTB_712324,365.0545,0.093,negative,0.735149496781583,0.000228152482142107,0.0187404062132404,Upregulated,,0,,rLC_neg_mtb_1317149,TRUE,TRUE,FALSE,Mass within 25 ppm,1.91751822736621,Reliably detected
373,Maternal plasma,pn12,RLC_NEG_MTB_713471,501.0839,0.09713333,negative,-0.711679990872849,0.000782053581276511,0.0375928243112311,Downregulated,,0,,rLC_neg_mtb_1126171,TRUE,TRUE,FALSE,Mass within 25 ppm,1.19740283318098,Reliably detected
374,Maternal plasma,pn12,RLC_NEG_MTB_715523,737.5339,0.1095333,negative,-0.700057993946319,0.0011544615229961,0.0445705931630388,Downregulated,,0,,rLC_neg_mtb_4010520,TRUE,TRUE,FALSE,Mass within 25 ppm,1.76262773629616,Reliably detected
375,Maternal plasma,pn12,RLC_NEG_MTB_729591,552.124,0.1095333,negative,0.696645050145957,0.000821881912304933,0.039049462916743,Upregulated,,0,,,,,,,,No matched supplement feature
376,Maternal plasma,pn12,RLC_NEG_MTB_741915,113.0048,0.1095333,negative,0.816627819539406,3.48131140800769e-06,0.0016459810157129,Upregulated,,0,,rLC_neg_mtb_760011,TRUE,TRUE,FALSE,Mass within 25 ppm,19.468578599094,Reliably detected
377,Maternal plasma,pn12,RLC_NEG_MTB_743908,350.0925,0.1074667,negative,0.697525608126608,0.000272156006992233,0.0208059768182124,Upregulated,,0,,rLC_neg_mtb_1142455,TRUE,TRUE,FALSE,Mass within 25 ppm,2.85637979577798,Reliably detected
378,Maternal plasma,pn12,RLC_NEG_MTB_744048,369.0547,0.1136667,negative,1.09744492126833,5.98073172084424e-09,8.9181911083512e-06,Upregulated,,0,,rLC_neg_mtb_1276583,TRUE,TRUE,FALSE,Mass within 25 ppm,1.89674139841774,Reliably detected
379,Maternal plasma,pn12,RLC_NEG_MTB_744185,383.0654,0.1012667,negative,0.626782647143754,0.000523512885769538,0.0303841236246781,Upregulated,N-((R)-4-Phosphopantothenoyl)-L-cysteine,1,nr4phosphopantothenoyllcysteine,,,,,,,No matched supplement feature
380,Maternal plasma,pn12,RLC_NEG_MTB_744661,446.0938,0.1095333,negative,-0.658243994948004,0.00111587886452756,0.0441925755919296,Downregulated,,0,,rLC_neg_mtb_1125582,TRUE,TRUE,FALSE,Mass within 25 ppm,0.672503850731002,Reliably detected
381,Maternal plasma,pn12,RLC_NEG_MTB_756474,188.0546,0.1136667,negative,1.11242596149694,4.14039034514935e-06,0.00186654574048186,Upregulated,5-Oxoproline,6,5oxoproline,rLC_neg_mtb_1192658,TRUE,TRUE,FALSE,Mass within 25 ppm,0.531760174052122,Reliably detected
382,Maternal plasma,pn12,RLC_NEG_MTB_758813,304.0344,0.0992,negative,0.693404789349599,8.33131423813511e-05,0.0109123328720439,Upregulated,CMP,1,cmp,rLC_neg_mtb_1501115,TRUE,TRUE,FALSE,Mass within 25 ppm,3.28911231474304,Reliably detected
383,Maternal plasma,pn12,RLC_NEG_MTB_759745,352.0646,0.1095333,negative,0.700168225315351,0.000473798087320342,0.0285235277102634,Upregulated,,0,,rLC_neg_mtb_1124514,TRUE,TRUE,FALSE,Mass within 25 ppm,3.97655875419422,Reliably detected
384,Maternal plasma,pn12,RLC_NEG_MTB_782555,160.0595,0.1364,negative,0.896941323211666,9.4562076577795e-05,0.0120417361031783,Upregulated,acetamidopropanal,6,acetamidopropanal,rLC_neg_mtb_1354735,TRUE,TRUE,FALSE,Mass within 25 ppm,14.9941991191808,Reliably detected
385,Maternal plasma,pn12,RLC_NEG_MTB_784712,305.0321,0.09713333,negative,0.813787016149417,2.90398435576972e-05,0.00669600395684089,Upregulated,,0,,rLC_neg_mtb_3887308,TRUE,TRUE,FALSE,Mass within 25 ppm,0.327834456816797,Reliably detected
386,Maternal plasma,pn12,RLC_NEG_MTB_786656,436.067,0.1136667,negative,-0.597851152089795,0.00151893475134491,0.0496979880996875,Downregulated,,0,,rLC_neg_mtb_2191166,TRUE,TRUE,FALSE,Mass within 25 ppm,0.687967201350657,Reliably detected
387,Maternal plasma,pn12,RLC_NEG_MTB_786675,437.0644,0.1095333,negative,-0.896594045829334,4.65183503034857e-06,0.00196034395789798,Downregulated,,0,,rLC_neg_mtb_29016,TRUE,TRUE,FALSE,Mass within 25 ppm,17.1596481037789,Reliably detected
388,Maternal plasma,pn12,RLC_NEG_MTB_787111,466.0861,0.1095333,negative,0.644100228988566,0.000420387887681982,0.0269822145030693,Upregulated,,0,,,,,,,,No matched supplement feature
389,Maternal plasma,pn12,RLC_NEG_MTB_787444,488.105,0.1074667,negative,-0.659156509232602,0.000488322936925827,0.0289912799956861,Downregulated,CDPcholine,2,cdpcholine,rLC_neg_mtb_1178968,TRUE,TRUE,FALSE,Mass within 25 ppm,0,Reliably detected
390,Maternal plasma,pn12,RLC_NEG_MTB_787517,493.0823,0.1095333,negative,0.730077925284598,0.00106928546823302,0.0438938143180636,Upregulated,,0,,,,,,,,No matched supplement feature
391,Maternal plasma,pn12,RLC_NEG_MTB_787714,507.113,0.1095333,negative,-0.826806318057054,0.000133658465886118,0.014236095391222,Downregulated,,0,,rLC_neg_mtb_1161472,TRUE,TRUE,FALSE,Mass within 25 ppm,1.97194319221389,Reliably detected
392,Maternal plasma,pn12,RLC_NEG_MTB_805736,411.1115,0.1095333,negative,-0.721404774386399,5.39706765632057e-05,0.00898051433478424,Downregulated,,0,,rLC_neg_mtb_1235818,TRUE,TRUE,FALSE,Mass within 25 ppm,4.86483659624301,Reliably detected
393,Maternal plasma,pn12,RLC_NEG_MTB_821230,57.0349,0.1198667,negative,0.69773964431993,0.000144664183943531,0.0147595537144492,Upregulated,Acetone,2,acetone,rLC_neg_mtb_1270497,TRUE,TRUE,FALSE,Mass within 25 ppm,0,Reliably detected
394,Maternal plasma,pn12,RLC_NEG_MTB_822170,129.0191,0.1136667,negative,0.629238803316314,0.000319776046890407,0.0227064420108811,Upregulated,(S)-2-Hydroxyglutarate,4,s2hydroxyglutarate,rLC_neg_mtb_1272276,TRUE,TRUE,FALSE,Mass within 25 ppm,1.55015567421477,Reliably detected
395,Maternal plasma,pn12,RLC_NEG_MTB_824816,299.1234,0.1116,negative,1.09224759056357,1.25021313430974e-10,2.6928201787327e-07,Upregulated,,0,,,,,,,,No matched supplement feature
396,Maternal plasma,pn12,RLC_NEG_MTB_825354,334.0936,0.1178,negative,0.682712263663829,0.000720600405713631,0.0362826983500227,Upregulated,,0,,rLC_neg_mtb_1300408,TRUE,TRUE,FALSE,Mass within 25 ppm,1.79590712754555,Reliably detected
397,Maternal plasma,pn12,RLC_NEG_MTB_826809,435.1134,0.1095333,negative,-0.684646612748171,0.000915930089421849,0.0413265724354392,Downregulated,,0,,rLC_neg_mtb_1216061,TRUE,TRUE,FALSE,Mass within 25 ppm,0.919301422879295,Reliably detected
398,Maternal plasma,pn12,RLC_NEG_MTB_827713,498.1136,0.1116,negative,0.850726565832457,5.0892260178839e-05,0.00896777252202286,Upregulated,,0,,,,,,,,No matched supplement feature
399,Maternal plasma,pn12,RLC_NEG_MTB_843574,83.0139,0.1715333,negative,0.509734761734133,0.00149463395787063,0.0493585677569373,Upregulated,Succinate semialdehyde,8,succinatesemialdehyde,rLC_neg_mtb_1191098,TRUE,TRUE,FALSE,Mass within 25 ppm,0.602308407050249,Reliably detected
400,Maternal plasma,pn12,RLC_NEG_MTB_844026,111.0085,0.1219333,negative,0.743370355817483,2.26011597333207e-05,0.00568991534325223,Upregulated,Mesaconate,2,mesaconate,rLC_neg_mtb_3758516,TRUE,TRUE,FALSE,Mass within 25 ppm,0,Reliably detected
401,Maternal plasma,pn12,RLC_NEG_MTB_844472,136.8913,0.1198667,negative,0.79176469469415,0.000227323229213997,0.0187404062132404,Upregulated,,0,,rLC_neg_mtb_5828503,TRUE,TRUE,FALSE,Mass within 25 ppm,2.19151503824894,Reliably detected
402,Maternal plasma,pn12,RLC_NEG_MTB_844638,147.0295,0.1178,negative,0.672162029771925,0.000135925221912719,0.014366933364128,Upregulated,(S)-2-Hydroxyglutarate,9,s2hydroxyglutarate,rLC_neg_mtb_1331796,TRUE,TRUE,FALSE,Mass within 25 ppm,1.36027308847039,Reliably detected
403,Maternal plasma,pn12,RLC_NEG_MTB_845389,192.0227,0.1529333,negative,0.790331243224001,3.10879729747578e-05,0.00669600395684089,Upregulated,Citrate,2,citrate,rLC_neg_mtb_310189,TRUE,TRUE,FALSE,Mass within 25 ppm,0.520772033994425,Reliably detected
404,Maternal plasma,pn12,RLC_NEG_MTB_847066,296.982,0.1178,negative,0.753352654296466,0.000283620215062535,0.021256816665948,Upregulated,,0,,,,,,,,No matched supplement feature
405,Maternal plasma,pn12,RLC_NEG_MTB_847809,348.0745,0.1157333,negative,0.648896684418803,0.00136078541795511,0.0472922096036465,Upregulated,,0,,,,,,,,No matched supplement feature
406,Maternal plasma,pn12,RLC_NEG_MTB_847867,352.0871,0.1178,negative,0.680153343076651,0.000693599232752928,0.035385019825676,Upregulated,S-Succinyldihydrolipoamide,1,ssuccinyldihydrolipoamide,rLC_neg_mtb_1254551,TRUE,TRUE,FALSE,Mass within 25 ppm,20.4490671957904,Reliably detected
407,Maternal plasma,pn12,RLC_NEG_MTB_848399,391.1048,0.1157333,negative,-0.783425228021806,0.000897126422448425,0.0407316597300359,Downregulated,,0,,rLC_neg_mtb_1255168,TRUE,TRUE,FALSE,Mass within 25 ppm,1.789798404765,Reliably detected
408,Maternal plasma,pn12,RLC_NEG_MTB_849017,429.0786,0.1157333,negative,-0.806462919413531,0.000189723669261385,0.0167117869388131,Downregulated,,0,,rLC_neg_mtb_1195819,TRUE,TRUE,FALSE,Mass within 25 ppm,0.932229263173632,Reliably detected
409,Maternal plasma,pn12,RLC_NEG_MTB_849612,469.2033,0.1157333,negative,0.640868064571343,0.000777991936038557,0.0375158549256404,Upregulated,,0,,,,,,,,No matched supplement feature
410,Maternal plasma,pn12,RLC_NEG_MTB_851185,581.1511,0.1116,negative,-0.74329673211846,0.000433468473476696,0.0271934833603422,Downregulated,,0,,rLC_neg_mtb_1279712,TRUE,TRUE,FALSE,Mass within 25 ppm,1.89279159564612,Reliably detected
411,Maternal plasma,pn12,RLC_NEG_MTB_851294,588.139,0.1136667,negative,-0.700408394504709,0.00148106826294238,0.0490777919267317,Downregulated,,0,,rLC_neg_mtb_1401365,TRUE,TRUE,FALSE,Mass within 25 ppm,2.38039533603978,Reliably detected
412,Maternal plasma,pn12,RLC_NEG_MTB_851532,606.1487,0.1116,negative,-0.672779126003936,0.00113880765827088,0.0443833769456012,Downregulated,,0,,rLC_neg_mtb_1237755,TRUE,TRUE,FALSE,Mass within 25 ppm,6.43402337966413,Reliably detected
413,Maternal plasma,pn12,RLC_NEG_MTB_853751,758.1767,0.1157333,negative,-0.754495489704391,0.000375152183608972,0.0251637545995153,Downregulated,,0,,,,,,,,No matched supplement feature
414,Maternal plasma,pn12,RLC_NEG_MTB_869595,249.059,0.1095333,negative,-0.734742575141662,1.48800819681349e-05,0.00474864824457762,Downregulated,3-Dehydroquinate,3,3dehydroquinate,rLC_neg_mtb_1299507,TRUE,TRUE,FALSE,Mass within 25 ppm,2.81058691878494,Reliably detected
415,Maternal plasma,pn12,RLC_NEG_MTB_871949,394.1047,0.1136667,negative,-0.676406192302972,0.00125850067270328,0.0457711736216756,Downregulated,,0,,rLC_neg_mtb_1317453,TRUE,TRUE,FALSE,Mass within 25 ppm,1.52243575516472,Reliably detected
416,Maternal plasma,pn12,RLC_NEG_MTB_874760,579.1556,0.1136667,negative,-0.845795771554752,0.000273004602487504,0.0208059768182124,Downregulated,,0,,rLC_neg_mtb_1257556,TRUE,TRUE,FALSE,Mass within 25 ppm,1.72665467923425,Reliably detected
417,Maternal plasma,pn12,RLC_NEG_MTB_877267,752.1938,0.1198667,negative,-0.776859698884075,0.000966615081600205,0.0420672739938188,Downregulated,,0,,rLC_neg_mtb_1259594,TRUE,TRUE,FALSE,Mass within 25 ppm,1.4623869424683,Reliably detected
418,Maternal plasma,pn12,RLC_NEG_MTB_878626,849.2126,0.0992,negative,-0.765237633809616,0.000211299258093474,0.0181240536200973,Downregulated,,0,,,,,,,,No matched supplement feature
419,Maternal plasma,pn12,RLC_NEG_MTB_883310,1134.275,0.1198667,negative,-0.689292891163326,0.00137505833751075,0.0472922096036465,Downregulated,,0,,rLC_neg_mtb_265506,TRUE,FALSE,FALSE,Mass within 25 ppm,24.684762360692,Detected
420,Maternal plasma,pn12,RLC_NEG_MTB_890644,85.0294,0.1157333,negative,0.675637936121776,6.52889802763972e-05,0.00971616831766031,Upregulated,2-Hydroxybutyrate,5,2hydroxybutyrate,rLC_neg_mtb_1105919,TRUE,TRUE,FALSE,Mass within 25 ppm,1.17606519151762,Reliably detected
421,Maternal plasma,pn12,RLC_NEG_MTB_891289,121.0653,0.1178,negative,1.0684680121115,1.0834473447621e-08,1.31266417363833e-05,Upregulated,,0,,rLC_neg_mtb_1331296,TRUE,TRUE,FALSE,Mass within 25 ppm,1.652003756594,Reliably detected
422,Maternal plasma,pn12,RLC_NEG_MTB_893915,288.0381,0.1322667,negative,0.747505353878478,0.000205410326502836,0.0177762463359709,Upregulated,dCMP,1,dcmp,rLC_neg_mtb_1069420,TRUE,TRUE,FALSE,Mass within 25 ppm,10.7625809362085,Reliably detected
423,Maternal plasma,pn12,RLC_NEG_MTB_894433,330.0541,0.1074667,negative,-0.80337257351651,6.05854327017297e-05,0.00938570622485068,Downregulated,,0,,rLC_neg_mtb_3760779,TRUE,FALSE,FALSE,Mass within 25 ppm,8.18054400012957,Detected
424,Maternal plasma,pn12,RLC_NEG_MTB_894720,351.0744,0.1116,negative,0.603827501442964,0.000743124047447168,0.0368426078254817,Upregulated,,0,,rLC_neg_mtb_2639967,TRUE,TRUE,FALSE,Mass within 25 ppm,3.70290509983428,Reliably detected
425,Maternal plasma,pn12,RLC_NEG_MTB_894821,359.0477,0.1178,negative,0.629812469104979,0.000271516494640334,0.0208059768182124,Upregulated,N2-Formyl-N1-(5-phospho-D-ribosyl)glycinamide,1,n2formyln15phosphodribosylglycinamide,,,,,,,No matched supplement feature
426,Maternal plasma,pn12,RLC_NEG_MTB_910604,151.025,0.1178,negative,0.718613489646875,6.75381171525689e-05,0.00984380752633495,Upregulated,(R)-Glycerate,8,rglycerate,rLC_neg_mtb_1371248,TRUE,TRUE,FALSE,Mass within 25 ppm,5.29710817620655,Reliably detected
427,Maternal plasma,pn12,RLC_NEG_MTB_912187,242.122,0.1116,negative,0.956772217111259,1.71185659250692e-07,0.000153687232425768,Upregulated,,0,,,,,,,,No matched supplement feature
428,Maternal plasma,pn12,RLC_NEG_MTB_912283,248.0432,0.1157333,negative,0.736263582323365,0.000285357243195282,0.021256816665948,Upregulated,Deoxyuridine,2,deoxyuridine,rLC_neg_mtb_1041700,TRUE,TRUE,FALSE,Mass within 25 ppm,1.61261971679518,Reliably detected
429,Maternal plasma,pn12,RLC_NEG_MTB_913023,292.0355,0.1157333,negative,-0.921578809841077,6.94717286453496e-05,0.00987349821166525,Downregulated,,0,,rLC_neg_mtb_1275319,TRUE,TRUE,FALSE,Mass within 25 ppm,0.684847777195183,Reliably detected
430,Maternal plasma,pn12,RLC_NEG_MTB_913360,318.135,0.1260667,negative,0.81657566042469,0.000165628344723224,0.0156619778656571,Upregulated,,0,,,,,,,,No matched supplement feature
431,Maternal plasma,pn12,RLC_NEG_MTB_913572,333.2078,0.1157333,negative,0.70504632031826,0.00116615198512289,0.0445705931630388,Upregulated,Prostaglandin D2,15,prostaglandind2,rLC_neg_mtb_3815653,TRUE,TRUE,FALSE,Mass within 25 ppm,3.30125414647453,Reliably detected
432,Maternal plasma,pn12,RLC_NEG_MTB_913829,353.0334,0.1260667,negative,1.42319874572273,8.40153604090168e-14,2.71439626921465e-10,Upregulated,,0,,rLC_neg_mtb_1159779,TRUE,TRUE,FALSE,Mass within 25 ppm,1.13303598696011,Reliably detected
433,Maternal plasma,pn12,RLC_NEG_MTB_914615,404.1035,0.1426,negative,0.733595977912128,0.00107246920214753,0.0438938143180636,Upregulated,,0,,rLC_neg_mtb_1317509,TRUE,TRUE,FALSE,Mass within 25 ppm,2.4746074344046,Reliably detected
434,Maternal plasma,pn12,RLC_NEG_MTB_915943,514.2841,0.1467333,negative,-0.817796020443515,0.000113591896192853,0.0129955825590427,Downregulated,taurocholic acid,2,taurocholicacid,rLC_neg_mtb_1400764,TRUE,TRUE,FALSE,Mass within 25 ppm,1.94445432870797,Reliably detected
435,Maternal plasma,pn12,RLC_NEG_MTB_9254,232.9236,0.002066667,negative,-0.761846353792617,0.00147917166054475,0.0490777919267317,Downregulated,,0,,rLC_neg_mtb_14221,TRUE,TRUE,FALSE,Mass within 25 ppm,0.858649910428386,Reliably detected
436,Maternal plasma,pn12,RLC_NEG_MTB_932886,182.0458,0.1467333,negative,0.967107406951642,9.11308963197907e-07,0.000609162905227291,Upregulated,Pyridoxal,3,pyridoxal,rLC_neg_mtb_1454376,TRUE,TRUE,FALSE,Mass within 25 ppm,1.09862342472901,Reliably detected
437,Maternal plasma,pn12,RLC_NEG_MTB_933434,218.1024,0.1591333,negative,0.997704129386194,7.13418039227477e-09,9.87829192173189e-06,Upregulated,(R)-Pantothenate,1,rpantothenate,rLC_neg_mtb_1355357,TRUE,TRUE,FALSE,Mass within 25 ppm,3.66798836513236,Reliably detected
438,Maternal plasma,pn12,RLC_NEG_MTB_934741,303.1435,0.1302,negative,0.74314826660167,0.000667350455015663,0.0349612166730063,Upregulated,,0,,rLC_neg_mtb_1432432,TRUE,TRUE,FALSE,Mass within 25 ppm,0.98962934416451,Reliably detected
439,Maternal plasma,pn12,RLC_NEG_MTB_952439,138.0385,0.1322667,negative,0.679723814163882,0.000273237049336666,0.0208059768182124,Upregulated,Urocanate,1,urocanate,rLC_neg_mtb_1397303,TRUE,TRUE,FALSE,Mass within 25 ppm,0.724435049350831,Reliably detected
440,Maternal plasma,pn12,RLC_NEG_MTB_952884,160.0614,0.1260667,negative,0.620202636970383,0.000801123990974978,0.0383451569507406,Upregulated,acetamidopropanal,6,acetamidopropanal,rLC_neg_mtb_1354735,TRUE,TRUE,FALSE,Mass within 25 ppm,3.12379148327365,Reliably detected
441,Maternal plasma,pn12,RLC_NEG_MTB_953661,201.0233,0.124,negative,1.05053528161149,9.36647031449798e-09,1.21046018031029e-05,Upregulated,,0,,rLC_neg_mtb_1372186,TRUE,TRUE,FALSE,Mass within 25 ppm,1.98982305007678,Reliably detected
442,Maternal plasma,pn12,RLC_NEG_MTB_96493,273.072,0.01653333,negative,0.788416157243226,0.000114357867701714,0.0129955825590427,Upregulated,Deoxyuridine,1,deoxyuridine,rLC_neg_mtb_17097,TRUE,TRUE,FALSE,Mass within 25 ppm,5.12682670662771,Reliably detected
443,Maternal plasma,pn12,RLC_NEG_MTB_975587,241.1178,0.1219333,negative,1.04003767775319,1.8263333043604e-08,2.08255712382508e-05,Upregulated,,0,,rLC_neg_mtb_1398391,TRUE,TRUE,FALSE,Mass within 25 ppm,0.829470764383096,Reliably detected
444,Maternal plasma,pn12,RLC_NEG_MTB_997512,295.0838,0.1343333,negative,-0.665451405740969,0.000307141396892757,0.0220516147361707,Downregulated,,0,,rLC_neg_mtb_1523191,TRUE,TRUE,FALSE,Mass within 25 ppm,0.338886669288773,Reliably detected
445,Maternal plasma,pn12,RLC_NEG_MTB_997915,328.7557,0.1302,negative,0.659713912767723,0.000689909169322862,0.0353806593844542,Upregulated,,0,,rLC_neg_mtb_1456486,TRUE,TRUE,FALSE,Mass within 25 ppm,0.912530873905076,Reliably detected
446,Maternal plasma,pn12,RLC_NEG_MTB_998270,354.1137,0.1405333,negative,-0.788209484362557,0.000476930692794918,0.0285718657224762,Downregulated,Citalopram aldehyde,1,citalopramaldehyde,,,,,,,No matched supplement feature
447,Maternal plasma,pn12,RLC_NEG_MTB_998355,363.0736,0.1405333,negative,-0.591434828041703,0.00141682682576698,0.0481001541462223,Downregulated,,0,,rLC_neg_mtb_5671697,TRUE,TRUE,FALSE,Mass within 25 ppm,6.33484387223966,Reliably detected
448,Maternal plasma,pn12,RLC_NEG_MTB_998655,388.7112,0.1302,negative,0.726743590661276,0.000442167425601255,0.0274447602862129,Upregulated,,0,,,,,,,,No matched supplement feature
449,Maternal plasma,pn12,RLC_NEG_MTB_999418,448.6669,0.1302,negative,0.709240234088759,0.000535649541243256,0.03058202796594,Upregulated,,0,,,,,,,,No matched supplement feature
450,Maternal plasma,pn12,RLC_POS_MTB_1016604,967.017,0.08473333,positive,0.634915653551083,0.000296415209077994,0.0213957175020094,Upregulated,,0,,,,,,,,No matched supplement feature
451,Maternal plasma,pn12,RLC_POS_MTB_1053632,995.9953,0.1054,positive,0.647480052795909,0.000954210632922471,0.0420672739938188,Upregulated,,0,,,,,,,,No matched supplement feature
452,Maternal plasma,pn12,RLC_POS_MTB_1067759,1589.026,0.08886667,positive,0.610300471028684,0.000269631269525231,0.0208059768182124,Upregulated,,0,,,,,,,,No matched supplement feature
453,Maternal plasma,pn12,RLC_POS_MTB_1085536,1139.016,0.09093333,positive,0.720757999462404,0.000361553499614398,0.0244303152833225,Upregulated,,0,,,,,,,,No matched supplement feature
454,Maternal plasma,pn12,RLC_POS_MTB_1147798,1071.986,0.093,positive,0.660160780570954,0.00144299421716332,0.0485632689231093,Upregulated,,0,,,,,,,,No matched supplement feature
455,Maternal plasma,pn12,RLC_POS_MTB_1187994,595.8773,0.09506667,positive,-0.592160635896271,0.00138662663310179,0.0473235163427433,Downregulated,,0,,,,,,,,No matched supplement feature
456,Maternal plasma,pn12,RLC_POS_MTB_1192422,889.0046,0.08266667,positive,0.74720676468524,7.14440528480377e-05,0.00997119880362714,Upregulated,,0,,,,,,,,No matched supplement feature
457,Maternal plasma,pn12,RLC_POS_MTB_1214085,509.9882,0.09713333,positive,0.678431163283065,0.000177434911591847,0.0160758899278103,Upregulated,ITP,1,itp,rLC_pos_mtb_1078325,TRUE,TRUE,FALSE,Mass within 25 ppm,6.86285678761847,Reliably detected
458,Maternal plasma,pn12,RLC_POS_MTB_1241078,368.9753,0.0992,positive,-0.758768385324395,0.000626350698880966,0.0338308254044495,Downregulated,,0,,,,,,,,No matched supplement feature
459,Maternal plasma,pn12,RLC_POS_MTB_1243752,519.0919,0.1157333,positive,0.926597218944393,0.00104784395662819,0.0434956211975106,Upregulated,,0,,,,,,,,No matched supplement feature
460,Maternal plasma,pn12,RLC_POS_MTB_1245919,640.9147,0.1012667,positive,0.778665895976006,0.0003398026936135,0.0235917622718227,Upregulated,,0,,rLC_pos_mtb_1222888,TRUE,TRUE,FALSE,Mass within 25 ppm,3.43260585495865,Reliably detected
461,Maternal plasma,pn12,RLC_POS_MTB_1253382,1084.956,0.0992,positive,-0.665906967252538,0.000170542073633201,0.0157426576065695,Downregulated,,0,,,,,,,,No matched supplement feature
462,Maternal plasma,pn12,RLC_POS_MTB_1276257,720.9172,0.1012667,positive,0.652301472779394,0.00118337032179259,0.0448039720467761,Upregulated,,0,,rLC_pos_mtb_1148488,TRUE,TRUE,FALSE,Mass within 25 ppm,2.63553846059004,Reliably detected
463,Maternal plasma,pn12,RLC_POS_MTB_1277997,807.0011,0.1116,positive,-0.651935580287397,0.00124850472574305,0.0457342676663237,Downregulated,,0,,,,,,,,No matched supplement feature
464,Maternal plasma,pn12,RLC_POS_MTB_1304749,465.9564,0.09713333,positive,-0.947851065790883,1.74419350702445e-07,0.000153687232425768,Downregulated,,0,,rLC_pos_mtb_789329,TRUE,TRUE,FALSE,Mass within 25 ppm,0.429224892704069,Reliably detected
465,Maternal plasma,pn12,RLC_POS_MTB_1307550,601.0873,0.1136667,positive,-0.661067276073424,0.000381243139661095,0.0252232022605131,Downregulated,,0,,,,,,,,No matched supplement feature
466,Maternal plasma,pn12,RLC_POS_MTB_1313170,868.9471,0.09713333,positive,0.682710003487806,0.000406878385901366,0.0263790552197257,Upregulated,,0,,rLC_pos_mtb_1151750,TRUE,TRUE,FALSE,Mass within 25 ppm,0.805573278096293,Reliably detected
467,Maternal plasma,pn12,RLC_POS_MTB_1313961,904.9758,0.0992,positive,-0.676572462185653,0.000718510843685518,0.0362716997521973,Downregulated,,0,,rLC_pos_mtb_1120254,TRUE,TRUE,FALSE,Mass within 25 ppm,10.6081309999106,Reliably detected
468,Maternal plasma,pn12,RLC_POS_MTB_1338277,478.9891,0.1012667,positive,-0.691349673301153,0.00072760924385087,0.036540687026034,Downregulated,,0,,rLC_pos_mtb_1181030,TRUE,TRUE,FALSE,Mass within 25 ppm,4.5930274920174,Reliably detected
469,Maternal plasma,pn12,RLC_POS_MTB_1339654,561.9951,0.1012667,positive,-0.704506425852777,0.000866575387696124,0.0399864750171993,Downregulated,,0,,,,,,,,No matched supplement feature
470,Maternal plasma,pn12,RLC_POS_MTB_1344941,864.9572,0.1054,positive,-0.783505917879831,0.000352338887507435,0.0240990979878451,Downregulated,,0,,,,,,,,No matched supplement feature
471,Maternal plasma,pn12,RLC_POS_MTB_1367942,426.9915,0.1260667,positive,0.575483464896059,0.00135258422635349,0.0472922096036465,Upregulated,UDP,1,udp,rLC_pos_mtb_9275247,TRUE,TRUE,FALSE,Mass within 25 ppm,8.43115226438261,Reliably detected
472,Maternal plasma,pn12,RLC_POS_MTB_1370451,540.9385,0.1012667,positive,0.656122768729721,0.00130345370118278,0.0466189114343694,Upregulated,,0,,rLC_pos_mtb_1114193,TRUE,TRUE,FALSE,Mass within 25 ppm,1.4789133758408,Reliably detected
473,Maternal plasma,pn12,RLC_POS_MTB_1370504,542.9373,0.1012667,positive,0.705225225955032,0.00029690214124532,0.0213957175020094,Upregulated,,0,,rLC_pos_mtb_1144734,TRUE,TRUE,FALSE,Mass within 25 ppm,3.86786489445019,Reliably detected
474,Maternal plasma,pn12,RLC_POS_MTB_1370899,562.9873,0.1033333,positive,-0.77512283090702,0.000761220476889524,0.0370760274987523,Downregulated,,0,,,,,,,,No matched supplement feature
475,Maternal plasma,pn12,RLC_POS_MTB_1373930,704.9448,0.0992,positive,0.630688402176855,0.00132992307621175,0.0472171407186168,Upregulated,,0,,rLC_pos_mtb_1082477,TRUE,TRUE,FALSE,Mass within 25 ppm,3.5463895413013,Reliably detected
476,Maternal plasma,pn12,RLC_POS_MTB_1382719,1104.998,0.1136667,positive,-0.650091391574696,0.00116466802723438,0.0445705931630388,Downregulated,,0,,rLC_pos_mtb_1157136,TRUE,TRUE,FALSE,Mass within 25 ppm,3.6199029503163,Reliably detected
477,Maternal plasma,pn12,RLC_POS_MTB_1400066,247.0131,0.1343333,positive,0.715374632606132,0.000430987507899854,0.0271256261059697,Upregulated,Dimethylallyl diphosphate,2,dimethylallyldiphosphate,,,,,,,No matched supplement feature
478,Maternal plasma,pn12,RLC_POS_MTB_1400726,278.9545,0.1012667,positive,0.799381330420737,5.89123458512295e-05,0.00925263784719339,Upregulated,,0,,rLC_pos_mtb_2007506,TRUE,TRUE,FALSE,Mass within 25 ppm,0,Reliably detected
479,Maternal plasma,pn12,RLC_POS_MTB_1405575,502.9834,0.1364,positive,0.712724159193144,0.000188583415931727,0.0166926462001668,Upregulated,,0,,rLC_pos_mtb_953304,TRUE,TRUE,FALSE,Mass within 25 ppm,19.2853025913867,Reliably detected
480,Maternal plasma,pn12,RLC_POS_MTB_1406350,541.9428,0.0992,positive,0.831831624503699,1.45184660198214e-05,0.00474864824457762,Upregulated,,0,,rLC_pos_mtb_1079032,TRUE,TRUE,FALSE,Mass within 25 ppm,2.39878289449089,Reliably detected
481,Maternal plasma,pn12,RLC_POS_MTB_1408897,674.9382,0.1116,positive,-0.750829256188528,0.000219673729376128,0.0185980625653625,Downregulated,,0,,,,,,,,No matched supplement feature
482,Maternal plasma,pn12,RLC_POS_MTB_1409207,688.9716,0.1012667,positive,0.656930622220843,0.000741151819712518,0.0368426078254817,Upregulated,,0,,rLC_pos_mtb_1223894,TRUE,TRUE,FALSE,Mass within 25 ppm,0.580575791866596,Reliably detected
483,Maternal plasma,pn12,RLC_POS_MTB_1431546,152.9756,0.1054,positive,-0.768683828800305,3.38576723646536e-05,0.00705687739500168,Downregulated,,0,,,,,,,,No matched supplement feature
484,Maternal plasma,pn12,RLC_POS_MTB_1436733,526.9647,0.1198667,positive,0.602528697619156,0.0013479464077892,0.0472922096036465,Upregulated,6-Mercaptopurine ribonucleoside triphosphate,1,6mercaptopurineribonucleosidetriphosphate,rLC_pos_mtb_73343,TRUE,TRUE,FALSE,Mass within 25 ppm,2.27718719567971,Reliably detected
485,Maternal plasma,pn12,RLC_POS_MTB_1461076,361.9614,0.1260667,positive,0.655918406710401,0.00042222254592218,0.0269822145030693,Upregulated,,0,,rLC_pos_mtb_1048306,TRUE,TRUE,FALSE,Mass within 25 ppm,0.82881834550282,Reliably detected
486,Maternal plasma,pn12,RLC_POS_MTB_1489178,162.1127,0.1302,positive,-0.907782398004334,8.89821533527692e-07,0.000609162905227291,Downregulated,,0,,rLC_pos_mtb_1544214,TRUE,TRUE,FALSE,Mass within 25 ppm,1.23371115724091,Reliably detected
487,Maternal plasma,pn12,RLC_POS_MTB_1489452,174.0136,0.1116,positive,0.704785411771612,0.000116924501143578,0.0131258022156503,Upregulated,,0,,,,,,,,No matched supplement feature
488,Maternal plasma,pn12,RLC_POS_MTB_1489705,184.095,0.1198667,positive,-0.766571163724836,5.29916469137302e-05,0.00898051433478424,Downregulated,L-Normetanephrine,2,lnormetanephrine,rLC_pos_mtb_982200,TRUE,TRUE,FALSE,Mass within 25 ppm,2.71599640395654,Reliably detected
489,Maternal plasma,pn12,RLC_POS_MTB_1498812,600.9527,0.124,positive,0.798160197816714,7.89854551986629e-05,0.0107072241190635,Upregulated,,0,,rLC_pos_mtb_1813152,TRUE,TRUE,FALSE,Mass within 25 ppm,1.66402724227262,Reliably detected
490,Maternal plasma,pn12,RLC_POS_MTB_1634891,682.9539,0.124,positive,0.869490677711636,3.69378310564731e-05,0.00723272580838112,Upregulated,,0,,rLC_pos_mtb_957388,TRUE,FALSE,FALSE,Mass within 25 ppm,0.439268494850446,Detected
491,Maternal plasma,pn12,RLC_POS_MTB_1800051,616.9241,0.1343333,positive,0.737847769933285,2.84809459888343e-05,0.00666956653926529,Upregulated,,0,,rLC_pos_mtb_1115468,TRUE,TRUE,FALSE,Mass within 25 ppm,0.972567911520755,Reliably detected
492,Maternal plasma,pn12,RLC_POS_MTB_183375,219.0883,0.03513333,positive,-0.647079456483216,0.000669105565420962,0.0349612166730063,Downregulated,salsoline-1-carboxylate,2,salsoline1carboxylate,,,,,,,No matched supplement feature
493,Maternal plasma,pn12,RLC_POS_MTB_184534,237.0973,0.031,positive,0.969546578168241,0.00014445898839369,0.0147595537144492,Upregulated,salsoline-1-carboxylate,2,salsoline1carboxylate,rLC_pos_mtb_5873,TRUE,TRUE,FALSE,Mass within 25 ppm,6.74832989377821,Reliably detected
494,Maternal plasma,pn12,RLC_POS_MTB_1861312,558.9349,0.124,positive,0.622783332811547,0.00141177390371883,0.0480160652016068,Upregulated,,0,,,,,,,,No matched supplement feature
495,Maternal plasma,pn12,RLC_POS_MTB_2134310,136.9387,0.124,positive,-0.609554071063641,0.00146227278022311,0.0488401068613867,Downregulated,,0,,rLC_pos_mtb_1668002,TRUE,TRUE,FALSE,Mass within 25 ppm,5.84199591789174,Reliably detected
496,Maternal plasma,pn12,RLC_POS_MTB_2234080,200.0712,0.1198667,positive,-0.92635775550575,5.99758950752032e-07,0.000430604713345487,Downregulated,,0,,rLC_pos_mtb_1071601,TRUE,TRUE,FALSE,Mass within 25 ppm,12.4957077243853,Reliably detected
497,Maternal plasma,pn12,RLC_POS_MTB_2286626,164.0678,0.1736,positive,0.610716433444217,0.00119906524809249,0.0449591486156149,Upregulated,,0,,,,,,,,No matched supplement feature
498,Maternal plasma,pn12,RLC_POS_MTB_2287514,221.1725,0.1922,positive,-0.724895253674434,0.000219703705311737,0.0185980625653625,Downregulated,"7-alpha,27-Dihydroxycholesterol",10,7alpha27dihydroxycholesterol,,,,,,,No matched supplement feature
499,Maternal plasma,pn12,RLC_POS_MTB_2463210,207.1113,0.1674,positive,-0.680126018609639,0.000626529085385471,0.0338308254044495,Downregulated,,0,,,,,,,,No matched supplement feature
500,Maternal plasma,pn12,RLC_POS_MTB_2498083,403.2176,0.1818667,positive,-0.693689214725959,0.00151246187991035,0.049693344986546,Downregulated,,0,,,,,,,,No matched supplement feature
501,Maternal plasma,pn12,RLC_POS_MTB_2499714,531.7852,0.1839333,positive,-0.582747663046465,0.0014638174922087,0.0488401068613867,Downregulated,,0,,,,,,,,No matched supplement feature
502,Maternal plasma,pn12,RLC_POS_MTB_2502245,716.4591,0.1922,positive,-0.781878566684827,0.000136369137941684,0.014366933364128,Downregulated,,0,,,,,,,,No matched supplement feature
503,Maternal plasma,pn12,RLC_POS_MTB_2612602,203.1396,0.186,positive,-0.825770002702162,3.34239672976073e-06,0.00161980901516029,Downregulated,,0,,rLC_pos_mtb_1544729,TRUE,TRUE,FALSE,Mass within 25 ppm,2.95364257966957,Reliably detected
504,Maternal plasma,pn12,RLC_POS_MTB_2651867,153.0657,0.2004667,positive,0.83686105289221,1.67509786648971e-05,0.00479319004547627,Upregulated,N1-Methyl-2-pyridone-5-carboxamide,2,n1methyl2pyridone5carboxamide,,,,,,,No matched supplement feature
505,Maternal plasma,pn12,RLC_POS_MTB_2658542,622.1165,0.186,positive,0.805605974827113,0.00122127366857264,0.0456153951161476,Upregulated,,0,,,,,,,,No matched supplement feature
506,Maternal plasma,pn12,RLC_POS_MTB_2678739,259.1711,0.1922,positive,0.801530338316639,0.00110516512558767,0.0439896585860648,Upregulated,"17beta-estradiol-2,3-semiquinone",7,17betaestradiol23semiquinone,,,,,,,No matched supplement feature
507,Maternal plasma,pn12,RLC_POS_MTB_2678820,265.1927,0.2149333,positive,-0.694826730879803,0.000511856331962007,0.0299768428854487,Downregulated,Retinoate,2,retinoate,,,,,,,No matched supplement feature
508,Maternal plasma,pn12,RLC_POS_MTB_2678970,276.1442,0.1922,positive,-0.673510285280689,0.000869688926117873,0.0399864750171993,Downregulated,,0,,,,,,,,No matched supplement feature
509,Maternal plasma,pn12,RLC_POS_MTB_2679130,286.2021,0.2025333,positive,1.33151165402264,4.00560635550937e-17,3.88243396007746e-13,Upregulated,,0,,,,,,,,No matched supplement feature
510,Maternal plasma,pn12,RLC_POS_MTB_2682246,439.2007,0.1818667,positive,-0.599840295765814,0.00151100550280363,0.049693344986546,Downregulated,,0,,rLC_pos_mtb_2635598,TRUE,TRUE,FALSE,Mass within 25 ppm,0.455372887796438,Reliably detected
511,Maternal plasma,pn12,RLC_POS_MTB_2683987,523.1725,0.1839333,positive,-0.686060112749014,0.00124321332119715,0.0457342676663237,Downregulated,,0,,,,,,,,No matched supplement feature
512,Maternal plasma,pn12,RLC_POS_MTB_2684088,529.3839,0.1880667,positive,-0.6957911083079,0.000758541540260569,0.0370386089620935,Downregulated,,0,,,,,,,,No matched supplement feature
513,Maternal plasma,pn12,RLC_POS_MTB_2713108,126.0917,0.1901333,positive,-0.724938328588836,0.000139581432844278,0.0145472369660555,Downregulated,Norepinephrine,3,norepinephrine,,,,,,,No matched supplement feature
514,Maternal plasma,pn12,RLC_POS_MTB_2713916,251.1758,0.1880667,positive,0.810564363507395,0.000996403806713121,0.0423580872656444,Upregulated,3-Hydroxylidocaine,1,3hydroxylidocaine,rLC_pos_mtb_2823349,TRUE,TRUE,FALSE,Mass within 25 ppm,2.78690045320272,Reliably detected
515,Maternal plasma,pn12,RLC_POS_MTB_2714195,287.1971,0.1963333,positive,1.03013027842633,3.98042951601694e-09,7.01460237890804e-06,Upregulated,,0,,,,,,,,No matched supplement feature
516,Maternal plasma,pn12,RLC_POS_MTB_2714397,310.2022,0.1963333,positive,0.823736296182593,0.000240480810241853,0.0193346434976578,Upregulated,,0,,,,,,,,No matched supplement feature
517,Maternal plasma,pn12,RLC_POS_MTB_2734906,185.0819,0.2025333,positive,-0.80886156406135,0.000178874457128115,0.0161278202392024,Downregulated,Choline phosphate,3,cholinephosphate,,,,,,,No matched supplement feature
518,Maternal plasma,pn12,RLC_POS_MTB_2734907,185.1291,0.1922,positive,-0.888971255450335,8.78875599170454e-06,0.00327634682498447,Downregulated,,0,,,,,,,,No matched supplement feature
519,Maternal plasma,pn12,RLC_POS_MTB_2735115,218.1394,0.1922,positive,-0.660108077685773,0.00098100184306339,0.0420723909906722,Downregulated,Ecgonine methyl ester,3,ecgoninemethylester,rLC_pos_mtb_2735014,TRUE,TRUE,FALSE,Mass within 25 ppm,4.58424559822927,Reliably detected
520,Maternal plasma,pn12,RLC_POS_MTB_2735224,232.155,0.1963333,positive,-0.932797537182796,3.83117179960612e-07,0.000309446938897353,Downregulated,,0,,rLC_pos_mtb_2979513,TRUE,TRUE,FALSE,Mass within 25 ppm,6.89199468970203,Reliably detected
521,Maternal plasma,pn12,RLC_POS_MTB_2735235,233.155,0.2004667,positive,-0.690432611532438,0.000106982839669325,0.0126455021157919,Downregulated,,0,,,,,,,,No matched supplement feature
522,Maternal plasma,pn12,RLC_POS_MTB_2735380,245.1039,0.186,positive,-0.726584591626424,0.000967861965501326,0.0420672739938188,Downregulated,Monoethylglycinexylidide,1,monoethylglycinexylidide,rLC_pos_mtb_2919217,TRUE,TRUE,FALSE,Mass within 25 ppm,10.1998601395085,Reliably detected
523,Maternal plasma,pn12,RLC_POS_MTB_2739338,555.3649,0.2025333,positive,-0.626095659990621,0.000472040303345526,0.0285235277102634,Downregulated,,0,,,,,,,,No matched supplement feature
524,Maternal plasma,pn12,RLC_POS_MTB_2739598,574.2863,0.1963333,positive,-0.571895669736552,0.00115680709641261,0.0445705931630388,Downregulated,D-Urobilinogen,1,durobilinogen,,,,,,,No matched supplement feature
525,Maternal plasma,pn12,RLC_POS_MTB_2740450,632.6266,0.2314667,positive,-0.712987150801952,0.000244378321083377,0.0194949537209929,Downregulated,,0,,,,,,,,No matched supplement feature
526,Maternal plasma,pn12,RLC_POS_MTB_2761134,246.1676,0.1942667,positive,-0.7869278574715,0.000978762865821589,0.0420723909906722,Downregulated,,0,,rLC_pos_mtb_3003957,TRUE,TRUE,FALSE,Mass within 25 ppm,5.68714988490855,Reliably detected
527,Maternal plasma,pn12,RLC_POS_MTB_2762161,311.194,0.1736,positive,0.826777078139882,4.14238798023668e-05,0.00772117221123923,Upregulated,,0,,,,,,,,No matched supplement feature
528,Maternal plasma,pn12,RLC_POS_MTB_2766861,582.297,0.2004667,positive,-0.624447251818407,0.00096066313358062,0.0420672739938188,Downregulated,,0,,rLC_pos_mtb_2671270,TRUE,TRUE,FALSE,Mass within 25 ppm,1.37387123602482,Reliably detected
529,Maternal plasma,pn12,RLC_POS_MTB_2820243,482.3246,0.2066667,positive,-0.735704726243642,0.000646367452232424,0.0345174464504836,Downregulated,,0,,,,,,,,No matched supplement feature
530,Maternal plasma,pn12,RLC_POS_MTB_2820747,508.3428,0.2025333,positive,-0.745354550829326,0.00097701897534853,0.0420723909906722,Downregulated,,0,,,,,,,,No matched supplement feature
531,Maternal plasma,pn12,RLC_POS_MTB_2853990,186.1342,0.2066667,positive,-0.80123819009164,6.4638835830141e-06,0.00261046631784851,Downregulated,,0,,,,,,,,No matched supplement feature
532,Maternal plasma,pn12,RLC_POS_MTB_2858944,469.3163,0.2252667,positive,-0.716235781740653,0.00074812601144152,0.0368775606144493,Downregulated,,0,,,,,,,,No matched supplement feature
533,Maternal plasma,pn12,RLC_POS_MTB_2891607,494.3253,0.2087333,positive,-0.686727120212148,0.000920731518988979,0.0413758663079836,Downregulated,cervonyl carnitine,1,cervonylcarnitine,rLC_pos_mtb_2827004,TRUE,TRUE,FALSE,Mass within 25 ppm,3.84363758631425,Reliably detected
534,Maternal plasma,pn12,RLC_POS_MTB_2913467,286.2317,0.2066667,positive,-0.640194707088351,0.00124866759809063,0.0457342676663237,Downregulated,arachidonic acid,2,arachidonicacid,,,,,,,No matched supplement feature
535,Maternal plasma,pn12,RLC_POS_MTB_2924451,885.8326,0.2149333,positive,-0.766741434258146,0.000712642880863742,0.036069405340845,Downregulated,,0,,,,,,,,No matched supplement feature
536,Maternal plasma,pn12,RLC_POS_MTB_2957829,863.3235,0.2108,positive,-0.676503627904835,0.000916710144299141,0.0413265724354392,Downregulated,,0,,rLC_pos_mtb_2957252,TRUE,TRUE,FALSE,Mass within 25 ppm,11.3516095017691,Reliably detected
537,Maternal plasma,pn12,RLC_POS_MTB_2960771,992.6759,0.2087333,positive,-0.823928472532666,5.02399432742182e-05,0.00896777252202286,Downregulated,,0,,,,,,,,No matched supplement feature
538,Maternal plasma,pn12,RLC_POS_MTB_2985677,511.3577,0.2232,positive,-0.858811873228853,3.07500674743774e-06,0.00158810109415125,Downregulated,,0,,,,,,,,No matched supplement feature
539,Maternal plasma,pn12,RLC_POS_MTB_2990100,803.692,0.2335333,positive,-0.643794800164398,0.000927143026203069,0.0414116764123191,Downregulated,,0,,,,,,,,No matched supplement feature
540,Maternal plasma,pn12,RLC_POS_MTB_2991012,864.3259,0.2128667,positive,-0.828946998495012,1.15767153081095e-05,0.00408026593177641,Downregulated,,0,,,,,,,,No matched supplement feature
541,Maternal plasma,pn12,RLC_POS_MTB_2993167,991.6679,0.2128667,positive,-0.72025590126951,0.000607978537992621,0.033292836042336,Downregulated,,0,,,,,,,,No matched supplement feature
542,Maternal plasma,pn12,RLC_POS_MTB_3014483,497.3458,0.2190667,positive,-0.864873723673996,1.30062276303128e-05,0.0043469952174761,Downregulated,,0,,rLC_pos_mtb_3044952,TRUE,TRUE,FALSE,Mass within 25 ppm,6.43419646736986,Reliably detected
543,Maternal plasma,pn12,RLC_POS_MTB_3014498,498.3478,0.2190667,positive,-0.824452017925271,4.11388099545309e-05,0.00772117221123923,Downregulated,,0,,rLC_pos_mtb_2948634,TRUE,TRUE,FALSE,Mass within 25 ppm,6.22059389819465,Reliably detected
544,Maternal plasma,pn12,RLC_POS_MTB_3018481,714.4255,0.2149333,positive,-0.619721135949704,0.000286202174351943,0.021256816665948,Downregulated,,0,,rLC_pos_mtb_2986302,TRUE,TRUE,FALSE,Mass within 25 ppm,0.839836349596384,Reliably detected
545,Maternal plasma,pn12,RLC_POS_MTB_3047288,496.343,0.2190667,positive,-0.867292220689384,9.60407506177786e-06,0.00350381224018432,Downregulated,"docosa-4,7,10,13,16-pentaenoyl carnitine",2,docosa47101316pentaenoylcarnitine,rLC_pos_mtb_3009274,TRUE,TRUE,FALSE,Mass within 25 ppm,4.63391376123515,Reliably detected
546,Maternal plasma,pn12,RLC_POS_MTB_3047436,504.8488,0.2066667,positive,-0.708926049059694,2.19711490758771e-05,0.0056040884846826,Downregulated,,0,,,,,,,,No matched supplement feature
547,Maternal plasma,pn12,RLC_POS_MTB_3048455,572.3549,0.2356,positive,-0.758348595813898,0.000644162440781444,0.0344947207584207,Downregulated,,0,,,,,,,,No matched supplement feature
548,Maternal plasma,pn12,RLC_POS_MTB_3052585,836.6241,0.1942667,positive,-0.686280809113444,0.000870481942597788,0.0399864750171993,Downregulated,,0,,rLC_pos_mtb_5248104,TRUE,TRUE,FALSE,Mass within 25 ppm,20.2006389617065,Reliably detected
549,Maternal plasma,pn12,RLC_POS_MTB_3053372,883.5723,0.2211333,positive,-0.574499117868221,0.000428957143140006,0.0270857792174887,Downregulated,,0,,rLC_pos_mtb_3052136,TRUE,TRUE,FALSE,Mass within 25 ppm,0.905416256665768,Reliably detected
550,Maternal plasma,pn12,RLC_POS_MTB_3075287,510.3567,0.2190667,positive,-0.772135810161719,6.57185595718656e-05,0.00971616831766031,Downregulated,,0,,,,,,,,No matched supplement feature
551,Maternal plasma,pn12,RLC_POS_MTB_3075323,512.3552,0.2252667,positive,-0.736205828292016,3.60243384725015e-05,0.00719929692050971,Downregulated,,0,,,,,,,,No matched supplement feature
552,Maternal plasma,pn12,RLC_POS_MTB_3075934,548.3659,0.2211333,positive,-0.647457401058319,0.000141772651832356,0.0146184194455863,Downregulated,,0,,,,,,,,No matched supplement feature
553,Maternal plasma,pn12,RLC_POS_MTB_3108990,594.3743,0.217,positive,-0.6768711517801,0.000536388419314913,0.03058202796594,Downregulated,,0,,rLC_pos_mtb_2984575,TRUE,TRUE,FALSE,Mass within 25 ppm,0.504732200935876,Reliably detected
554,Maternal plasma,pn12,RLC_POS_MTB_3138734,499.3525,0.217,positive,-0.723235910126485,0.000444388116448409,0.0274447602862129,Downregulated,,0,,,,,,,,No matched supplement feature
555,Maternal plasma,pn12,RLC_POS_MTB_3139973,569.235,0.2025333,positive,-0.625066173837962,0.00105953209500892,0.0437932402169465,Downregulated,,0,,,,,,,,No matched supplement feature
556,Maternal plasma,pn12,RLC_POS_MTB_3149394,1052.717,0.2211333,positive,-0.721386957781546,2.57837904978178e-05,0.00617060220740985,Downregulated,,0,,rLC_pos_mtb_3021944,TRUE,TRUE,FALSE,Mass within 25 ppm,0.949923816303473,Reliably detected
557,Maternal plasma,pn12,RLC_POS_MTB_3169713,431.2368,0.2273333,positive,-0.633961197886007,0.000829351145674025,0.0391989938514474,Downregulated,,0,,rLC_pos_mtb_2885680,TRUE,TRUE,FALSE,Mass within 25 ppm,20.6378869400502,Reliably detected
558,Maternal plasma,pn12,RLC_POS_MTB_3176645,813.6833,0.2211333,positive,-0.670118568997137,0.000273692240837976,0.0208059768182124,Downregulated,,0,,rLC_pos_mtb_6238224,TRUE,TRUE,TRUE,Mass within 25 ppm,0.491591994883116,Supplement-abundant
559,Maternal plasma,pn12,RLC_POS_MTB_3201491,480.4254,0.2273333,positive,0.836442734290286,1.52333954966372e-05,0.00474864824457762,Upregulated,,0,,,,,,,,No matched supplement feature
560,Maternal plasma,pn12,RLC_POS_MTB_3201507,481.3483,0.2459333,positive,-0.678579167112079,0.000403386809457112,0.0262404473198863,Downregulated,,0,,,,,,,,No matched supplement feature
561,Maternal plasma,pn12,RLC_POS_MTB_3202335,536.3541,0.2190667,positive,-0.744042698530767,3.81599150063699e-05,0.00725844395618897,Downregulated,,0,,,,,,,,No matched supplement feature
562,Maternal plasma,pn12,RLC_POS_MTB_3207079,812.6184,0.2190667,positive,-0.841205119377887,0.000126242503679877,0.0137483760327776,Downregulated,,0,,rLC_pos_mtb_6238203,TRUE,TRUE,FALSE,Mass within 25 ppm,5.16850431603201,Reliably detected
563,Maternal plasma,pn12,RLC_POS_MTB_3224378,122.0434,0.2397333,positive,0.622653255850861,0.000697588908990497,0.0354928110256713,Upregulated,,0,,rLC_pos_mtb_1568665,TRUE,TRUE,FALSE,Mass within 25 ppm,4.91630804935406,Reliably detected
564,Maternal plasma,pn12,RLC_POS_MTB_3225566,184.0738,0.217,positive,-0.868742704788678,3.3609266554323e-05,0.00705687739500168,Downregulated,Choline phosphate,2,cholinephosphate,rLC_pos_mtb_240413,TRUE,TRUE,FALSE,Mass within 25 ppm,4.34610181829022,Reliably detected
565,Maternal plasma,pn12,RLC_POS_MTB_3226880,251.0473,0.2066667,positive,0.7248243085376,0.0013704806453466,0.0472922096036465,Upregulated,,0,,,,,,,,No matched supplement feature
566,Maternal plasma,pn12,RLC_POS_MTB_3266717,785.5906,0.1963333,positive,0.715863582769757,0.00105798829430612,0.0437932402169465,Upregulated,,0,,rLC_pos_mtb_5283725,TRUE,TRUE,FALSE,Mass within 25 ppm,4.58256055663577,Reliably detected
567,Maternal plasma,pn12,RLC_POS_MTB_3283937,153.0655,0.2438667,positive,0.890939502015833,2.08290130701256e-06,0.00115362976675539,Upregulated,N1-Methyl-2-pyridone-5-carboxamide,2,n1methyl2pyridone5carboxamide,,,,,,,No matched supplement feature
568,Maternal plasma,pn12,RLC_POS_MTB_3296389,818.7059,0.2190667,positive,-0.667543518576027,0.00120214645571317,0.0449876622471039,Downregulated,,0,,,,,,,,No matched supplement feature
569,Maternal plasma,pn12,RLC_POS_MTB_3296770,837.6653,0.2376667,positive,-0.804645697457023,0.000179865681581997,0.0161421122104954,Downregulated,,0,,rLC_pos_mtb_6275712,TRUE,TRUE,FALSE,Mass within 25 ppm,0.596896757618822,Reliably detected
570,Maternal plasma,pn12,RLC_POS_MTB_3357272,538.3872,0.2356,positive,-0.577618238680208,0.00124265417736616,0.0457342676663237,Downregulated,,0,,,,,,,,No matched supplement feature
571,Maternal plasma,pn12,RLC_POS_MTB_3358881,628.5406,0.2604,positive,-0.733353525382541,0.0001012371533366,0.0124998867352229,Downregulated,,0,,rLC_pos_mtb_3431489,TRUE,TRUE,FALSE,Mass within 25 ppm,2.22737700899802,Reliably detected
572,Maternal plasma,pn12,RLC_POS_MTB_3386850,,,positive,0.950848368510326,1.50220759593721e-05,0.00474864824457762,Upregulated,,,,,,,,,,No matched supplement feature
573,Maternal plasma,pn12,RLC_POS_MTB_3416970,251.1754,0.2376667,positive,0.835051111996792,0.000832155840623194,0.0391989938514474,Upregulated,3-Hydroxylidocaine,1,3hydroxylidocaine,rLC_pos_mtb_2823349,TRUE,TRUE,FALSE,Mass within 25 ppm,1.19438590851545,Reliably detected
574,Maternal plasma,pn12,RLC_POS_MTB_3417659,286.1984,0.2397333,positive,1.26202553100033,1.23250818431059e-14,4.77843423057216e-11,Upregulated,,0,,,,,,,,No matched supplement feature
575,Maternal plasma,pn12,RLC_POS_MTB_3419884,401.3842,0.2190667,positive,0.805805446418617,0.000158380392445041,0.0154281603394328,Upregulated,,0,,rLC_pos_mtb_3230625,TRUE,TRUE,FALSE,Mass within 25 ppm,14.2010595984765,Reliably detected
576,Maternal plasma,pn12,RLC_POS_MTB_3420955,461.2877,0.2335333,positive,0.644988449089054,0.000468908301258063,0.0284946314103058,Upregulated,,0,,rLC_pos_mtb_2668837,TRUE,TRUE,FALSE,Mass within 25 ppm,7.15393800433624,Reliably detected
577,Maternal plasma,pn12,RLC_POS_MTB_3478175,384.2343,0.2500667,positive,0.695117727418233,0.00145801927029888,0.0488401068613867,Upregulated,,0,,,,,,,,No matched supplement feature
578,Maternal plasma,pn12,RLC_POS_MTB_3487387,815.701,0.2459333,positive,-0.732674997798171,0.000231395349759161,0.0189265774476006,Downregulated,,0,,rLC_pos_mtb_3406919,TRUE,TRUE,FALSE,Mass within 25 ppm,0.490376003172339,Reliably detected
579,Maternal plasma,pn12,RLC_POS_MTB_3487398,816.7021,0.2459333,positive,-0.74859677842408,0.000163159452056703,0.0156619778656571,Downregulated,,0,,,,,,,,No matched supplement feature
580,Maternal plasma,pn12,RLC_POS_MTB_3487874,836.6159,0.2707333,positive,-1.04352491752373,1.97538339734799e-06,0.00114314862091971,Downregulated,,0,,rLC_pos_mtb_5248104,TRUE,TRUE,FALSE,Mass within 25 ppm,10.3991455009904,Reliably detected
581,Maternal plasma,pn12,RLC_POS_MTB_3518368,539.3851,0.2459333,positive,-0.662516883522842,0.00099932233645093,0.0423843834058221,Downregulated,,0,,,,,,,,No matched supplement feature
582,Maternal plasma,pn12,RLC_POS_MTB_3554958,674.5323,0.2438667,positive,-0.677714435963613,3.47223527938419e-05,0.00707239015062812,Downregulated,,0,,,,,,,,No matched supplement feature
583,Maternal plasma,pn12,RLC_POS_MTB_3612753,245.1372,0.2500667,positive,0.67133576923985,0.00143448917389175,0.0483609958885071,Upregulated,,0,,rLC_pos_mtb_2851279,TRUE,TRUE,FALSE,Mass within 25 ppm,6.11905976972327,Reliably detected
584,Maternal plasma,pn12,RLC_POS_MTB_3647731,526.3771,0.2397333,positive,-0.615466789557682,0.00119144005936877,0.0449339796709409,Downregulated,,0,,rLC_pos_mtb_3497050,TRUE,TRUE,FALSE,Mass within 25 ppm,8.35909613099688,Reliably detected
585,Maternal plasma,pn12,RLC_POS_MTB_3714988,810.6022,0.2686667,positive,-0.754991828020737,0.000862736421036974,0.0399144284529875,Downregulated,,0,,rLC_pos_mtb_5691820,TRUE,TRUE,TRUE,Mass within 25 ppm,2.34394189107936,Supplement-abundant
586,Maternal plasma,pn12,RLC_POS_MTB_3748009,811.6046,0.2728,positive,-0.787059266395874,0.000477548851900041,0.0285718657224762,Downregulated,,0,,rLC_pos_mtb_5651159,TRUE,TRUE,FALSE,Mass within 25 ppm,2.71068690779646,Reliably detected
587,Maternal plasma,pn12,RLC_POS_MTB_3783470,809.5879,0.2707333,positive,-0.791692725484944,0.000446507144017839,0.0274779078945581,Downregulated,,0,,rLC_pos_mtb_5039121,TRUE,TRUE,FALSE,Mass within 25 ppm,3.7056027107753,Reliably detected
588,Maternal plasma,pn12,RLC_POS_MTB_3812509,808.5865,0.2748667,positive,-0.870071509638032,6.61611667748858e-05,0.00971616831766031,Downregulated,,0,,rLC_pos_mtb_5039115,TRUE,TRUE,FALSE,Mass within 25 ppm,5.5652982628939,Reliably detected
589,Maternal plasma,pn12,RLC_POS_MTB_3842394,654.4445,0.2728,positive,-0.582679003262735,0.00142667664539576,0.0483493469956582,Downregulated,,0,,rLC_pos_mtb_3740490,TRUE,TRUE,FALSE,Mass within 25 ppm,2.90323398870704,Reliably detected
590,Maternal plasma,pn12,RLC_POS_MTB_3877103,834.6009,0.2748667,positive,-0.750571454728165,9.83724086814881e-05,0.0123028976921977,Downregulated,,0,,rLC_pos_mtb_5544766,TRUE,TRUE,FALSE,Mass within 25 ppm,0.119817761946667,Reliably detected
591,Maternal plasma,pn12,RLC_POS_MTB_3937184,872.5745,0.2769333,positive,-0.729670022435772,7.71696364474512e-05,0.0105347422713651,Downregulated,,0,,,,,,,,No matched supplement feature
592,Maternal plasma,pn12,RLC_POS_MTB_4100147,803.6053,0.2996667,positive,-0.634252456196821,0.00135553557142988,0.0472922096036465,Downregulated,,0,,,,,,,,No matched supplement feature
593,Maternal plasma,pn12,RLC_POS_MTB_4216333,547.5269,0.3038,positive,-0.811212802196417,2.16589791615745e-05,0.00559812414729496,Downregulated,,0,,,,,,,,No matched supplement feature
594,Maternal plasma,pn12,RLC_POS_MTB_4220963,784.495,0.2976,positive,-0.66259588450724,0.00125668465439527,0.0457711736216756,Downregulated,,0,,rLC_pos_mtb_4141071,TRUE,TRUE,FALSE,Mass within 25 ppm,11.5999535491835,Reliably detected
595,Maternal plasma,pn12,RLC_POS_MTB_4221415,809.5861,0.2831333,positive,-0.862653007326002,0.00015327905722058,0.0150388744398556,Downregulated,,0,,rLC_pos_mtb_5039121,TRUE,TRUE,FALSE,Mass within 25 ppm,1.4822410843382,Reliably detected
596,Maternal plasma,pn12,RLC_POS_MTB_4346841,795.5087,0.2976,positive,-0.731744122773128,0.000526397456484706,0.030460342370018,Downregulated,,0,,,,,,,,No matched supplement feature
597,Maternal plasma,pn12,RLC_POS_MTB_4380559,813.618,0.2314667,positive,-0.736090389340028,0.000505763704416423,0.0298000893924388,Downregulated,,0,,rLC_pos_mtb_5348601,TRUE,TRUE,FALSE,Mass within 25 ppm,12.5367529662995,Reliably detected
598,Maternal plasma,pn12,RLC_POS_MTB_4469698,755.5947,0.2996667,positive,-0.614199212245376,0.00113782615114404,0.0443833769456012,Downregulated,,0,,rLC_pos_mtb_4750619,TRUE,TRUE,FALSE,Mass within 25 ppm,13.6318325259617,Reliably detected
599,Maternal plasma,pn12,RLC_POS_MTB_453239,176.0672,0.03926667,positive,0.90482701841679,6.10058800274019e-05,0.00938570622485068,Upregulated,Dopamine,1,dopamine,rLC_pos_mtb_477318,TRUE,TRUE,TRUE,Mass within 25 ppm,12.4950729654771,Supplement-abundant
600,Maternal plasma,pn12,RLC_POS_MTB_4619765,430.3789,0.3389333,positive,0.642152618330282,0.00109175551528989,0.0439896585860648,Upregulated,alpha-Tocopherol,1,alphatocopherol,rLC_pos_mtb_2668185,TRUE,TRUE,FALSE,Mass within 25 ppm,5.34415672225462,Reliably detected
601,Maternal plasma,pn12,RLC_POS_MTB_4749,348.0213,0.002066667,positive,0.721994755229148,0.00108484610607818,0.0439896585860648,Upregulated,,0,,rLC_pos_mtb_1124,TRUE,TRUE,FALSE,Mass within 25 ppm,9.76961242510567,Reliably detected
602,Maternal plasma,pn12,RLC_POS_MTB_4807535,585.2676,0.3348,positive,-0.63808785698334,0.000395231739577207,0.0258171050446403,Downregulated,Bilirubin,1,bilirubin,,,,,,,No matched supplement feature
603,Maternal plasma,pn12,RLC_POS_MTB_4812232,858.6013,0.3616667,positive,-0.754369636698157,5.91863344365221e-05,0.00925263784719339,Downregulated,,0,,rLC_pos_mtb_6133132,TRUE,TRUE,FALSE,Mass within 25 ppm,9.66697841710401,Reliably detected
604,Maternal plasma,pn12,RLC_POS_MTB_4890219,431.3847,0.3513333,positive,0.6504464343133,0.00110284414597871,0.0439896585860648,Upregulated,alpha-Tocopherol,1,alphatocopherol,rLC_pos_mtb_3074117,TRUE,TRUE,FALSE,Mass within 25 ppm,16.4583564174838,Reliably detected
605,Maternal plasma,pn12,RLC_POS_MTB_489674,106.0512,0.0372,positive,0.661934131015247,0.000816493033881038,0.0388887406923438,Upregulated,,0,,,,,,,,No matched supplement feature
606,Maternal plasma,pn12,RLC_POS_MTB_4967366,1562.108,0.3575333,positive,-0.665243196428403,0.00136295711434323,0.0472922096036465,Downregulated,,0,,,,,,,,No matched supplement feature
607,Maternal plasma,pn12,RLC_POS_MTB_4981585,797.6465,0.3554667,positive,-0.666968802931558,0.000693644959182712,0.035385019825676,Downregulated,,0,,,,,,,,No matched supplement feature
608,Maternal plasma,pn12,RLC_POS_MTB_5088828,831.6883,0.3616667,positive,0.718948153050221,0.000858920600405383,0.0398329565522927,Upregulated,,0,,,,,,,,No matched supplement feature
609,Maternal plasma,pn12,RLC_POS_MTB_516144,231.0975,0.03306667,positive,-0.62973356678109,0.000626219960742446,0.0338308254044495,Downregulated,,0,,rLC_pos_mtb_785129,TRUE,TRUE,FALSE,Mass within 25 ppm,1.73086817324294,Reliably detected
610,Maternal plasma,pn12,RLC_POS_MTB_516334,243.1066,0.031,positive,0.734357883853764,0.000534968871286187,0.03058202796594,Upregulated,,0,,rLC_pos_mtb_241980,TRUE,TRUE,FALSE,Mass within 25 ppm,2.87938700328307,Reliably detected
611,Maternal plasma,pn12,RLC_POS_MTB_5257313,773.5884,0.3658,positive,-0.594569218318614,0.00107832748109984,0.0439896585860648,Downregulated,,0,,rLC_pos_mtb_5382124,TRUE,TRUE,FALSE,Mass within 25 ppm,3.23168227554715,Reliably detected
612,Maternal plasma,pn12,RLC_POS_MTB_5318763,770.6042,0.3699333,positive,0.684739763908351,0.00108886609365992,0.0439896585860648,Upregulated,,0,,rLC_pos_mtb_5724186,TRUE,TRUE,FALSE,Mass within 25 ppm,3.24421812194404,Reliably detected
613,Maternal plasma,pn12,RLC_POS_MTB_5671369,840.6262,0.4133333,positive,-0.686836157058469,0.000123220908674668,0.0134951260715166,Downregulated,,0,,,,,,,,No matched supplement feature
614,Maternal plasma,pn12,RLC_POS_MTB_5755246,747.6092,0.4050667,positive,0.717582908231141,0.00122946114293665,0.0456584606606761,Upregulated,,0,,rLC_pos_mtb_5853648,TRUE,TRUE,FALSE,Mass within 25 ppm,5.35041757336506,Reliably detected
615,Maternal plasma,pn12,RLC_POS_MTB_5784287,746.6069,0.4050667,positive,0.688319853984058,0.00119814806575027,0.0449591486156149,Upregulated,,0,,rLC_pos_mtb_4785820,TRUE,TRUE,FALSE,Mass within 25 ppm,12.590134986375,Reliably detected
616,Maternal plasma,pn12,RLC_POS_MTB_5784813,771.6087,0.3782,positive,0.788837208025472,0.000361697213634952,0.0244303152833225,Upregulated,,0,,,,,,,,No matched supplement feature
617,Maternal plasma,pn12,RLC_POS_MTB_5813674,644.5319,0.4236667,positive,0.821201606952266,6.60553297389691e-05,0.00971616831766031,Upregulated,,0,,,,,,,,No matched supplement feature
618,Maternal plasma,pn12,RLC_POS_MTB_603108,132.066,0.05166667,positive,-0.681812539631972,0.000444552733034348,0.0274447602862129,Downregulated,N-Formyl-L-glutamate,8,nformyllglutamate,rLC_pos_mtb_9546812,TRUE,TRUE,FALSE,Mass within 25 ppm,6.05761396642064,Reliably detected
619,Maternal plasma,pn12,RLC_POS_MTB_6192338,632.627,0.5022,positive,-0.623035701564761,0.000751438557787335,0.0368775606144493,Downregulated,,0,,,,,,,,No matched supplement feature
620,Maternal plasma,pn12,RLC_POS_MTB_6217923,838.633,0.4422667,positive,-0.658172162424897,0.000197925594452941,0.0172053257778936,Downregulated,,0,,rLC_pos_mtb_6560832,TRUE,TRUE,FALSE,Mass within 25 ppm,0.238483398292414,Reliably detected
621,Maternal plasma,pn12,RLC_POS_MTB_6245295,839.6368,0.434,positive,-0.585534476991168,0.00127893409260508,0.0461678536036303,Downregulated,,0,,rLC_pos_mtb_6726871,TRUE,TRUE,FALSE,Mass within 25 ppm,5.47858931563389,Reliably detected
622,Maternal plasma,pn12,RLC_POS_MTB_6302353,655.565,0.4154,positive,-0.80121849691326,3.50244753397111e-05,0.00707239015062812,Downregulated,,0,,,,,,,,No matched supplement feature
623,Maternal plasma,pn12,RLC_POS_MTB_6456587,835.663,0.4402,positive,-0.669500689056831,7.98379614944456e-06,0.00309531776713966,Downregulated,,0,,rLC_pos_mtb_6204570,TRUE,TRUE,FALSE,Mass within 25 ppm,0.478661623822796,Reliably detected
624,Maternal plasma,pn12,RLC_POS_MTB_656984,166.0259,0.0496,positive,-0.782824709366704,0.000845888174951418,0.0393226433367704,Downregulated,delta1-Piperideine-2-carboxylate,2,delta1piperideine2carboxylate,,,,,,,No matched supplement feature
625,Maternal plasma,pn12,RLC_POS_MTB_6738455,121.0405,0.4712,positive,0.809117614780634,2.85568234593252e-05,0.00666956653926529,Upregulated,Urocanate,3,urocanate,rLC_pos_mtb_1605622,TRUE,TRUE,FALSE,Mass within 25 ppm,9.08794987412267,Reliably detected
626,Maternal plasma,pn12,RLC_POS_MTB_686006,428.1753,0.062,positive,0.833388941664444,0.000535500838191046,0.03058202796594,Upregulated,,0,,,,,,,,No matched supplement feature
627,Maternal plasma,pn12,RLC_POS_MTB_686703,454.1458,0.05373333,positive,-0.625483951494291,0.000236416663287211,0.0191311579908969,Downregulated,,0,,,,,,,,No matched supplement feature
628,Maternal plasma,pn12,RLC_POS_MTB_6922600,837.6185,0.4670667,positive,-0.903565148959523,3.06635240104731e-05,0.00669600395684089,Downregulated,,0,,rLC_pos_mtb_5692357,TRUE,TRUE,FALSE,Mass within 25 ppm,3.93975658522091,Reliably detected
629,Maternal plasma,pn12,RLC_POS_MTB_701134,975.1424,0.0682,positive,-0.624299734939693,0.00110418807503739,0.0439896585860648,Downregulated,,0,,,,,,,,No matched supplement feature
630,Maternal plasma,pn12,RLC_POS_MTB_7197886,789.6193,0.4877333,positive,-0.692203405379534,0.000236857256529031,0.0191311579908969,Downregulated,,0,,rLC_pos_mtb_6587242,TRUE,TRUE,FALSE,Mass within 25 ppm,1.64636571088938,Reliably detected
631,Maternal plasma,pn12,RLC_POS_MTB_724436,445.1636,0.0558,positive,-0.697457634435707,0.00094438344859965,0.0418921582405131,Downregulated,,0,,,,,,,,No matched supplement feature
632,Maternal plasma,pn12,RLC_POS_MTB_7425972,345.0169,0.5724667,positive,-0.711110875370552,0.000990811333492565,0.0423004226968183,Downregulated,,0,,,,,,,,No matched supplement feature
633,Maternal plasma,pn12,RLC_POS_MTB_7438818,840.6382,0.5435333,positive,-0.848514864704725,1.13056273681351e-06,0.00070696640816548,Downregulated,,0,,,,,,,,No matched supplement feature
634,Maternal plasma,pn12,RLC_POS_MTB_746795,292.1568,0.05786667,positive,-0.707720269884573,8.52214179773018e-06,0.00323924938723529,Downregulated,,0,,,,,,,,No matched supplement feature
635,Maternal plasma,pn12,RLC_POS_MTB_7500332,633.6437,0.5394,positive,-0.604519532858922,0.00104158751564387,0.0433286995509794,Downregulated,,0,,,,,,,,No matched supplement feature
636,Maternal plasma,pn12,RLC_POS_MTB_773801,446.1588,0.07026666,positive,-0.635256418753099,0.000591858675181912,0.0325019275308821,Downregulated,,0,,rLC_pos_mtb_480019,TRUE,FALSE,FALSE,Mass within 25 ppm,4.70686644397461,Detected
637,Maternal plasma,pn12,RLC_POS_MTB_811143,350.1625,0.05993333,positive,-0.760077030660507,0.000146904959488858,0.0147720079361075,Downregulated,,0,,,,,,,,No matched supplement feature
638,Maternal plasma,pn12,RLC_POS_MTB_8162011,876.5853,0.6096666,positive,-0.645934107531281,0.000549624070527406,0.0310022153261986,Downregulated,,0,,,,,,,,No matched supplement feature
639,Maternal plasma,pn12,RLC_POS_MTB_822617,127.0343,0.0558,positive,-0.718810105502887,0.00021057903675063,0.0181240536200973,Downregulated,,0,,rLC_pos_mtb_753153,TRUE,TRUE,FALSE,Mass within 25 ppm,1.57438042231684,Reliably detected
640,Maternal plasma,pn12,RLC_POS_MTB_824474,451.0033,0.06406666,positive,0.971882848367797,5.6139250120516e-07,0.000418561293687001,Upregulated,IDP,1,idp,rLC_pos_mtb_9463483,TRUE,TRUE,FALSE,Mass within 25 ppm,19.9559063163649,Reliably detected
641,Maternal plasma,pn12,RLC_POS_MTB_851531,337.174,0.0806,positive,0.77660525380945,5.55925571407846e-05,0.00898051433478424,Upregulated,,0,,,,,,,,No matched supplement feature
642,Maternal plasma,pn12,RLC_POS_MTB_899013,152.0323,0.09093333,positive,0.905890406379924,3.08733095660958e-05,0.00669600395684089,Upregulated,5-Oxoproline,3,5oxoproline,,,,,,,No matched supplement feature
643,Maternal plasma,pn12,RLC_POS_MTB_899477,253.1274,0.07853334,positive,0.832245253714635,3.11312053534936e-06,0.00158810109415125,Upregulated,,0,,rLC_pos_mtb_883241,TRUE,TRUE,FALSE,Mass within 25 ppm,4.34565669394328,Reliably detected
644,Maternal plasma,pn12,RLC_POS_MTB_9063271,850.5676,0.6572,positive,-0.792180612391093,0.000338902664524887,0.0235917622718227,Downregulated,,0,,,,,,,,No matched supplement feature
645,Maternal plasma,pn12,RLC_POS_MTB_917325,137.0517,0.07853334,positive,0.77768790899938,0.000426495338815574,0.0270183403364049,Upregulated,,0,,,,,,,,No matched supplement feature
646,Maternal plasma,pn12,RLC_POS_MTB_920769,490.1242,0.07853334,positive,0.725710700148514,0.000221238775714552,0.0186465811618547,Upregulated,,0,,rLC_pos_mtb_511547,TRUE,TRUE,FALSE,Mass within 25 ppm,2.44836500221984,Reliably detected
647,Maternal plasma,pn12,RLC_POS_MTB_9238515,216.0983,0.6572,positive,-0.703555252233952,0.000106296830784989,0.0126455021157919,Downregulated,N-methylsalsolinol,2,nmethylsalsolinol,rLC_pos_mtb_9307335,TRUE,TRUE,FALSE,Mass within 25 ppm,0.925505592166888,Reliably detected
648,Maternal plasma,pn12,RLC_POS_MTB_9276577,877.5853,0.6572,positive,-0.843628970003177,3.30575219375574e-06,0.00161980901516029,Downregulated,,0,,,,,,,,No matched supplement feature
649,Maternal plasma,pn12,RLC_POS_MTB_9342448,839.6412,0.6592667,positive,-0.715805550073979,1.22869330116957e-05,0.00423233467014317,Downregulated,,0,,rLC_pos_mtb_6726871,TRUE,TRUE,FALSE,Mass within 25 ppm,10.7189790958643,Reliably detected
650,Maternal plasma,pn12,RLC_POS_MTB_9370727,478.9924,0.6572,positive,0.703220372517487,0.0013704326709126,0.0472922096036465,Upregulated,,0,,rLC_pos_mtb_9309688,TRUE,TRUE,FALSE,Mass within 25 ppm,1.67016984797813,Reliably detected
651,Maternal plasma,pn12,RLC_POS_MTB_9530108,118.0865,0.6799333,positive,-0.711157831849519,0.00011981993246752,0.0132726250907593,Downregulated,Glycine betaine,6,glycinebetaine,rLC_pos_mtb_1008358,TRUE,TRUE,FALSE,Mass within 25 ppm,0,Reliably detected
652,Maternal plasma,pn12,RLC_POS_MTB_9581519,645.1135,0.6654667,positive,-0.719046270758495,0.000388262053667115,0.025518016880976,Downregulated,,0,,,,,,,,No matched supplement feature
653,Maternal plasma,pn12,RLC_POS_MTB_9609792,623.1362,0.6675333,positive,-0.655968883301132,0.00109657712743617,0.0439896585860648,Downregulated,,0,,rLC_pos_mtb_6345,TRUE,TRUE,FALSE,Mass within 25 ppm,3.37006111532219,Reliably detected
654,Maternal plasma,pn12,RLC_POS_MTB_9609839,625.1379,0.6634,positive,-0.700234883364684,0.000687621438865213,0.0353806593844542,Downregulated,,0,,,,,,,,No matched supplement feature
655,Maternal plasma,pn12,RLC_POS_MTB_9612,693.0265,0.002066667,positive,0.840959378330382,9.50418170640333e-05,0.0120417361031783,Upregulated,,0,,,,,,,,No matched supplement feature
656,Maternal plasma,pn12,RLC_POS_MTB_968089,136.0488,0.07853334,positive,0.785644285519595,0.000590394542559419,0.0325019275308821,Upregulated,,0,,rLC_pos_mtb_981320,TRUE,TRUE,FALSE,Mass within 25 ppm,2.94013013025716,Reliably detected
657,Maternal plasma,pn12,RLC_POS_MTB_970349,266.0975,0.0806,positive,-0.662914808435843,0.00110520054040228,0.0439896585860648,Downregulated,,0,,rLC_pos_mtb_816833,TRUE,TRUE,FALSE,Mass within 25 ppm,1.50321067013988,Reliably detected
658,Maternal plasma,tri3,RLC_NEG_MTB_1018482,288.0367,0.155,negative,-0.46604847006404,1.63936878260779e-05,0.031779163850852,Downregulated,,,,rLC_neg_mtb_1069420,TRUE,TRUE,FALSE,Mass within 25 ppm,5.90206051337917,Reliably detected
659,Maternal plasma,tri3,RLC_NEG_MTB_2206686,165.0918,0.2645333,negative,0.594005118801914,1.79355399170241e-06,0.00695360882583024,Upregulated,,,,,,,,,,No matched supplement feature
660,Maternal plasma,tri3,RLC_NEG_MTB_2872382,193.123,0.2914,negative,0.657605119996299,2.07107120497223e-08,0.000200738576541933,Upregulated,,,,,,,,,,No matched supplement feature
661,Maternal plasma,tri3,RLC_NEG_MTB_804613,333.0056,0.1095333,negative,0.578371054023135,1.06828146539642e-05,0.0230095957852329,Upregulated,,,,,,,,,,No matched supplement feature
662,Maternal plasma,tri3,RLC_NEG_MTB_933434,218.1024,0.1591333,negative,0.620164638501228,1.49681541203087e-06,0.00695360882583024,Upregulated,,,,rLC_neg_mtb_1355357,TRUE,TRUE,FALSE,Mass within 25 ppm,3.66798836513236,Reliably detected
663,Maternal plasma,tri3,RLC_NEG_MTB_953661,201.0233,0.124,negative,0.572330031821499,5.22399698983448e-06,0.0144667402354202,Upregulated,,,,rLC_neg_mtb_1372186,TRUE,TRUE,FALSE,Mass within 25 ppm,1.98982305007678,Reliably detected
664,Maternal plasma,tri3,RLC_POS_MTB_188139,293.8336,0.01653333,positive,0.555268024649929,7.89954389617282e-06,0.0191415823034138,Upregulated,,,,,,,,,,No matched supplement feature
665,Maternal plasma,tri3,RLC_POS_MTB_2679130,286.2021,0.2025333,positive,0.87348957143322,1.28060782158349e-10,2.4824582621396e-06,Upregulated,,,,,,,,,,No matched supplement feature
666,Maternal plasma,tri3,RLC_POS_MTB_2714397,310.2022,0.1963333,positive,0.61487102901507,7.49530617070274e-07,0.00484321700396909,Upregulated,,,,,,,,,,No matched supplement feature
667,Maternal plasma,tri3,RLC_POS_MTB_3417659,286.1984,0.2397333,positive,0.608424454555918,2.16963892268559e-06,0.00700974175271003,Upregulated,,,,,,,,,,No matched supplement feature
668,Milk,pn34,RLC_NEG_MTB_1879155,218.103,,negative,1.24,,7.7e-38,Upregulated,Pantothenic Acid (Vitamin B5),1,pantothenicacidvitaminb5,rLC_neg_mtb_1355357,TRUE,TRUE,FALSE,Mass within 25 ppm,0.916997091185354,Reliably detected
669,Milk,pn34,RLC_POS_MTB_3065186,242.1008,,positive,1.21,,6.7e-35,Upregulated,(R)-Pantothenate,1,rpantothenate,,,,,,,No matched supplement feature
670,Milk,pn12,RLC_NEG_MTB_1835761,560.2184,,negative,1.2,,8.7e-35,Upregulated,Related to Pantothenic Acid (Vitamin B5),0,relatedtopantothenicacidvitaminb5,,,,,,,No matched supplement feature
671,Milk,pn34,RLC_NEG_MTB_1831563,219.1061,,negative,1.18,,2.7e-32,Upregulated,13C of Pantothenic Acid (Vitamin B5) [rLC_neg_mtb_1879155],1,13cofpantothenicacidvitaminb5rlcnegmtb1879155,,,,,,,No matched supplement feature
672,Milk,pn34,RLC_NEG_MTB_1749458,115.0037,,negative,1.16,,4.1e-32,Upregulated,Fumaric acid_[M-H]-,2,fumaricacidmh,rLC_neg_mtb_5968358,TRUE,TRUE,FALSE,Mass within 25 ppm,0.869536484910235,Reliably detected
673,Milk,pn34,RLC_NEG_MTB_1696589,175.0249,,negative,1.18,,8.6e-32,Upregulated,Ascorbic acid_[M-H]-,8,ascorbicacidmh,rLC_neg_mtb_1332257,TRUE,TRUE,FALSE,Mass within 25 ppm,0.57134760333004,Reliably detected
674,Milk,pn34,RLC_POS_MTB_3064754,220.1187,,positive,1.15,,4.5e-31,Upregulated,Pantothenic Acid (Vitamin B5),1,pantothenicacidvitaminb5,,,,,,,No matched supplement feature
675,Milk,pn34,RLC_NEG_MTB_1729750,176.0278,,negative,1.17,,4.6e-31,Upregulated,"D-glucurono-6,3-lactone",2,dglucurono63lactone,,,,,,,No matched supplement feature
676,Milk,pn34,RLC_NEG_MTB_1674826,177.0293,,negative,1.13,,3.2e-29,Upregulated,,0,,,,,,,,No matched supplement feature
677,Milk,pn34,RLC_NEG_MTB_1759402,561.2214,,negative,1.11,,1.9e-27,Upregulated,13C of Related to Pantothenic Acid [rLC_neg_mtb_1835761],0,13cofrelatedtopantothenicacidrlcnegmtb1835761,rLC_neg_mtb_1377556,TRUE,TRUE,FALSE,Mass within 25 ppm,10.869268888536,Reliably detected
678,Milk,pn34,RLC_NEG_MTB_2083324,177.0379,,negative,1.12,,1.9e-27,Upregulated,,0,,rLC_neg_mtb_1412788,TRUE,TRUE,FALSE,Mass within 25 ppm,3.95393998819927,Reliably detected
679,Milk,pn34,RLC_NEG_MTB_1541740,337.0768,,negative,1.11,,1.6e-26,Upregulated,,0,,rLC_neg_mtb_1142287,TRUE,TRUE,FALSE,Mass within 25 ppm,8.60345461339785,Reliably detected
680,Milk,pn34,RLC_POS_MTB_3097349,243.1043,,positive,1.08,,2.3e-24,Upregulated,,0,,rLC_pos_mtb_241980,TRUE,TRUE,FALSE,Mass within 25 ppm,12.3402300137196,Reliably detected
681,Milk,pn34,RLC_POS_MTB_3096538,202.1078,,positive,1.06,,6.2e-24,Upregulated,Pantothenic Acid (Vitamin B5),3,pantothenicacidvitaminb5,,,,,,,No matched supplement feature
682,Milk,pn12,RLC_POS_MTB_2877614,258.0739,,positive,1.05,,3e-23,Upregulated,Pantothenic Acid (Vitamin B5),1,pantothenicacidvitaminb5,,,,,,,No matched supplement feature
683,Milk,pn34,RLC_NEG_MTB_1786086,562.2233,,negative,1.07,,1.6e-22,Upregulated,,0,,,,,,,,No matched supplement feature
684,Milk,pn34,RLC_POS_MTB_2900392,153.0655,,positive,1.06,,1.7e-22,Upregulated,N1-Methyl-2-pyridone-5-carboxamide,2,n1methyl2pyridone5carboxamide,,,,,,,No matched supplement feature
685,Milk,pn34,RLC_POS_MTB_1641356,177.0381,,positive,1.05,,2.7e-22,Upregulated,"D-glucurono-6,3-lactone",5,dglucurono63lactone,,,,,,,No matched supplement feature
686,Milk,pn34,RLC_NEG_MTB_1884979,568.2042,,negative,1.05,,2.7e-22,Upregulated,N-Acetyl-D-glucosaminyldiphosphodolichol,1,nacetyldglucosaminyldiphosphodolichol,,,,,,,No matched supplement feature
687,Milk,pn34,RLC_POS_MTB_387961,141.0178,,positive,0.99,,8.9e-19,Upregulated,"D-glucurono-6,3-lactone",3,dglucurono63lactone,,,,,,,No matched supplement feature
688,Milk,pn34,RLC_POS_MTB_3370599,221.1214,,positive,0.96,,2.7e-18,Upregulated,13C of Pantothenic Acid (Vitamin B5) [rLC_pos_mtb_3064754],1,13cofpantothenicacidvitaminb5rlcposmtb3064754,,,,,,,No matched supplement feature
689,Milk,pn12,RLC_POS_MTB_3033006,286.1981,,positive,0.95,,6.5e-18,Upregulated,,0,,,,,,,,No matched supplement feature
690,Milk,pn34,RLC_NEG_MTB_1488767,338.0793,,negative,0.95,,1.9e-17,Upregulated,,0,,rLC_neg_mtb_1124321,TRUE,TRUE,FALSE,Mass within 25 ppm,9.46532452306609,Reliably detected
691,Milk,pn34,RLC_POS_MTB_362542,177.0388,,positive,0.98,,4.6e-17,Upregulated,"D-glucurono-6,3-lactone",5,dglucurono63lactone,,,,,,,No matched supplement feature
692,Milk,pn34,RLC_NEG_MTB_1728776,87.0089,,negative,0.92,,3.7e-16,Upregulated,Pyruvic acid_[M-H]-,8,pyruvicacidmh,rLC_neg_mtb_117211,TRUE,TRUE,FALSE,Mass within 25 ppm,1.14930903544607,Reliably detected
693,Milk,pn34,RLC_NEG_MTB_2001936,288.0419,,negative,0.94,,6.3e-16,Upregulated,dCMP,1,dcmp,rLC_neg_mtb_1069420,TRUE,TRUE,FALSE,Mass within 25 ppm,23.9554220840289,Reliably detected
694,Milk,pn34,RLC_NEG_MTB_2163642,375.037,,negative,0.95,,1e-15,Upregulated,beta-D-Glucuronoside,1,betadglucuronoside,rLC_neg_mtb_1317249,TRUE,TRUE,FALSE,Mass within 25 ppm,3.19967405997532,Reliably detected
695,Milk,pn34,RLC_NEG_MTB_1954450,459.1729,,negative,-0.91,,1.1e-15,Downregulated,,0,,rLC_neg_mtb_1434735,TRUE,TRUE,FALSE,Mass within 25 ppm,15.0272450486972,Reliably detected
696,Milk,pn34,RLC_POS_MTB_399195,335.065,,positive,0.9,,4.2e-15,Upregulated,NMN,1,nmn,rLC_pos_mtb_2981059,TRUE,TRUE,FALSE,Mass within 25 ppm,6.86438687443003,Reliably detected
697,Milk,pn34,RLC_POS_MTB_3031862,221.1169,,positive,0.91,,1.1e-14,Upregulated,,0,,,,,,,,No matched supplement feature
698,Milk,pn34,RLC_NEG_MTB_2059251,117.0554,,negative,-0.9,,1.1e-14,Downregulated,2-Hydroxyisovaleric acid; 2-Hydroxyvaleric acid; 2-Hydroxy-2-methylbutyric acid,1,2hydroxyisovalericacid2hydroxyvalericacid2hydroxy2methylbutyricacid,rLC_neg_mtb_1453265,TRUE,TRUE,FALSE,Mass within 25 ppm,0.854295611817546,Reliably detected
699,Milk,1421d,RLC_NEG_MTB_2901524,263.0965,,negative,0.91,,2.9e-14,Upregulated,,0,,rLC_neg_mtb_1542886,TRUE,TRUE,FALSE,Mass within 25 ppm,5.32121313013001,Reliably detected
700,Milk,pn34,RLC_NEG_MTB_2327503,314.0371,,negative,0.87,,8.2e-14,Upregulated,,0,,rLC_neg_mtb_2321322,TRUE,TRUE,FALSE,Mass within 25 ppm,24.5187947706818,Reliably detected
701,Milk,pn34,RLC_NEG_MTB_2059225,115.0035,,negative,0.88,,9e-14,Upregulated,L-Malate,2,lmalate,rLC_neg_mtb_309247,TRUE,TRUE,FALSE,Mass within 25 ppm,0.869539509295548,Reliably detected
702,Milk,pn34,RLC_NEG_MTB_1485508,177.0334,,negative,0.85,,7e-13,Upregulated,Cys-Gly,1,cysgly,,,,,,,No matched supplement feature
703,Milk,pn34,RLC_NEG_MTB_1830814,142.9984,,negative,0.87,,7.1e-13,Upregulated,4-Hydroxy-2-oxoglutarate,1,4hydroxy2oxoglutarate,rLC_neg_mtb_1354577,TRUE,TRUE,FALSE,Mass within 25 ppm,4.19586874757161,Reliably detected
704,Milk,pn34,RLC_POS_MTB_399226,336.0674,,positive,0.86,,1.2e-12,Upregulated,Deoxyadenosine,3,deoxyadenosine,,,,,,,No matched supplement feature
705,Milk,pn12,RLC_NEG_MTB_1751397,220.1068,,negative,0.84,,4.2e-12,Upregulated,,0,,,,,,,,No matched supplement feature
706,Milk,pn34,RLC_POS_MTB_1607919,177.0416,,positive,0.81,,5e-12,Upregulated,"D-glucurono-6,3-lactone",5,dglucurono63lactone,,,,,,,No matched supplement feature
707,Milk,pn34,RLC_NEG_MTB_1903819,260.115,,negative,0.83,,3.3e-11,Upregulated,,0,,,,,,,,No matched supplement feature
708,Milk,pn34,RLC_NEG_MTB_1619495,178.0328,,negative,0.81,,6.2e-11,Upregulated,,0,,,,,,,,No matched supplement feature
709,Milk,pn34,RLC_NEG_MTB_2031929,359.0436,,negative,0.84,,6.2e-11,Upregulated,,0,,rLC_neg_mtb_5713936,TRUE,TRUE,FALSE,Mass within 25 ppm,23.3960347064897,Reliably detected
710,Milk,pn34,RLC_POS_MTB_2725607,136.0377,,positive,0.83,,1e-10,Upregulated,"3,4-Dehydro-DL-proline",1,34dehydrodlproline,,,,,,,No matched supplement feature
711,Milk,pn34,RLC_POS_MTB_2964229,184.0955,,positive,0.79,,2.7e-10,Upregulated,L-Normetanephrine,4,lnormetanephrine,rLC_pos_mtb_982200,TRUE,TRUE,FALSE,Mass within 25 ppm,5.43199280791307,Reliably detected
712,Milk,pn34,RLC_NEG_MTB_2185019,117.0555,,negative,-0.78,,3.5e-10,Downregulated,Acetone,1,acetone,rLC_neg_mtb_1453265,TRUE,TRUE,FALSE,Mass within 25 ppm,0,Reliably detected
713,Milk,pn34,RLC_POS_MTB_2850629,578.2758,,positive,0.75,,5.7e-10,Upregulated,,0,,,,,,,,No matched supplement feature
714,Milk,pn34,RLC_NEG_MTB_2212741,200.0245,,negative,0.79,,6.7e-10,Upregulated,,0,,,,,,,,No matched supplement feature
715,Milk,pn34,RLC_NEG_MTB_1695403,116.0069,,negative,0.77,,1.1e-09,Upregulated,Fumarate,1,fumarate,,,,,,,No matched supplement feature
716,Milk,pn34,RLC_NEG_MTB_2270200,504.0757,,negative,0.76,,1.8e-09,Upregulated,,0,,,,,,,,No matched supplement feature
717,Milk,1421d,RLC_NEG_MTB_2901536,264.098,,negative,0.78,,1.9e-09,Upregulated,,0,,rLC_neg_mtb_2288128,TRUE,TRUE,FALSE,Mass within 25 ppm,18.5540629422751,Reliably detected
718,Milk,pn34,RLC_NEG_MTB_1801271,208.9853,,negative,0.76,,4.7e-09,Upregulated,Dehydroascorbate,2,dehydroascorbate,rLC_neg_mtb_1355281,TRUE,TRUE,FALSE,Mass within 25 ppm,2.8710070870403,Reliably detected
719,Milk,1421d,RLC_NEG_MTB_4909588,383.241,,negative,0.77,,6.4e-09,Upregulated,"11,12-DHET",4,1112dhet,rLC_neg_mtb_4305094,TRUE,TRUE,FALSE,Mass within 25 ppm,2.87024833651651,Reliably detected
720,Milk,pn34,RLC_NEG_MTB_2298162,376.0421,,negative,0.74,,1.1e-08,Upregulated,,0,,rLC_neg_mtb_745470,TRUE,TRUE,FALSE,Mass within 25 ppm,15.4235670509582,Reliably detected
721,Milk,1421d,RLC_POS_MTB_1518409,122.0715,,positive,0.76,,2.3e-08,Upregulated,,0,,rLC_pos_mtb_2447462,TRUE,TRUE,FALSE,Mass within 25 ppm,4.0959433776983,Reliably detected
722,Milk,pn34,RLC_NEG_MTB_1948059,166.0493,,negative,0.72,,3.6e-08,Upregulated,Pyridoxal,1,pyridoxal,rLC_neg_mtb_1251896,TRUE,TRUE,FALSE,Mass within 25 ppm,1.80669561383409,Reliably detected
723,Milk,pn34,RLC_NEG_MTB_2352113,142.9979,,negative,0.74,,6.1e-08,Upregulated,4-Hydroxy-2-oxoglutarate,1,4hydroxy2oxoglutarate,rLC_neg_mtb_1354577,TRUE,TRUE,FALSE,Mass within 25 ppm,0.699311457762972,Reliably detected
724,Milk,pn34,RLC_NEG_MTB_1705379,553.1168,,negative,0.71,,1e-07,Upregulated,18E-20-oxo-20-CoA-LTB4,1,18e20oxo20coaltb4,,,,,,,No matched supplement feature
725,Milk,pn12,RLC_NEG_MTB_2138814,316.0772,,negative,0.68,,2.2e-07,Upregulated,,0,,rLC_neg_mtb_1644340,TRUE,TRUE,FALSE,Mass within 25 ppm,4.42927803397519,Reliably detected
726,Milk,pn34,RLC_NEG_MTB_2001619,271.0172,,negative,0.69,,2.7e-07,Upregulated,,0,,,,,,,,No matched supplement feature
727,Milk,pn34,RLC_NEG_MTB_2030933,317.0334,,negative,0.69,,3.4e-07,Upregulated,Nicotinate D-ribonucleotide,1,nicotinatedribonucleotide,rLC_neg_mtb_139579,TRUE,TRUE,FALSE,Mass within 25 ppm,8.51638031127801,Reliably detected
728,Milk,pn34,RLC_NEG_MTB_2139467,358.0448,,negative,0.68,,3.5e-07,Upregulated,,0,,rLC_neg_mtb_1356658,TRUE,TRUE,FALSE,Mass within 25 ppm,4.18943742285185,Reliably detected
729,Milk,pn34,RLC_NEG_MTB_1781253,112.9877,,negative,0.68,,9.5e-07,Upregulated,Oxaloacetate,1,oxaloacetate,rLC_neg_mtb_1370446,TRUE,TRUE,FALSE,Mass within 25 ppm,0.885052873088017,Reliably detected
730,Milk,pn34,RLC_POS_MTB_3371064,246.1154,,positive,0.66,,9.7e-07,Upregulated,1-Methylhydantoin,1,1methylhydantoin,,,,,,,No matched supplement feature
731,Milk,pn34,RLC_NEG_MTB_1811432,667.2261,,negative,-0.68,,9.7e-07,Downregulated,,0,,,,,,,,No matched supplement feature
732,Milk,pn34,RLC_NEG_MTB_1950338,270.9854,,negative,0.67,,1.3e-06,Upregulated,,0,,,,,,,,No matched supplement feature
733,Milk,pn12,RLC_POS_MTB_3130458,220.1437,,positive,-0.63,,2.8e-06,Downregulated,"6(R)-hydroxy-tetradeca-2E,4E,8Z-trienoate",2,6rhydroxytetradeca2e4e8ztrienoate,rLC_pos_mtb_2942144,TRUE,TRUE,FALSE,Mass within 25 ppm,6.35944202263895,Reliably detected
734,Milk,1421d,RLC_NEG_MTB_5043475,452.2482,,negative,0.7,,2.8e-06,Upregulated,,0,,,,,,,,No matched supplement feature
735,Milk,pn34,RLC_POS_MTB_3255598,202.1079,,positive,0.63,,5e-06,Upregulated,L-Normetanephrine,3,lnormetanephrine,,,,,,,No matched supplement feature
736,Milk,pn34,RLC_NEG_MTB_1661191,1028.327,,negative,0.64,,6e-06,Upregulated,vaccenyl coenzyme A,5,vaccenylcoenzymea,,,,,,,No matched supplement feature
737,Milk,pn34,RLC_POS_MTB_2806874,229.0276,,positive,0.64,,6.1e-06,Upregulated,,0,,,,,,,,No matched supplement feature
738,Milk,pn34,RLC_POS_MTB_2876821,185.1306,,positive,-0.63,,1.1e-05,Downregulated,,0,,,,,,,,No matched supplement feature
739,Milk,1421d,RLC_POS_MTB_1549566,265.1133,,positive,0.64,,1.8e-05,Upregulated,,0,,rLC_pos_mtb_3190222,TRUE,TRUE,FALSE,Mass within 25 ppm,16.2192174340769,Reliably detected
740,Milk,1421d,RLC_POS_MTB_2124533,256.0961,,positive,0.64,,2e-05,Upregulated,,0,,,,,,,,No matched supplement feature
741,Milk,pn34,RLC_NEG_MTB_1879289,226.996,,negative,0.63,,2.4e-05,Upregulated,Citrate,4,citrate,rLC_neg_mtb_434131,TRUE,TRUE,FALSE,Mass within 25 ppm,0.440536203059522,Reliably detected
742,Milk,1421d,RLC_NEG_MTB_2899452,147.0664,,negative,0.64,,2.6e-05,Upregulated,(R)-Mevalonate,1,rmevalonate,rLC_neg_mtb_1272656,TRUE,TRUE,FALSE,Mass within 25 ppm,12.9195013070986,Reliably detected
743,Milk,1421d,RLC_NEG_MTB_2354240,244.0273,,negative,0.63,,2.6e-05,Upregulated,,0,,rLC_neg_mtb_721235,TRUE,TRUE,FALSE,Mass within 25 ppm,1.22937215967888,Reliably detected
744,Milk,pn34,RLC_NEG_MTB_1830826,144.0018,,negative,0.62,,3.1e-05,Upregulated,,0,,,,,,,,No matched supplement feature
745,Milk,pn34,RLC_POS_MTB_1017385,242.1249,,positive,0.6,,3.2e-05,Upregulated,Tetrahydrobiopterin,1,tetrahydrobiopterin,,,,,,,No matched supplement feature
746,Milk,pn34,RLC_NEG_MTB_1884310,520.167,,negative,-0.6,,3.6e-05,Downregulated,,0,,rLC_neg_mtb_1357842,TRUE,TRUE,FALSE,Mass within 25 ppm,6.15190830271646,Reliably detected
747,Milk,1421d,RLC_NEG_MTB_2296565,289.0362,,negative,0.63,,4.2e-05,Upregulated,Sedoheptulose 1-phosphate,2,sedoheptulose1phosphate,rLC_neg_mtb_1373844,TRUE,TRUE,FALSE,Mass within 25 ppm,1.03793335008398,Reliably detected
748,Milk,pn34,RLC_NEG_MTB_1643242,135.0293,,negative,0.6,,5.1e-05,Upregulated,D-Lactate,7,dlactate,rLC_neg_mtb_1298230,TRUE,TRUE,FALSE,Mass within 25 ppm,2.22173508609621,Reliably detected
749,Milk,1421d,RLC_NEG_MTB_2327059,288.037,,negative,0.63,,5.3e-05,Upregulated,dCMP,1,dcmp,rLC_neg_mtb_1069420,TRUE,TRUE,FALSE,Mass within 25 ppm,6.94360060392906,Reliably detected
750,Milk,1421d,RLC_NEG_MTB_4799615,464.2675,,negative,0.58,,5.3e-05,Upregulated,,0,,,,,,,,No matched supplement feature
751,Milk,pn34,RLC_NEG_MTB_1438680,307.0663,,negative,0.6,,5.9e-05,Upregulated,,0,,rLC_neg_mtb_1543494,TRUE,TRUE,FALSE,Mass within 25 ppm,2.27964317720649,Reliably detected
752,Milk,pn34,RLC_NEG_MTB_1878648,189.042,,negative,0.6,,5.9e-05,Upregulated,Mesaconate,7,mesaconate,rLC_neg_mtb_1621836,TRUE,TRUE,FALSE,Mass within 25 ppm,16.9277418180423,Reliably detected
753,Milk,pn12,RLC_NEG_MTB_5485677,413.2873,,negative,-0.6,,6.6e-05,Downregulated,,0,,rLC_neg_mtb_3867476,TRUE,TRUE,FALSE,Mass within 25 ppm,0.967850662610595,Reliably detected
754,Milk,1421d,RLC_NEG_MTB_1854124,347.0368,,negative,0.62,,6.6e-05,Upregulated,IMP,3,imp,rLC_neg_mtb_144071,TRUE,TRUE,FALSE,Mass within 25 ppm,3.16968261953882,Reliably detected
755,Milk,pn34,RLC_NEG_MTB_2265358,245.0333,,negative,0.59,,6.8e-05,Upregulated,,0,,rLC_neg_mtb_1087184,TRUE,TRUE,FALSE,Mass within 25 ppm,15.0997604443784,Reliably detected
756,Milk,pn34,RLC_NEG_MTB_1902274,178.0506,,negative,-0.59,,6.8e-05,Downregulated,Hippuric_acid_[M-H]-,5,hippuricacidmh,rLC_neg_mtb_1298754,TRUE,TRUE,FALSE,Mass within 25 ppm,2.80818259470555,Reliably detected
757,Milk,pn34,RLC_POS_MTB_1808955,482.1854,,positive,0.59,,8.3e-05,Upregulated,,0,,rLC_pos_mtb_820517,TRUE,TRUE,FALSE,Mass within 25 ppm,0.414778388068815,Reliably detected
758,Milk,pn34,RLC_NEG_MTB_1783790,359.0382,,negative,0.61,,0.00011,Upregulated,,0,,rLC_neg_mtb_5713936,TRUE,TRUE,FALSE,Mass within 25 ppm,8.35572668095704,Reliably detected
759,Milk,pn34,RLC_NEG_MTB_1884328,521.1695,,negative,-0.58,,0.00011,Downregulated,,0,,rLC_neg_mtb_1377041,TRUE,TRUE,FALSE,Mass within 25 ppm,11.1289408683337,Reliably detected
760,Milk,pn34,RLC_POS_MTB_1982281,123.0555,,positive,0.55,,0.00024,Upregulated,Nicotinamide,2,nicotinamide,rLC_pos_mtb_2733945,TRUE,TRUE,FALSE,Mass within 25 ppm,4.87587247636215,Reliably detected
761,Milk,1421d,RLC_NEG_MTB_5018160,451.2519,,negative,0.57,,0.00027,Upregulated,,0,,,,,,,,No matched supplement feature
762,Milk,pn34,RLC_POS_MTB_1771943,483.1879,,positive,0.57,,0.00028,Upregulated,,0,,,,,,,,No matched supplement feature
763,Milk,pn34,RLC_NEG_MTB_1831109,174.9862,,negative,0.58,,0.00039,Upregulated,Aryl sulfate,1,arylsulfate,rLC_neg_mtb_1252037,TRUE,TRUE,FALSE,Mass within 25 ppm,8.57203106271442,Reliably detected
764,Milk,1421d,RLC_NEG_MTB_4799628,465.2653,,negative,0.56,,0.00041,Upregulated,,0,,,,,,,,No matched supplement feature
765,Milk,pn34,RLC_NEG_MTB_2266637,315.0366,,negative,0.56,,0.00042,Upregulated,NMN,1,nmn,rLC_neg_mtb_744633,TRUE,TRUE,FALSE,Mass within 25 ppm,6.03100890836456,Reliably detected
766,Milk,pn34,RLC_POS_MTB_2124516,255.0973,,positive,0.54,,5e-04,Upregulated,N2-Succinyl-L-ornithine,3,n2succinyllornithine,,,,,,,No matched supplement feature
767,Milk,pn34,RLC_NEG_MTB_1675363,228.9924,,negative,0.57,,0.00052,Upregulated,Citrate,2,citrate,rLC_neg_mtb_1299266,TRUE,TRUE,FALSE,Mass within 25 ppm,4.80362979738768,Reliably detected
768,Milk,1421d,RLC_NEG_MTB_5018192,453.2463,,negative,0.55,,0.00056,Upregulated,,0,,,,,,,,No matched supplement feature
769,Milk,pn12,RLC_NEG_MTB_4939839,526.2939,,negative,-0.57,,0.00057,Downregulated,,0,,rLC_neg_mtb_3854234,TRUE,TRUE,FALSE,Mass within 25 ppm,0.760032187388365,Reliably detected
770,Milk,1421d,RLC_NEG_MTB_5069067,593.1943,,negative,0.54,,0.00058,Upregulated,,0,,,,,,,,No matched supplement feature
771,Milk,pn12,RLC_NEG_MTB_5199251,595.2085,,negative,-0.54,,0.00064,Downregulated,,0,,,,,,,,No matched supplement feature
772,Milk,pn34,RLC_NEG_MTB_1853460,316.0835,,negative,0.55,,0.00064,Upregulated,,0,,rLC_neg_mtb_1275709,TRUE,TRUE,FALSE,Mass within 25 ppm,5.0619279428112,Reliably detected
773,Milk,pn34,RLC_POS_MTB_10151176,917.6653,,positive,0.54,,0.00066,Upregulated,,0,,,,,,,,No matched supplement feature
774,Milk,pn12,RLC_NEG_MTB_5228046,519.2245,,negative,-0.54,,0.00079,Downregulated,,0,,,,,,,,No matched supplement feature
775,Milk,pn12,RLC_NEG_MTB_5650741,359.2949,,negative,-0.54,,0.00079,Downregulated,,0,,rLC_neg_mtb_4330660,TRUE,TRUE,FALSE,Mass within 25 ppm,0.278322826734971,Reliably detected
776,Milk,pn12,RLC_NEG_MTB_5175316,658.4427,,negative,-0.54,,0.00085,Downregulated,,0,,,,,,,,No matched supplement feature
777,Milk,pn12,RLC_NEG_MTB_5458498,307.2643,,negative,-0.54,,0.00085,Downregulated,Eicosadienoic acid_[M-H]-,0,eicosadienoicacidmh,rLC_neg_mtb_4282485,TRUE,TRUE,FALSE,Mass within 25 ppm,1.30181254619654,Reliably detected
778,Milk,pn12,RLC_NEG_MTB_2794603,279.0917,,negative,0.58,,0.00089,Upregulated,,0,,rLC_neg_mtb_1141692,TRUE,TRUE,FALSE,Mass within 25 ppm,1.07491667597618,Reliably detected
779,Milk,pn34,RLC_NEG_MTB_1886575,666.2233,,negative,-0.54,,0.00089,Downregulated,Maltotetraose,2,maltotetraose,,,,,,,No matched supplement feature
780,Milk,pn12,RLC_NEG_MTB_1674307,126.9045,,negative,0.54,,0.001,Upregulated,HI,1,hi,,,,,,,No matched supplement feature
781,Milk,pn12,RLC_NEG_MTB_5204257,877.6576,,negative,-0.54,,0.0011,Downregulated,,0,,rLC_neg_mtb_3785060,TRUE,TRUE,FALSE,Mass within 25 ppm,4.78548821205375,Reliably detected
782,Milk,pn12,RLC_NEG_MTB_5114971,333.2263,,negative,-0.53,,0.0011,Downregulated,,0,,rLC_neg_mtb_3887629,TRUE,TRUE,FALSE,Mass within 25 ppm,7.80256626396209,Reliably detected
783,Milk,pn12,RLC_NEG_MTB_5066254,360.2442,,negative,-0.52,,0.0012,Downregulated,,0,,rLC_neg_mtb_3833210,TRUE,TRUE,FALSE,Mass within 25 ppm,1.66553410353159,Reliably detected
784,Milk,pn12,RLC_NEG_MTB_5254005,438.225,,negative,-0.53,,0.0012,Downregulated,leukotriene E4,1,leukotrienee4,,,,,,,No matched supplement feature
785,Milk,pn34,RLC_NEG_MTB_2110044,241.0118,,negative,0.54,,0.0012,Upregulated,D-Glucose 1-phosphate,19,dglucose1phosphate,rLC_neg_mtb_1316072,TRUE,TRUE,FALSE,Mass within 25 ppm,0.414917616046523,Reliably detected
786,Milk,pn34,RLC_NEG_MTB_6110652,363.326,,negative,-0.55,,0.0013,Downregulated,,0,,,,,,,,No matched supplement feature
787,Milk,pn34,RLC_NEG_MTB_1369021,189.0397,,negative,0.54,,0.0013,Upregulated,Mesaconate,7,mesaconate,rLC_neg_mtb_1621836,TRUE,TRUE,FALSE,Mass within 25 ppm,4.7609273863432,Reliably detected
788,Milk,pn34,RLC_NEG_MTB_2354195,241.0118,,negative,0.55,,0.0013,Upregulated,D-Glucose 1-phosphate,19,dglucose1phosphate,rLC_neg_mtb_1316072,TRUE,TRUE,FALSE,Mass within 25 ppm,0.414917616046523,Reliably detected
789,Milk,pn34,RLC_POS_MTB_1522697,367.1093,,positive,0.52,,0.0013,Upregulated,,0,,rLC_pos_mtb_510275,TRUE,TRUE,FALSE,Mass within 25 ppm,6.80991458187322,Reliably detected
790,Milk,pn12,RLC_NEG_MTB_3622506,917.0679,,negative,-0.53,,0.0015,Downregulated,,0,,,,,,,,No matched supplement feature
791,Milk,pn12,RLC_NEG_MTB_5483668,331.2639,,negative,-0.52,,0.0015,Downregulated,Adrenic acid,0,adrenicacid,rLC_neg_mtb_5414985,TRUE,TRUE,FALSE,Mass within 25 ppm,0,Reliably detected
792,Milk,pn12,RLC_NEG_MTB_5177092,816.4335,,negative,-0.53,,0.0015,Downregulated,,0,,,,,,,,No matched supplement feature
793,Milk,pn12,RLC_NEG_MTB_5569730,308.2674,,negative,-0.53,,0.0015,Downregulated,,0,,rLC_neg_mtb_4213289,TRUE,TRUE,FALSE,Mass within 25 ppm,0.973182022932506,Reliably detected
794,Milk,pn34,RLC_NEG_MTB_1782411,243.009,,negative,0.55,,0.0015,Upregulated,"(2S,3R)-3-Hydroxybutane-1,2,3-tricarboxylate",2,2s3r3hydroxybutane123tricarboxylate,rLC_neg_mtb_1455300,TRUE,TRUE,FALSE,Mass within 25 ppm,4.93811309753429,Reliably detected
795,Milk,pn34,RLC_POS_MTB_6101880,810.037,,positive,-0.54,,0.0016,Downregulated,,0,,rLC_pos_mtb_5009850,TRUE,TRUE,FALSE,Mass within 25 ppm,0.493804847846725,Reliably detected
796,Milk,pn34,RLC_NEG_MTB_7655968,175.0226,,negative,0.53,,0.0016,Upregulated,"D-glucurono-6,3-lactone",8,dglucurono63lactone,rLC_neg_mtb_5873695,TRUE,TRUE,FALSE,Mass within 25 ppm,10.8558587641704,Reliably detected
797,Milk,pn34,RLC_NEG_MTB_2702771,313.1035,,negative,0.51,,0.0017,Upregulated,2-Hydroxyfelbamate,3,2hydroxyfelbamate,,,,,,,No matched supplement feature
798,Milk,pn12,RLC_NEG_MTB_5458776,332.2668,,negative,-0.51,,0.0019,Downregulated,13C of Adrenic acid [rLC_neg_mtb_5483668],0,13cofadrenicacidrlcnegmtb5483668,rLC_neg_mtb_4141731,TRUE,TRUE,FALSE,Mass within 25 ppm,0.601926284515625,Reliably detected
799,Milk,pn34,RLC_POS_MTB_3096537,202.0477,,positive,-0.52,,0.0019,Downregulated,adrenochrome,2,adrenochrome,,,,,,,No matched supplement feature
800,Milk,pn34,RLC_POS_MTB_1704110,366.1106,,positive,0.51,,0.0019,Upregulated,,0,,rLC_pos_mtb_478917,TRUE,TRUE,FALSE,Mass within 25 ppm,8.46745832838934,Reliably detected
801,Milk,pn34,RLC_NEG_MTB_1735167,567.2037,,negative,0.52,,0.0019,Upregulated,,0,,,,,,,,No matched supplement feature
802,Milk,pn12,RLC_NEG_MTB_5065892,332.2289,,negative,-0.52,,0.002,Downregulated,,0,,rLC_neg_mtb_3853067,TRUE,TRUE,FALSE,Mass within 25 ppm,2.70898298759122,Reliably detected
803,Milk,pn34,RLC_NEG_MTB_5180084,1036.646,,negative,-0.51,,0.002,Downregulated,,0,,,,,,,,No matched supplement feature
804,Milk,pn34,RLC_POS_MTB_3954238,547.3763,,positive,-0.51,,0.0021,Downregulated,,0,,,,,,,,No matched supplement feature
805,Milk,pn12,RLC_NEG_MTB_6273863,766.4559,,negative,-0.5,,0.0024,Downregulated,,0,,,,,,,,No matched supplement feature
806,Milk,pn12,RLC_NEG_MTB_5200359,657.4391,,negative,-0.52,,0.0024,Downregulated,,0,,rLC_neg_mtb_4169984,TRUE,TRUE,FALSE,Mass within 25 ppm,8.97429579156773,Reliably detected
807,Milk,pn34,RLC_NEG_MTB_7658434,331.0264,,negative,0.5,,0.0024,Upregulated,,0,,rLC_neg_mtb_530263,TRUE,TRUE,FALSE,Mass within 25 ppm,7.55232477170901,Reliably detected
808,Milk,1421d,RLC_NEG_MTB_2070236,882.2664,,negative,0.52,,0.0025,Upregulated,,0,,,,,,,,No matched supplement feature
809,Milk,pn12,RLC_NEG_MTB_6361117,668.4032,,negative,-0.51,,0.0025,Downregulated,,0,,rLC_neg_mtb_3747484,TRUE,TRUE,FALSE,Mass within 25 ppm,1.04727096902286,Reliably detected
810,Milk,pn34,RLC_NEG_MTB_7636332,838.5255,,negative,-0.51,,0.0027,Downregulated,,0,,rLC_neg_mtb_4172846,TRUE,FALSE,FALSE,Mass within 25 ppm,0,Detected
811,Milk,pn34,RLC_POS_MTB_4019457,615.4646,,positive,-0.51,,0.0029,Downregulated,,0,,rLC_pos_mtb_3638085,TRUE,TRUE,FALSE,Mass within 25 ppm,16.7356049019875,Reliably detected
812,Milk,pn34,RLC_POS_MTB_2876065,105.034,,positive,-0.53,,0.0029,Downregulated,Benzoate,2,benzoate,,,,,,,No matched supplement feature
813,Milk,pn34,RLC_NEG_MTB_2445725,520.1657,,negative,-0.5,,0.0029,Downregulated,,0,,rLC_neg_mtb_1357842,TRUE,TRUE,FALSE,Mass within 25 ppm,3.65269555470375,Reliably detected
814,Milk,pn12,RLC_NEG_MTB_5253999,437.2216,,negative,-0.51,,0.003,Downregulated,leukotriene E4,1,leukotrienee4,,,,,,,No matched supplement feature
815,Milk,pn34,RLC_NEG_MTB_1203490,147.0296,,negative,0.51,,0.0031,Upregulated,5-Aminoimidazole-4-carboxamide hydrochloride,14,5aminoimidazole4carboxamidehydrochloride,rLC_neg_mtb_1331796,TRUE,TRUE,FALSE,Mass within 25 ppm,2.04040963251228,Reliably detected
816,Milk,pn12,RLC_NEG_MTB_5518745,482.2944,,negative,-0.5,,0.0032,Downregulated,Taurolithocholate,1,taurolithocholate,,,,,,,No matched supplement feature
817,Milk,pn34,RLC_NEG_MTB_6823867,773.532,,negative,0.5,,0.0032,Upregulated,,0,,rLC_neg_mtb_5357363,TRUE,TRUE,FALSE,Mass within 25 ppm,0.258554201040107,Reliably detected
818,Milk,pn12,RLC_NEG_MTB_7665707,834.5223,,negative,-0.49,,0.0035,Downregulated,Phosphatidylserine,1,phosphatidylserine,rLC_neg_mtb_4242609,TRUE,TRUE,FALSE,Mass within 25 ppm,0.599144804657436,Reliably detected
819,Milk,pn12,RLC_NEG_MTB_5204279,878.6614,,negative,-0.51,,0.0035,Downregulated,,0,,,,,,,,No matched supplement feature
820,Milk,pn12,RLC_NEG_MTB_5177079,815.4279,,negative,-0.5,,0.0035,Downregulated,,0,,,,,,,,No matched supplement feature
821,Milk,1421d,RLC_NEG_MTB_1228526,310.1142,,negative,0.51,,0.0036,Upregulated,,0,,rLC_neg_mtb_1456246,TRUE,TRUE,FALSE,Mass within 25 ppm,2.90216511191702,Reliably detected
822,Milk,1421d,RLC_NEG_MTB_5041133,277.2179,,negative,0.51,,0.004,Upregulated,Alpha-linolenic acid_[M-H]-,5,alphalinolenicacidmh,rLC_neg_mtb_3905774,TRUE,TRUE,FALSE,Mass within 25 ppm,3.60728368283591,Reliably detected
823,Milk,pn34,RLC_NEG_MTB_1541782,339.0834,,negative,0.49,,0.004,Upregulated,,0,,rLC_neg_mtb_1159616,TRUE,TRUE,FALSE,Mass within 25 ppm,2.359296009742,Reliably detected
824,Milk,1421d,RLC_NEG_MTB_1605350,918.2463,,negative,0.54,,0.0041,Upregulated,,0,,,,,,,,No matched supplement feature
825,Milk,1421d,RLC_NEG_MTB_5223838,277.4348,,negative,-0.52,,0.0041,Downregulated,,0,,,,,,,,No matched supplement feature
826,Milk,pn34,RLC_NEG_MTB_1203388,129.0192,,negative,0.5,,0.0041,Upregulated,Mesaconate,4,mesaconate,rLC_neg_mtb_1272276,TRUE,TRUE,FALSE,Mass within 25 ppm,0.77507783699724,Reliably detected
827,Milk,pn12,RLC_NEG_MTB_5175563,677.2134,,negative,-0.49,,0.0042,Downregulated,,0,,,,,,,,No matched supplement feature
828,Milk,1421d,RLC_NEG_MTB_5068107,517.2083,,negative,0.49,,0.0042,Upregulated,NPC,1,npc,,,,,,,No matched supplement feature
829,Milk,pn12,RLC_NEG_MTB_5115361,358.2445,,negative,-0.5,,0.0043,Downregulated,"24,25,26,27-tetranor-23-oxo-hydroxyvitamin D3",1,24252627tetranor23oxohydroxyvitamind3,rLC_neg_mtb_3887911,TRUE,TRUE,FALSE,Mass within 25 ppm,1.11655462494075,Reliably detected
830,Milk,pn34,RLC_NEG_MTB_2116425,561.1854,,negative,-0.51,,0.0043,Downregulated,,0,,,,,,,,No matched supplement feature
831,Milk,pn34,RLC_POS_MTB_5686108,631.5656,,positive,0.49,,0.0043,Upregulated,,0,,,,,,,,No matched supplement feature
832,Milk,pn12,RLC_NEG_MTB_5255319,558.4563,,negative,-0.49,,0.0044,Downregulated,,0,,rLC_neg_mtb_4499675,TRUE,TRUE,FALSE,Mass within 25 ppm,8.59504807037047,Reliably detected
833,Milk,pn34,RLC_NEG_MTB_6273183,720.4541,,negative,-0.5,,0.0044,Downregulated,,0,,,,,,,,No matched supplement feature
834,Milk,1421d,RLC_POS_MTB_10040225,851.6354,,positive,0.51,,0.0045,Upregulated,,0,,,,,,,,No matched supplement feature
835,Milk,1421d,RLC_NEG_MTB_1705399,554.1239,,negative,0.53,,0.0045,Upregulated,Biotinyl-5'-AMP,2,biotinyl5amp,,,,,,,No matched supplement feature
836,Milk,pn34,RLC_NEG_MTB_1977537,172.097,,negative,-0.49,,0.0046,Downregulated,6-Hydroxyhexanoic acid,1,6hydroxyhexanoicacid,rLC_neg_mtb_1430299,TRUE,TRUE,FALSE,Mass within 25 ppm,1.74319992226222,Reliably detected
837,Milk,pn12,RLC_NEG_MTB_5223843,277.5154,,negative,-0.51,,0.0047,Downregulated,,0,,,,,,,,No matched supplement feature
838,Milk,pn34,RLC_NEG_MTB_4648675,381.1628,,negative,-0.51,,0.0049,Downregulated,11-Dehydrocorticosterone,1,11dehydrocorticosterone,,,,,,,No matched supplement feature
839,Milk,pn12,RLC_POS_MTB_2728271,310.2037,,positive,0.51,,0.005,Upregulated,,0,,,,,,,,No matched supplement feature
840,Milk,1421d,RLC_NEG_MTB_6362184,734.4475,,negative,0.51,,0.005,Upregulated,,0,,,,,,,,No matched supplement feature
841,Milk,1421d,RLC_NEG_MTB_1286831,351.1221,,negative,0.52,,0.005,Upregulated,,0,,,,,,,,No matched supplement feature
842,Milk,pn12,RLC_NEG_MTB_5139389,254.2207,,negative,-0.49,,0.005,Downregulated,,0,,rLC_neg_mtb_3943919,TRUE,TRUE,FALSE,Mass within 25 ppm,0.393358843978619,Reliably detected
843,Milk,pn12,RLC_NEG_MTB_5201754,739.4438,,negative,-0.5,,0.005,Downregulated,,0,,,,,,,,No matched supplement feature
844,Milk,pn12,RLC_NEG_MTB_6274310,796.4462,,negative,-0.49,,0.005,Downregulated,,0,,,,,,,,No matched supplement feature
845,Milk,pn12,RLC_NEG_MTB_1286609,341.0841,,negative,0.51,,0.005,Upregulated,,0,,rLC_neg_mtb_1399316,FALSE,FALSE,FALSE,Mass within 25 ppm,6.45006375289731,Not detected
846,Milk,pn12,RLC_NEG_MTB_5174436,581.4539,,negative,-0.49,,0.005,Downregulated,FAHFA_C38H62O4_[M-H]-,0,fahfac38h62o4mh,,,,,,,No matched supplement feature
847,Milk,pn34,RLC_NEG_MTB_1261959,363.0727,,negative,0.51,,0.005,Upregulated,CMP,1,cmp,rLC_neg_mtb_5671697,TRUE,TRUE,FALSE,Mass within 25 ppm,3.85599192221922,Reliably detected
848,Milk,pn34,RLC_POS_MTB_1483121,137.0713,,positive,0.49,,0.0051,Upregulated,,0,,,,,,,,No matched supplement feature
849,Milk,pn34,RLC_POS_MTB_4812078,519.4387,,positive,-0.49,,0.0051,Downregulated,,0,,,,,,,,No matched supplement feature
850,Milk,1421d,RLC_NEG_MTB_5043448,450.2534,,negative,0.52,,0.0052,Upregulated,,0,,rLC_neg_mtb_3867927,TRUE,TRUE,FALSE,Mass within 25 ppm,23.7638310493458,Reliably detected
851,Milk,pn34,RLC_NEG_MTB_5538131,334.2828,,negative,-0.5,,0.0052,Downregulated,,0,,,,,,,,No matched supplement feature
852,Milk,pn12,RLC_NEG_MTB_5114219,277.7362,,negative,-0.5,,0.0053,Downregulated,,0,,,,,,,,No matched supplement feature
853,Milk,pn12,RLC_NEG_MTB_5256296,634.4427,,negative,-0.49,,0.0053,Downregulated,,0,,,,,,,,No matched supplement feature
854,Milk,pn12,RLC_NEG_MTB_6246727,795.4456,,negative,-0.48,,0.0054,Downregulated,,0,,,,,,,,No matched supplement feature
855,Milk,1421d,RLC_NEG_MTB_6362163,733.4476,,negative,0.51,,0.0055,Upregulated,,0,,rLC_neg_mtb_3631454,TRUE,TRUE,FALSE,Mass within 25 ppm,10.0892351951723,Reliably detected
856,Milk,1421d,RLC_NEG_MTB_5043338,436.2115,,negative,0.48,,0.0055,Upregulated,,0,,,,,,,,No matched supplement feature
857,Milk,pn12,RLC_NEG_MTB_1512641,126.9046,,negative,0.48,,0.0057,Upregulated,HI,1,hi,,,,,,,No matched supplement feature
858,Milk,pn34,RLC_NEG_MTB_1618922,129.0191,,negative,0.49,,0.0059,Upregulated,Mesaconate,4,mesaconate,rLC_neg_mtb_1272276,TRUE,TRUE,FALSE,Mass within 25 ppm,1.55015567421477,Reliably detected
859,Milk,pn12,RLC_NEG_MTB_4795696,224.1733,,negative,-0.48,,0.006,Downregulated,,0,,,,,,,,No matched supplement feature
860,Milk,pn34,RLC_NEG_MTB_5204299,879.6651,,negative,-0.48,,0.0061,Downregulated,,0,,,,,,,,No matched supplement feature
861,Milk,1421d,RLC_NEG_MTB_2192103,533.1131,,negative,0.52,,0.0064,Upregulated,,0,,,,,,,,No matched supplement feature
862,Milk,1421d,RLC_NEG_MTB_5251917,277.4445,,negative,-0.5,,0.0064,Downregulated,,0,,,,,,,,No matched supplement feature
863,Milk,pn34,RLC_NEG_MTB_7325643,829.5046,,negative,-0.48,,0.0064,Downregulated,,0,,rLC_neg_mtb_4056842,TRUE,TRUE,FALSE,Mass within 25 ppm,1.32609094797653,Reliably detected
864,Milk,pn12,RLC_NEG_MTB_4796978,305.1948,,negative,-0.48,,0.0065,Downregulated,,0,,rLC_neg_mtb_3796407,TRUE,TRUE,FALSE,Mass within 25 ppm,0.982979706323467,Reliably detected
865,Milk,pn12,RLC_NEG_MTB_5274200,277.3068,,negative,-0.48,,0.0065,Downregulated,,0,,,,,,,,No matched supplement feature
866,Milk,pn12,RLC_NEG_MTB_4986982,280.2363,,negative,-0.48,,0.0065,Downregulated,linoleic acid (all cis C18:2) n-6,1,linoleicacidallcisc182n6,rLC_neg_mtb_3984285,TRUE,TRUE,FALSE,Mass within 25 ppm,0.356841580804271,Reliably detected
867,Milk,pn34,RLC_NEG_MTB_1835786,562.1932,,negative,-0.49,,0.0065,Downregulated,,0,,,,,,,,No matched supplement feature
868,Milk,pn34,RLC_NEG_MTB_2029438,254.0772,,negative,0.5,,0.0065,Upregulated,,0,,,,,,,,No matched supplement feature
869,Milk,pn12,RLC_NEG_MTB_4936245,253.2175,,negative,-0.48,,0.0066,Downregulated,Palmitoleic acid_[M-H]-,0,palmitoleicacidmh,rLC_neg_mtb_3924681,TRUE,TRUE,FALSE,Mass within 25 ppm,1.97459096343522,Reliably detected
870,Milk,pn12,RLC_NEG_MTB_4986965,279.2341,,negative,-0.49,,0.0066,Downregulated,"Linoleic acid; 10,12-octadecadienoic acid_[M-H]-",1,linoleicacid1012octadecadienoicacidmh,rLC_neg_mtb_3969757,TRUE,TRUE,TRUE,Mass within 25 ppm,0.716245412919561,Supplement-abundant
871,Milk,pn12,RLC_NEG_MTB_5174586,596.2151,,negative,-0.49,,0.0068,Downregulated,,0,,,,,,,,No matched supplement feature
872,Milk,pn34,RLC_NEG_MTB_5179012,959.6583,,negative,-0.48,,0.0068,Downregulated,,0,,,,,,,,No matched supplement feature
873,Milk,pn12,RLC_NEG_MTB_6273639,752.442,,negative,-0.47,,0.0071,Downregulated,,0,,,,,,,,No matched supplement feature
874,Milk,pn34,RLC_POS_MTB_3064492,207.1119,,positive,-0.49,,0.0072,Downregulated,,0,,,,,,,,No matched supplement feature
875,Milk,pn34,RLC_NEG_MTB_1801477,219.0331,,negative,0.5,,0.0072,Upregulated,,0,,rLC_neg_mtb_1299158,TRUE,TRUE,FALSE,Mass within 25 ppm,5.02209722770953,Reliably detected
876,Milk,pn34,RLC_NEG_MTB_6514849,783.4728,,negative,-0.48,,0.0075,Downregulated,,0,,,,,,,,No matched supplement feature
877,Milk,pn34,RLC_NEG_MTB_10175085,157.871,,negative,0.47,,0.0076,Upregulated,,0,,rLC_neg_mtb_5996848,TRUE,TRUE,FALSE,Mass within 25 ppm,0.633428157549543,Reliably detected
878,Milk,1421d,RLC_NEG_MTB_1520052,554.1172,,negative,0.51,,0.008,Upregulated,,0,,,,,,,,No matched supplement feature
879,Milk,pn12,RLC_NEG_MTB_5255310,557.4537,,negative,-0.47,,0.008,Downregulated,FAHFA_C36H62O4_[M-H]-;VLCDCA_C36H62O4_[M-H]-,0,fahfac36h62o4mhvlcdcac36h62o4mh,rLC_neg_mtb_4499658,TRUE,TRUE,FALSE,Mass within 25 ppm,7.71358559737916,Reliably detected
880,Milk,pn34,RLC_NEG_MTB_1852149,253.0328,,negative,-0.49,,0.0081,Downregulated,,0,,rLC_neg_mtb_1582247,TRUE,TRUE,FALSE,Mass within 25 ppm,9.08981328345598,Reliably detected
881,Milk,pn34,RLC_POS_MTB_2876778,180.0661,,positive,-0.48,,0.0083,Downregulated,Hippuric acid_[M+H]+,4,hippuricacidmh,,,,,,,No matched supplement feature
882,Milk,pn12,RLC_NEG_MTB_3576354,385.1179,,negative,-0.46,,0.0084,Downregulated,,0,,rLC_neg_mtb_1160183,TRUE,TRUE,FALSE,Mass within 25 ppm,10.6462037974074,Reliably detected
883,Milk,pn12,RLC_NEG_MTB_4588465,267.1961,,negative,-0.48,,0.0084,Downregulated,,0,,rLC_neg_mtb_3725456,TRUE,TRUE,FALSE,Mass within 25 ppm,0.748513358929893,Reliably detected
884,Milk,pn34,RLC_NEG_MTB_5146127,579.3926,,negative,-0.49,,0.0085,Downregulated,,0,,,,,,,,No matched supplement feature
885,Milk,pn12,RLC_NEG_MTB_5172120,385.2575,,negative,-0.49,,0.0086,Downregulated,Glycerol trihexanoic acid_[M-H]-,0,glyceroltrihexanoicacidmh,rLC_neg_mtb_3970407,TRUE,TRUE,FALSE,Mass within 25 ppm,0.51913303746204,Reliably detected
886,Milk,pn12,RLC_NEG_MTB_5171832,361.2358,,negative,-0.48,,0.0086,Downregulated,DiHDPA; Putative_Known_Oxylipin_C22H34O4_[M-H]-,6,dihdpaputativeknownoxylipinc22h34o4mh,rLC_neg_mtb_3887941,TRUE,TRUE,FALSE,Mass within 25 ppm,0.830481781965813,Reliably detected
887,Milk,pn12,RLC_NEG_MTB_6271682,611.4329,,negative,-0.47,,0.0086,Downregulated,,0,,,,,,,,No matched supplement feature
888,Milk,1421d,RLC_POS_MTB_2677857,203.1384,,positive,-0.48,,0.009,Downregulated,,0,,rLC_pos_mtb_1544729,TRUE,TRUE,FALSE,Mass within 25 ppm,2.95364257980948,Reliably detected
889,Milk,1421d,RLC_NEG_MTB_2701867,250.0807,,negative,-0.47,,0.0092,Downregulated,,0,,rLC_neg_mtb_1333358,TRUE,TRUE,FALSE,Mass within 25 ppm,12.7960332297826,Reliably detected
890,Milk,pn12,RLC_NEG_MTB_6640277,683.4664,,negative,-0.47,,0.0093,Downregulated,,0,,rLC_neg_mtb_4217830,TRUE,TRUE,FALSE,Mass within 25 ppm,1.31681501075685,Reliably detected
891,Milk,pn12,RLC_NEG_MTB_5431451,465.2534,,negative,-0.47,,0.0095,Downregulated,"25-hydroxyvitamin D3-26,23-lactone",4,25hydroxyvitamind32623lactone,,,,,,,No matched supplement feature
892,Milk,pn12,RLC_NEG_MTB_5258517,829.6558,,negative,-0.46,,0.0096,Downregulated,,0,,,,,,,,No matched supplement feature
893,Milk,pn12,RLC_NEG_MTB_5280011,633.4386,,negative,-0.47,,0.0096,Downregulated,,0,,,,,,,,No matched supplement feature
894,Milk,pn12,RLC_NEG_MTB_3612715,427.1305,,negative,-0.46,,0.0096,Downregulated,,0,,rLC_neg_mtb_1415621,TRUE,TRUE,FALSE,Mass within 25 ppm,7.25768237389342,Reliably detected
895,Milk,pn12,RLC_NEG_MTB_4798181,374.2021,,negative,-0.47,,0.0096,Downregulated,,0,,,,,,,,No matched supplement feature
896,Milk,pn12,RLC_NEG_MTB_5172155,386.2613,,negative,-0.48,,0.0097,Downregulated,,0,,rLC_neg_mtb_3691109,TRUE,TRUE,FALSE,Mass within 25 ppm,12.1680768691432,Reliably detected
897,Milk,1421d,RLC_NEG_MTB_6362835,778.4557,,negative,0.49,,0.0099,Upregulated,,0,,rLC_neg_mtb_4056299,TRUE,TRUE,FALSE,Mass within 25 ppm,24.6636082936893,Reliably detected
898,Milk,pn12,RLC_NEG_MTB_5116069,411.2061,,negative,-0.46,,0.0099,Downregulated,,0,,,,,,,,No matched supplement feature
899,Milk,1421d,RLC_NEG_MTB_4648696,382.243,,negative,0.47,,0.01,Upregulated,,0,,rLC_neg_mtb_4330902,TRUE,TRUE,FALSE,Mass within 25 ppm,2.09290510408948,Reliably detected
900,Milk,1421d,RLC_NEG_MTB_1261161,309.1118,,negative,0.48,,0.01,Upregulated,,0,,,,,,,,No matched supplement feature
901,Milk,1421d,RLC_NEG_MTB_2246764,,,negative,0.52,,0.01,Upregulated,,0,,,,,,,,No matched supplement feature
902,Milk,pn34,RLC_NEG_MTB_2330795,526.1361,,negative,0.48,,0.01,Upregulated,,0,,rLC_neg_mtb_1377092,TRUE,TRUE,FALSE,Mass within 25 ppm,2.47083746546253,Reliably detected
903,Milk,pn34,RLC_NEG_MTB_6600555,318.0663,,negative,0.48,,0.01,Upregulated,,0,,rLC_neg_mtb_3726080,TRUE,TRUE,FALSE,Mass within 25 ppm,1.57199682578684,Reliably detected
904,Milk,pn34,RLC_NEG_MTB_4857032,384.1737,,negative,-0.48,,0.01,Downregulated,,0,,,,,,,,No matched supplement feature
905,Milk,1421d,RLC_NEG_MTB_1350260,835.1545,,negative,0.49,,0.011,Upregulated,,0,,,,,,,,No matched supplement feature
906,Milk,pn12,RLC_NEG_MTB_4795678,223.1696,,negative,-0.46,,0.011,Downregulated,,0,,rLC_neg_mtb_3814618,TRUE,TRUE,FALSE,Mass within 25 ppm,5.3770475349437,Reliably detected
907,Milk,pn12,RLC_NEG_MTB_1341788,436.009,,negative,0.47,,0.011,Upregulated,,0,,,,,,,,No matched supplement feature
908,Milk,pn34,RLC_NEG_MTB_6086121,499.1248,,negative,0.47,,0.011,Upregulated,,0,,,,,,,,No matched supplement feature
909,Milk,pn34,RLC_NEG_MTB_7783929,674.4773,,negative,-0.48,,0.011,Downregulated,,0,,rLC_neg_mtb_4637108,TRUE,TRUE,FALSE,Mass within 25 ppm,10.52655925035,Reliably detected
910,Milk,pn34,RLC_NEG_MTB_5650756,360.2976,,negative,-0.47,,0.011,Downregulated,,0,,,,,,,,No matched supplement feature
911,Milk,1421d,RLC_NEG_MTB_5193540,277.5645,,negative,-0.49,,0.012,Downregulated,,0,,,,,,,,No matched supplement feature
912,Milk,1421d,RLC_NEG_MTB_5086958,278.2209,,negative,0.47,,0.012,Upregulated,"(6Z,9Z,12Z)-Octadecatrienoic acid",2,6z9z12zoctadecatrienoicacid,rLC_neg_mtb_3905783,TRUE,TRUE,FALSE,Mass within 25 ppm,0,Reliably detected
913,Milk,pn12,RLC_NEG_MTB_5195022,362.2388,,negative,-0.46,,0.012,Downregulated,,0,,rLC_neg_mtb_3744403,TRUE,TRUE,FALSE,Mass within 25 ppm,3.03668005844807,Reliably detected
914,Milk,pn34,RLC_NEG_MTB_7025462,866.5238,,negative,-0.46,,0.012,Downregulated,,0,,rLC_neg_mtb_4148099,TRUE,TRUE,FALSE,Mass within 25 ppm,1.38484558860881,Reliably detected
915,Milk,pn34,RLC_NEG_MTB_1903274,233.0327,,negative,0.48,,0.012,Upregulated,Dopamine 3-O-sulfate,1,dopamine3osulfate,rLC_neg_mtb_1176150,TRUE,TRUE,FALSE,Mass within 25 ppm,23.6012808199841,Reliably detected
916,Milk,1421d,RLC_NEG_MTB_5045547,594.1962,,negative,0.47,,0.013,Upregulated,,0,,,,,,,,No matched supplement feature
917,Milk,1421d,RLC_NEG_MTB_4683342,359.242,,negative,-0.47,,0.013,Downregulated,,0,,rLC_neg_mtb_3853212,TRUE,TRUE,FALSE,Mass within 25 ppm,1.11345431373478,Reliably detected
918,Milk,1421d,RLC_POS_MTB_5092129,1280.785,,positive,-0.48,,0.013,Downregulated,,0,,,,,,,,No matched supplement feature
919,Milk,pn12,RLC_NEG_MTB_6576985,778.4771,,negative,-0.46,,0.013,Downregulated,,0,,rLC_neg_mtb_4056299,TRUE,TRUE,FALSE,Mass within 25 ppm,2.82603845018318,Reliably detected
920,Milk,pn12,RLC_POS_MTB_4542448,508.4447,,positive,-0.47,,0.013,Downregulated,,0,,,,,,,,No matched supplement feature
921,Milk,pn12,RLC_NEG_MTB_6083669,364.3286,,negative,-0.47,,0.013,Downregulated,,0,,,,,,,,No matched supplement feature
922,Milk,pn12,RLC_NEG_MTB_5938078,681.3984,,negative,-0.47,,0.013,Downregulated,,0,,,,,,,,No matched supplement feature
923,Milk,pn12,RLC_NEG_MTB_3612768,430.1287,,negative,-0.45,,0.013,Downregulated,,0,,rLC_neg_mtb_1357251,TRUE,TRUE,FALSE,Mass within 25 ppm,9.76461466382151,Reliably detected
924,Milk,pn12,RLC_NEG_MTB_3613001,443.108,,negative,-0.45,,0.013,Downregulated,,0,,,,,,,,No matched supplement feature
925,Milk,pn12,RLC_POS_MTB_4414888,584.5084,,positive,-0.45,,0.013,Downregulated,,0,,,,,,,,No matched supplement feature
926,Milk,pn12,RLC_NEG_MTB_6609383,780.4724,,negative,-0.45,,0.013,Downregulated,,0,,,,,,,,No matched supplement feature
927,Milk,pn12,RLC_NEG_MTB_5276154,384.2607,,negative,-0.47,,0.013,Downregulated,,0,,rLC_neg_mtb_4007503,TRUE,TRUE,FALSE,Mass within 25 ppm,1.56143749063441,Reliably detected
928,Milk,pn34,RLC_NEG_MTB_7715155,135.0283,,negative,0.47,,0.013,Upregulated,D-Lactate,7,dlactate,rLC_neg_mtb_1298230,TRUE,TRUE,FALSE,Mass within 25 ppm,9.62751870690806,Reliably detected
929,Milk,pn34,RLC_POS_MTB_4122930,629.4819,,positive,-0.48,,0.013,Downregulated,,0,,,,,,,,No matched supplement feature
930,Milk,pn12,RLC_NEG_MTB_6610200,825.4766,,negative,-0.45,,0.014,Downregulated,,0,,,,,,,,No matched supplement feature
931,Milk,pn12,RLC_POS_MTB_2999427,310.2026,,positive,0.45,,0.014,Upregulated,,0,,,,,,,,No matched supplement feature
932,Milk,pn12,RLC_NEG_MTB_5017517,403.231,,negative,-0.46,,0.014,Downregulated,,0,,,,,,,,No matched supplement feature
933,Milk,pn34,RLC_POS_MTB_2906867,619.3036,,positive,0.47,,0.014,Upregulated,,0,,rLC_pos_mtb_2742196,TRUE,TRUE,FALSE,Mass within 25 ppm,4.03680858945815,Reliably detected
934,Milk,pn34,RLC_NEG_MTB_5819027,335.2949,,negative,-0.47,,0.014,Downregulated,,0,,rLC_neg_mtb_4429255,TRUE,TRUE,FALSE,Mass within 25 ppm,1.19297824936192,Reliably detected
935,Milk,pn34,RLC_NEG_MTB_5048353,804.5549,,negative,-0.46,,0.014,Downregulated,,0,,rLC_neg_mtb_4706501,TRUE,TRUE,FALSE,Mass within 25 ppm,0.870045525817805,Reliably detected
936,Milk,pn34,RLC_NEG_MTB_6759629,638.4258,,negative,-0.47,,0.014,Downregulated,,0,,,,,,,,No matched supplement feature
937,Milk,pn34,RLC_NEG_MTB_1483668,57.0349,,negative,0.47,,0.014,Upregulated,Acetone,2,acetone,rLC_neg_mtb_1270497,TRUE,TRUE,FALSE,Mass within 25 ppm,0,Reliably detected
938,Milk,pn12,RLC_NEG_MTB_3612732,428.1319,,negative,-0.44,,0.015,Downregulated,,0,,rLC_neg_mtb_1255647,TRUE,TRUE,FALSE,Mass within 25 ppm,0.467145537572724,Reliably detected
939,Milk,pn12,RLC_NEG_MTB_4908200,313.2369,,negative,-0.44,,0.015,Downregulated,,0,,rLC_neg_mtb_3645039,TRUE,TRUE,FALSE,Mass within 25 ppm,1.2769871276929,Reliably detected
940,Milk,pn12,RLC_NEG_MTB_6577371,796.4866,,negative,-0.45,,0.015,Downregulated,,0,,,,,,,,No matched supplement feature
941,Milk,pn12,RLC_NEG_MTB_5675900,366.2682,,negative,-0.45,,0.015,Downregulated,,0,,rLC_neg_mtb_3797010,TRUE,TRUE,FALSE,Mass within 25 ppm,2.73024720743859,Reliably detected
942,Milk,pn12,RLC_NEG_MTB_6025088,769.4141,,negative,-0.45,,0.015,Downregulated,,0,,,,,,,,No matched supplement feature
943,Milk,pn12,RLC_POS_MTB_4610083,783.5069,,positive,0.45,,0.015,Upregulated,,0,,,,,,,,No matched supplement feature
944,Milk,pn12,RLC_NEG_MTB_5274061,269.2478,,negative,-0.45,,0.015,Downregulated,Heptadecanoic acid_[M-H]-,0,heptadecanoicacidmh,rLC_neg_mtb_4236668,TRUE,TRUE,FALSE,Mass within 25 ppm,2.5998287826852,Reliably detected
945,Milk,pn12,RLC_NEG_MTB_3649408,602.0986,,negative,-0.45,,0.015,Downregulated,,0,,,,,,,,No matched supplement feature
946,Milk,pn12,RLC_NEG_MTB_6245468,722.4479,,negative,-0.44,,0.015,Downregulated,,0,,,,,,,,No matched supplement feature
947,Milk,pn34,RLC_POS_MTB_2494796,284.0549,,positive,-0.46,,0.015,Downregulated,N-Acetyl-D-glucosamine 6-phosphate,3,nacetyldglucosamine6phosphate,,,,,,,No matched supplement feature
948,Milk,pn34,RLC_NEG_MTB_1335731,148.0329,,negative,0.47,,0.015,Upregulated,(S)-2-Hydroxyglutarate,2,s2hydroxyglutarate,rLC_neg_mtb_1335731,TRUE,TRUE,FALSE,Exact feature identifier,0,Reliably detected
949,Milk,pn12,RLC_NEG_MTB_6512934,663.4633,,negative,-0.45,,0.016,Downregulated,,0,,,,,,,,No matched supplement feature
950,Milk,pn12,RLC_NEG_MTB_5966600,680.4022,,negative,-0.46,,0.016,Downregulated,,0,,rLC_neg_mtb_3972243,TRUE,TRUE,FALSE,Mass within 25 ppm,8.08338882699833,Reliably detected
951,Milk,pn12,RLC_NEG_MTB_1518698,469.0207,,negative,0.45,,0.016,Upregulated,,0,,rLC_neg_mtb_1090469,TRUE,TRUE,TRUE,Mass within 25 ppm,4.05097750094484,Supplement-abundant
952,Milk,pn12,RLC_NEG_MTB_3577712,447.1028,,negative,-0.44,,0.016,Downregulated,,0,,rLC_neg_mtb_2641723,TRUE,TRUE,FALSE,Mass within 25 ppm,8.94640833022244,Reliably detected
953,Milk,pn12,RLC_NEG_MTB_6214481,710.4348,,negative,-0.44,,0.016,Downregulated,,0,,rLC_neg_mtb_3950190,TRUE,FALSE,FALSE,Mass within 25 ppm,15.6244787440821,Detected
954,Milk,pn12,RLC_NEG_MTB_6578430,849.4744,,negative,-0.44,,0.016,Downregulated,,0,,,,,,,,No matched supplement feature
955,Milk,pn12,RLC_NEG_MTB_4592567,452.2468,,negative,-0.46,,0.016,Downregulated,,0,,,,,,,,No matched supplement feature
956,Milk,pn12,RLC_NEG_MTB_3588036,917.0742,,negative,-0.45,,0.016,Downregulated,,0,,,,,,,,No matched supplement feature
957,Milk,pn12,RLC_NEG_MTB_5046358,653.4075,,negative,0.44,,0.016,Upregulated,,0,,rLC_neg_mtb_3949293,TRUE,TRUE,FALSE,Mass within 25 ppm,15.1511116784096,Reliably detected
958,Milk,pn12,RLC_NEG_MTB_3649385,601.0968,,negative,-0.44,,0.016,Downregulated,,0,,,,,,,,No matched supplement feature
959,Milk,pn12,RLC_NEG_MTB_5482235,270.2516,,negative,-0.45,,0.016,Downregulated,,0,,rLC_neg_mtb_4212828,TRUE,TRUE,FALSE,Mass within 25 ppm,1.11007545176014,Reliably detected
960,Milk,pn34,RLC_NEG_MTB_1642492,88.0122,,negative,0.44,,0.016,Upregulated,Pyruvate,2,pyruvate,,,,,,,No matched supplement feature
961,Milk,pn34,RLC_NEG_MTB_9163777,155.8735,,negative,0.46,,0.016,Upregulated,,0,,rLC_neg_mtb_5858698,TRUE,TRUE,FALSE,Mass within 25 ppm,0.641546280528427,Reliably detected
962,Milk,pn34,RLC_NEG_MTB_5147226,631.4241,,negative,-0.46,,0.016,Downregulated,,0,,,,,,,,No matched supplement feature
963,Milk,pn12,RLC_NEG_MTB_5204657,897.433,,negative,-0.46,,0.017,Downregulated,,0,,rLC_neg_mtb_4124300,TRUE,TRUE,FALSE,Mass within 25 ppm,12.8144912952893,Reliably detected
964,Milk,pn12,RLC_NEG_MTB_1909209,569.2059,,negative,0.46,,0.017,Upregulated,,0,,rLC_neg_mtb_3298263,TRUE,FALSE,FALSE,Mass within 25 ppm,21.4329094594973,Detected
965,Milk,pn12,RLC_NEG_MTB_5259177,880.6746,,negative,-0.46,,0.017,Downregulated,,0,,rLC_neg_mtb_301484,TRUE,TRUE,FALSE,Mass within 25 ppm,9.6515988553802,Reliably detected
966,Milk,pn12,RLC_NEG_MTB_6577877,822.478,,negative,-0.44,,0.017,Downregulated,,0,,,,,,,,No matched supplement feature
967,Milk,1421d,RLC_NEG_MTB_306193,213.0335,,negative,0.46,,0.018,Upregulated,,0,,rLC_neg_mtb_1252590,TRUE,TRUE,FALSE,Mass within 25 ppm,23.9393236718546,Reliably detected
968,Milk,pn12,RLC_NEG_MTB_4622302,268.1989,,negative,-0.45,,0.018,Downregulated,,0,,,,,,,,No matched supplement feature
969,Milk,pn12,RLC_POS_MTB_4224138,655.4937,,positive,-0.44,,0.018,Downregulated,,0,,,,,,,,No matched supplement feature
970,Milk,pn12,RLC_NEG_MTB_4908423,323.2579,,negative,-0.45,,0.018,Downregulated,,0,,rLC_neg_mtb_3925394,TRUE,TRUE,FALSE,Mass within 25 ppm,0.928050703683734,Reliably detected
971,Milk,pn12,RLC_NEG_MTB_6423554,784.4657,,negative,-0.43,,0.018,Downregulated,,0,,rLC_neg_mtb_4480431,TRUE,TRUE,FALSE,Mass within 25 ppm,12.4924232815953,Reliably detected
972,Milk,pn34,RLC_POS_MTB_3954258,548.377,,positive,-0.46,,0.018,Downregulated,,0,,,,,,,,No matched supplement feature
973,Milk,pn12,RLC_NEG_MTB_4735797,295.2276,,negative,-0.44,,0.019,Downregulated,EpOME; HODE; Putative_Known_Oxylipin_C18H32O3_[M-H]-,4,epomehodeputativeknownoxylipinc18h32o3mh,rLC_neg_mtb_3760445,TRUE,TRUE,FALSE,Mass within 25 ppm,0,Reliably detected
974,Milk,pn12,RLC_NEG_MTB_3615712,587.118,,negative,-0.43,,0.019,Downregulated,,0,,rLC_neg_mtb_1586149,TRUE,TRUE,FALSE,Mass within 25 ppm,3.74713131551934,Reliably detected
975,Milk,pn34,RLC_NEG_MTB_7664278,735.4329,,negative,-0.43,,0.019,Downregulated,,0,,,,,,,,No matched supplement feature
976,Milk,pn12,RLC_NEG_MTB_6514793,781.4689,,negative,-0.43,,0.019,Downregulated,,0,,,,,,,,No matched supplement feature
977,Milk,pn34,RLC_POS_MTB_4813901,609.4474,,positive,-0.46,,0.019,Downregulated,,0,,,,,,,,No matched supplement feature
978,Milk,pn12,RLC_NEG_MTB_5348248,175.0204,,negative,0.43,,0.019,Upregulated,Mesaconate,3,mesaconate,rLC_neg_mtb_5348248,TRUE,FALSE,FALSE,Exact feature identifier,0,Detected
979,Milk,pn34,RLC_NEG_MTB_1879572,242.0151,,negative,0.46,,0.019,Upregulated,"D-myo-Inositol 1,2-cyclic phosphate",1,dmyoinositol12cyclicphosphate,rLC_neg_mtb_1316084,TRUE,TRUE,FALSE,Mass within 25 ppm,9.50362956005255,Reliably detected
980,Milk,pn12,RLC_NEG_MTB_5197845,520.227,,negative,-0.46,,0.019,Downregulated,13-cis-retinoyl-beta-D-glucuronide,3,13cisretinoylbetadglucuronide,,,,,,,No matched supplement feature
981,Milk,pn34,RLC_NEG_MTB_6390694,731.4428,,negative,-0.45,,0.019,Downregulated,,0,,,,,,,,No matched supplement feature
982,Milk,pn12,RLC_NEG_MTB_5791321,336.2979,,negative,-0.44,,0.019,Downregulated,,0,,,,,,,,No matched supplement feature
983,Milk,pn12,RLC_NEG_MTB_4735821,296.2307,,negative,-0.44,,0.019,Downregulated,13(S)-HODE,3,13shode,rLC_neg_mtb_3852840,TRUE,TRUE,FALSE,Mass within 25 ppm,2.02544430640204,Reliably detected
984,Milk,pn12,RLC_NEG_MTB_6452407,739.4647,,negative,-0.43,,0.019,Downregulated,,0,,rLC_neg_mtb_4310227,TRUE,TRUE,FALSE,Mass within 25 ppm,13.7935716277245,Reliably detected
985,Milk,pn12,RLC_POS_MTB_4743946,635.5367,,positive,-0.44,,0.019,Downregulated,,0,,,,,,,,No matched supplement feature
986,Milk,pn12,RLC_NEG_MTB_1855808,438.0948,,negative,0.46,,0.019,Upregulated,,0,,rLC_neg_mtb_1317766,TRUE,TRUE,FALSE,Mass within 25 ppm,3.42390474414993,Reliably detected
987,Milk,pn34,RLC_NEG_MTB_7693507,734.4342,,negative,-0.44,,0.019,Downregulated,,0,,,,,,,,No matched supplement feature
988,Milk,pn34,RLC_NEG_MTB_6733486,771.4857,,negative,-0.44,,0.019,Downregulated,,0,,rLC_neg_mtb_3951133,TRUE,FALSE,FALSE,Mass within 25 ppm,12.7026016354484,Detected
989,Milk,pn12,RLC_NEG_MTB_3615672,585.119,,negative,-0.43,,0.019,Downregulated,,0,,,,,,,,No matched supplement feature
990,Milk,pn12,RLC_NEG_MTB_4796950,304.1981,,negative,-0.44,,0.019,Downregulated,6beta-Hydroxytestosterone,3,6betahydroxytestosterone,rLC_neg_mtb_3796396,TRUE,TRUE,FALSE,Mass within 25 ppm,0.328733043045284,Reliably detected
991,Milk,pn12,RLC_NEG_MTB_4280003,169.123,,negative,-0.43,,0.019,Downregulated,Decenoic acid_[M-H]-,0,decenoicacidmh,rLC_neg_mtb_3343316,TRUE,TRUE,FALSE,Mass within 25 ppm,1.77386004351596,Reliably detected
992,Milk,pn12,RLC_NEG_MTB_4988587,386.2188,,negative,-0.44,,0.019,Downregulated,,0,,,,,,,,No matched supplement feature
993,Milk,pn12,RLC_NEG_MTB_7666406,878.5272,,negative,-0.43,,0.019,Downregulated,,0,,rLC_neg_mtb_4781125,TRUE,TRUE,FALSE,Mass within 25 ppm,3.07333489277119,Reliably detected
994,Milk,pn12,RLC_NEG_MTB_5460937,502.3419,,negative,-0.44,,0.019,Downregulated,,0,,,,,,,,No matched supplement feature
995,Milk,pn12,RLC_POS_MTB_3785814,591.4976,,positive,-0.43,,0.019,Downregulated,,0,,,,,,,,No matched supplement feature
996,Milk,pn12,RLC_NEG_MTB_6937130,720.4871,,negative,-0.43,,0.019,Downregulated,,0,,rLC_neg_mtb_5085192,TRUE,TRUE,FALSE,Mass within 25 ppm,13.4629327985253,Reliably detected
997,Milk,1421d,RLC_NEG_MTB_5274199,277.2862,,negative,-0.45,,0.02,Downregulated,,0,,,,,,,,No matched supplement feature
998,Milk,pn34,RLC_POS_MTB_990012,203.1385,,positive,-0.46,,0.02,Downregulated,,0,,rLC_pos_mtb_1544729,TRUE,TRUE,FALSE,Mass within 25 ppm,2.4613688165079,Reliably detected
999,Milk,pn12,RLC_NEG_MTB_6116448,682.4179,,negative,-0.43,,0.02,Downregulated,,0,,,,,,,,No matched supplement feature
1000,Milk,pn12,RLC_NEG_MTB_5172788,441.2149,,negative,-0.43,,0.02,Downregulated,,0,,,,,,,,No matched supplement feature
1001,Milk,pn12,RLC_NEG_MTB_6362248,742.4561,,negative,-0.44,,0.02,Downregulated,,0,,,,,,,,No matched supplement feature
1002,Milk,pn34,RLC_NEG_MTB_5277500,464.2419,,negative,-0.46,,0.021,Downregulated,,0,,,,,,,,No matched supplement feature
1003,Milk,pn34,RLC_POS_MTB_368099,518.1321,,positive,0.44,,0.021,Upregulated,,0,,,,,,,,No matched supplement feature
1004,Milk,pn34,RLC_POS_MTB_2996661,186.1349,,positive,-0.48,,0.021,Downregulated,,0,,,,,,,,No matched supplement feature
1005,Milk,pn12,RLC_NEG_MTB_7665753,837.5248,,negative,-0.44,,0.021,Downregulated,,0,,rLC_neg_mtb_4102355,TRUE,FALSE,FALSE,Mass within 25 ppm,0.955194683036026,Detected
1006,Milk,pn12,RLC_NEG_MTB_5193563,280.1443,,negative,-0.42,,0.021,Downregulated,,0,,,,,,,,No matched supplement feature
1007,Milk,pn12,RLC_NEG_MTB_5278443,533.4535,,negative,-0.42,,0.021,Downregulated,FAHFA_C34H62O4_[M-H]-,0,fahfac34h62o4mh,rLC_neg_mtb_4075527,TRUE,TRUE,FALSE,Mass within 25 ppm,0.74983049146942,Reliably detected
1008,Milk,pn12,RLC_NEG_MTB_6215398,753.4382,,negative,-0.44,,0.021,Downregulated,,0,,,,,,,,No matched supplement feature
1009,Milk,pn34,RLC_NEG_MTB_6760850,701.4817,,negative,-0.45,,0.022,Downregulated,2-Acyl-1-(1-alkenyl)-sn-glycero-3-phosphate,1,2acyl11alkenylsnglycero3phosphate,,,,,,,No matched supplement feature
1010,Milk,pn34,RLC_POS_MTB_5412518,655.554,,positive,-0.43,,0.022,Downregulated,,0,,,,,,,,No matched supplement feature
1011,Milk,pn34,RLC_NEG_MTB_6996653,806.5133,,negative,-0.44,,0.022,Downregulated,,0,,rLC_neg_mtb_5133966,TRUE,TRUE,FALSE,Mass within 25 ppm,16.9864121103017,Reliably detected
1012,Milk,pn34,RLC_NEG_MTB_6830504,1124.815,,negative,-0.45,,0.022,Downregulated,,0,,,,,,,,No matched supplement feature
1013,Milk,pn34,RLC_NEG_MTB_6610455,838.4938,,negative,-0.45,,0.022,Downregulated,,0,,,,,,,,No matched supplement feature
1014,Milk,pn12,RLC_NEG_MTB_3645932,444.1109,,negative,-0.43,,0.022,Downregulated,,0,,rLC_neg_mtb_1216176,TRUE,TRUE,FALSE,Mass within 25 ppm,14.6361981552464,Reliably detected
1015,Milk,pn12,RLC_NEG_MTB_6577014,779.4741,,negative,-0.43,,0.022,Downregulated,,0,,,,,,,,No matched supplement feature
1016,Milk,pn12,RLC_NEG_MTB_6243607,596.4227,,negative,-0.42,,0.022,Downregulated,,0,,,,,,,,No matched supplement feature
1017,Milk,pn12,RLC_NEG_MTB_6301248,653.4429,,negative,-0.43,,0.022,Downregulated,,0,,rLC_neg_mtb_4733567,TRUE,TRUE,FALSE,Mass within 25 ppm,22.4957212219247,Reliably detected
1018,Milk,pn12,RLC_POS_MTB_3380242,809.6357,,positive,0.44,,0.022,Upregulated,,0,,rLC_pos_mtb_5039123,TRUE,TRUE,FALSE,Mass within 25 ppm,10.8689678000049,Reliably detected
1019,Milk,pn12,RLC_NEG_MTB_4797449,331.2062,,negative,-0.43,,0.022,Downregulated,13(S)-HODE,3,13shode,,,,,,,No matched supplement feature
1020,Milk,pn12,RLC_NEG_MTB_6149133,584.4174,,negative,-0.41,,0.022,Downregulated,,0,,,,,,,,No matched supplement feature
1021,Milk,pn34,RLC_NEG_MTB_6762824,802.4774,,negative,-0.45,,0.023,Downregulated,,0,,rLC_neg_mtb_3951600,TRUE,TRUE,FALSE,Mass within 25 ppm,11.4643658846943,Reliably detected
1022,Milk,pn34,RLC_NEG_MTB_6574608,641.4688,,negative,-0.44,,0.023,Downregulated,,0,,rLC_neg_mtb_4404767,TRUE,TRUE,FALSE,Mass within 25 ppm,19.0192134588795,Reliably detected
1023,Milk,pn34,RLC_NEG_MTB_6606833,623.4517,,negative,-0.45,,0.023,Downregulated,,0,,rLC_neg_mtb_4681317,TRUE,TRUE,FALSE,Mass within 25 ppm,1.92476448507952,Reliably detected
1024,Milk,pn34,RLC_NEG_MTB_6762802,801.477,,negative,-0.44,,0.023,Downregulated,,0,,,,,,,,No matched supplement feature
1025,Milk,pn12,RLC_NEG_MTB_7665014,791.5121,,negative,-0.42,,0.023,Downregulated,,0,,rLC_neg_mtb_4360165,TRUE,TRUE,FALSE,Mass within 25 ppm,6.69608902922102,Reliably detected
1026,Milk,pn12,RLC_NEG_MTB_5196712,455.2623,,negative,-0.44,,0.023,Downregulated,,0,,rLC_neg_mtb_3867989,TRUE,FALSE,FALSE,Mass within 25 ppm,10.323612297869,Detected
1027,Milk,pn12,RLC_NEG_MTB_5195329,378.2128,,negative,-0.43,,0.023,Downregulated,,0,,,,,,,,No matched supplement feature
1028,Milk,pn12,RLC_NEG_MTB_5193548,277.6855,,negative,-0.44,,0.023,Downregulated,,0,,,,,,,,No matched supplement feature
1029,Milk,pn12,RLC_NEG_MTB_4987641,324.2625,,negative,-0.44,,0.023,Downregulated,,0,,,,,,,,No matched supplement feature
1030,Milk,pn12,RLC_NEG_MTB_6610179,824.4777,,negative,-0.43,,0.023,Downregulated,,0,,rLC_neg_mtb_4011310,TRUE,TRUE,FALSE,Mass within 25 ppm,6.91351555910584,Reliably detected
1031,Milk,pn34,RLC_NEG_MTB_1374577,771.1665,,negative,-0.45,,0.024,Downregulated,,0,,rLC_neg_mtb_3855974,TRUE,TRUE,FALSE,Mass within 25 ppm,22.3033759660669,Reliably detected
1032,Milk,pn34,RLC_NEG_MTB_1712787,874.2679,,negative,0.45,,0.024,Upregulated,,0,,,,,,,,No matched supplement feature
1033,Milk,pn34,RLC_NEG_MTB_1311449,1582.547,,negative,0.44,,0.024,Upregulated,,0,,rLC_neg_mtb_275375,TRUE,FALSE,FALSE,Mass within 25 ppm,12.638015022797,Detected
1034,Milk,pn34,RLC_POS_MTB_4743155,597.5239,,positive,-0.44,,0.024,Downregulated,,0,,,,,,,,No matched supplement feature
1035,Milk,pn34,RLC_NEG_MTB_3577347,431.1266,,negative,-0.44,,0.024,Downregulated,3-hydroxykynurenine-O-beta-D-glucoside,1,3hydroxykynurenineobetadglucoside,rLC_neg_mtb_1375945,TRUE,TRUE,FALSE,Mass within 25 ppm,12.7571108715487,Reliably detected
1036,Milk,pn34,RLC_NEG_MTB_5517178,333.2788,,negative,-0.45,,0.024,Downregulated,,0,,rLC_neg_mtb_4213589,TRUE,TRUE,FALSE,Mass within 25 ppm,3.0004998832096,Reliably detected
1037,Milk,pn12,RLC_NEG_MTB_6213528,658.4153,,negative,-0.42,,0.024,Downregulated,,0,,,,,,,,No matched supplement feature
1038,Milk,pn12,RLC_NEG_MTB_3619552,775.0629,,negative,-0.42,,0.024,Downregulated,,0,,rLC_neg_mtb_1569816,TRUE,TRUE,FALSE,Mass within 25 ppm,7.22527224755967,Reliably detected
1039,Milk,pn12,RLC_POS_MTB_2705300,280.2359,,positive,-0.43,,0.024,Downregulated,"(6Z,9Z,12Z)-Octadecatrienoic acid",2,6z9z12zoctadecatrienoicacid,,,,,,,No matched supplement feature
1040,Milk,pn12,RLC_NEG_MTB_5174110,553.2277,,negative,-0.44,,0.024,Downregulated,,0,,,,,,,,No matched supplement feature
1041,Milk,pn12,RLC_NEG_MTB_3646244,459.0854,,negative,-0.42,,0.024,Downregulated,,0,,rLC_neg_mtb_1687236,TRUE,TRUE,FALSE,Mass within 25 ppm,21.9997800022493,Reliably detected
1042,Milk,pn12,RLC_NEG_MTB_5251914,277.3945,,negative,-0.44,,0.024,Downregulated,,0,,,,,,,,No matched supplement feature
1043,Milk,pn12,RLC_NEG_MTB_6574584,640.4675,,negative,-0.42,,0.024,Downregulated,,0,,,,,,,,No matched supplement feature
1044,Milk,pn12,RLC_NEG_MTB_6577313,793.4877,,negative,-0.42,,0.024,Downregulated,,0,,,,,,,,No matched supplement feature
1045,Milk,pn12,RLC_NEG_MTB_6576249,737.4639,,negative,-0.43,,0.024,Downregulated,Phosphatidic acid (phospholipids),1,phosphatidicacidphospholipids,,,,,,,No matched supplement feature
1046,Milk,pn12,RLC_NEG_MTB_7724615,671.4828,,negative,-0.42,,0.024,Downregulated,,0,,,,,,,,No matched supplement feature
1047,Milk,pn12,RLC_NEG_MTB_4798156,373.2035,,negative,-0.42,,0.024,Downregulated,prostaglandin H1,2,prostaglandinh1,rLC_neg_mtb_1415069,TRUE,TRUE,FALSE,Mass within 25 ppm,10.1820087655188,Reliably detected
1048,Milk,pn12,RLC_NEG_MTB_5193541,277.5948,,negative,-0.45,,0.024,Downregulated,,0,,,,,,,,No matched supplement feature
1049,Milk,pn12,RLC_NEG_MTB_6576478,751.4784,,negative,-0.43,,0.024,Downregulated,,0,,,,,,,,No matched supplement feature
1050,Milk,pn12,RLC_NEG_MTB_6578446,850.4749,,negative,-0.43,,0.024,Downregulated,,0,,rLC_neg_mtb_5542124,TRUE,TRUE,FALSE,Mass within 25 ppm,8.93626362827227,Reliably detected
1051,Milk,pn12,RLC_NEG_MTB_5046372,654.4055,,negative,0.42,,0.024,Upregulated,,0,,,,,,,,No matched supplement feature
1052,Milk,pn12,RLC_NEG_MTB_2247273,179.0338,,negative,0.43,,0.024,Upregulated,cis-2-Hydroxycinnamate,8,cis2hydroxycinnamate,rLC_neg_mtb_1371727,TRUE,TRUE,FALSE,Mass within 25 ppm,2.23421000001596,Reliably detected
1053,Milk,pn12,RLC_NEG_MTB_5170634,257.2386,,negative,-0.42,,0.024,Downregulated,,0,,rLC_neg_mtb_4450231,TRUE,TRUE,FALSE,Mass within 25 ppm,0.388743995265479,Reliably detected
1054,Milk,pn12,RLC_NEG_MTB_6245250,708.4333,,negative,-0.42,,0.024,Downregulated,,0,,rLC_neg_mtb_3950158,TRUE,TRUE,FALSE,Mass within 25 ppm,5.78738502511866,Reliably detected
1055,Milk,1421d,RLC_NEG_MTB_6302654,736.4534,,negative,0.46,,0.025,Upregulated,,0,,,,,,,,No matched supplement feature
1056,Milk,1421d,RLC_NEG_MTB_5048204,793.3733,,negative,-0.45,,0.025,Downregulated,,0,,,,,,,,No matched supplement feature
1057,Milk,1421d,RLC_NEG_MTB_1908893,551.1436,,negative,-0.46,,0.025,Downregulated,Cellulose,1,cellulose,,,,,,,No matched supplement feature
1058,Milk,pn34,RLC_NEG_MTB_5071520,792.5656,,negative,-0.43,,0.025,Downregulated,,0,,rLC_neg_mtb_5791995,FALSE,FALSE,FALSE,Mass within 25 ppm,2.39727215660219,Not detected
1059,Milk,pn12,RLC_NEG_MTB_1904540,298.0724,,negative,0.43,,0.025,Upregulated,D-4'-Phosphopantothenate,1,d4phosphopantothenate,,,,,,,No matched supplement feature
1060,Milk,pn12,RLC_NEG_MTB_5197324,492.2128,,negative,-0.43,,0.025,Downregulated,,0,,rLC_neg_mtb_3854024,TRUE,TRUE,FALSE,Mass within 25 ppm,0.812655979068492,Reliably detected
1061,Milk,pn12,RLC_NEG_MTB_6300661,620.4174,,negative,-0.44,,0.025,Downregulated,,0,,rLC_neg_mtb_4120633,TRUE,TRUE,FALSE,Mass within 25 ppm,3.38482948444581,Reliably detected
1062,Milk,pn12,RLC_NEG_MTB_6575519,692.4569,,negative,-0.42,,0.025,Downregulated,,0,,rLC_neg_mtb_4170533,TRUE,TRUE,FALSE,Mass within 25 ppm,17.0410621722846,Reliably detected
1063,Milk,pn34,RLC_NEG_MTB_3862934,427.0168,,negative,-0.44,,0.026,Downregulated,,0,,,,,,,,No matched supplement feature
1064,Milk,pn12,RLC_NEG_MTB_6273010,707.4346,,negative,-0.42,,0.026,Downregulated,,0,,rLC_neg_mtb_3891819,TRUE,TRUE,FALSE,Mass within 25 ppm,12.580826509469,Reliably detected
1065,Milk,pn12,RLC_NEG_MTB_3618842,743.1074,,negative,-0.41,,0.026,Downregulated,,0,,,,,,,,No matched supplement feature
1066,Milk,pn12,RLC_NEG_MTB_5196137,421.244,,negative,-0.43,,0.026,Downregulated,,0,,,,,,,,No matched supplement feature
1067,Milk,pn12,RLC_NEG_MTB_3649746,617.0742,,negative,-0.42,,0.026,Downregulated,,0,,rLC_neg_mtb_1547376,TRUE,TRUE,FALSE,Mass within 25 ppm,13.6124402145479,Reliably detected
1068,Milk,1421d,RLC_NEG_MTB_6057339,750.4245,,negative,0.45,,0.027,Upregulated,,0,,,,,,,,No matched supplement feature
1069,Milk,1421d,RLC_NEG_MTB_4714054,625.3156,,negative,-0.45,,0.027,Downregulated,,0,,,,,,,,No matched supplement feature
1070,Milk,1421d,RLC_NEG_MTB_1802075,244.0922,,negative,-0.45,,0.027,Downregulated,Biotin amide,1,biotinamide,,,,,,,No matched supplement feature
1071,Milk,pn34,RLC_POS_MTB_4257365,632.4948,,positive,-0.42,,0.027,Downregulated,,0,,,,,,,,No matched supplement feature
1072,Milk,pn34,RLC_NEG_MTB_10261,305.0226,,negative,0.45,,0.027,Upregulated,Ifosfamide,2,ifosfamide,rLC_neg_mtb_19412,TRUE,TRUE,FALSE,Mass within 25 ppm,0,Reliably detected
1073,Milk,pn34,RLC_NEG_MTB_8076797,232.9754,,negative,0.43,,0.027,Upregulated,,0,,rLC_neg_mtb_4140512,TRUE,TRUE,FALSE,Mass within 25 ppm,0.429230051440301,Reliably detected
1074,Milk,pn12,RLC_NEG_MTB_1542576,377.9258,,negative,0.41,,0.027,Upregulated,,0,,,,,,,,No matched supplement feature
1075,Milk,pn12,RLC_NEG_MTB_1261016,295.0954,,negative,-0.43,,0.027,Downregulated,Dihydropteroate,2,dihydropteroate,,,,,,,No matched supplement feature
1076,Milk,1421d,RLC_POS_MTB_3848113,340.321,,positive,-0.45,,0.028,Downregulated,,0,,,,,,,,No matched supplement feature
1077,Milk,pn34,RLC_POS_MTB_2904498,458.273,,positive,0.45,,0.028,Upregulated,,0,,,,,,,,No matched supplement feature
1078,Milk,pn34,RLC_POS_MTB_1437941,378.9289,,positive,0.43,,0.028,Upregulated,,0,,rLC_pos_mtb_1048516,TRUE,TRUE,FALSE,Mass within 25 ppm,6.33360189570729,Reliably detected
1079,Milk,pn34,RLC_POS_MTB_6061913,675.4659,,positive,-0.42,,0.028,Downregulated,,0,,,,,,,,No matched supplement feature
1080,Milk,pn12,RLC_NEG_MTB_4883147,227.2017,,negative,-0.42,,0.028,Downregulated,Myristic acid_[M-H]-,1,myristicacidmh,rLC_neg_mtb_3886474,TRUE,TRUE,FALSE,Mass within 25 ppm,1.32041439877368,Reliably detected
1081,Milk,pn12,RLC_NEG_MTB_6607616,668.4577,,negative,-0.41,,0.028,Downregulated,,0,,,,,,,,No matched supplement feature
1082,Milk,pn12,RLC_NEG_MTB_5230109,641.462,,negative,-0.43,,0.028,Downregulated,,0,,rLC_neg_mtb_4404767,TRUE,TRUE,FALSE,Mass within 25 ppm,8.41834038344719,Reliably detected
1083,Milk,pn12,RLC_NEG_MTB_6576510,752.4787,,negative,-0.42,,0.028,Downregulated,,0,,rLC_neg_mtb_4287053,TRUE,TRUE,FALSE,Mass within 25 ppm,8.23936799268037,Reliably detected
1084,Milk,pn12,RLC_NEG_MTB_6961,242.9654,,negative,0.43,,0.028,Upregulated,cis-2-Hydroxycinnamate,4,cis2hydroxycinnamate,,,,,,,No matched supplement feature
1085,Milk,pn12,RLC_NEG_MTB_6996911,821.5179,,negative,-0.42,,0.028,Downregulated,,0,,rLC_neg_mtb_4197540,TRUE,TRUE,FALSE,Mass within 25 ppm,7.54694840957387,Reliably detected
1086,Milk,1421d,RLC_NEG_MTB_1259567,146.0817,,negative,0.46,,0.029,Upregulated,,0,,rLC_neg_mtb_1521125,TRUE,TRUE,FALSE,Mass within 25 ppm,0.684547972265525,Reliably detected
1087,Milk,1421d,RLC_NEG_MTB_1620906,285.0492,,negative,0.46,,0.029,Upregulated,N1-(5-Phospho-D-ribosyl)glycinamide,1,n15phosphodribosylglycinamide,rLC_neg_mtb_744186,TRUE,TRUE,FALSE,Mass within 25 ppm,17.5411392338292,Reliably detected
1088,Milk,1421d,RLC_NEG_MTB_7554477,227.0924,,negative,-0.45,,0.029,Downregulated,,0,,,,,,,,No matched supplement feature
1089,Milk,pn34,RLC_NEG_MTB_5200636,674.4862,,negative,-0.44,,0.029,Downregulated,,0,,rLC_neg_mtb_4637108,TRUE,TRUE,FALSE,Mass within 25 ppm,2.66870516205106,Reliably detected
1090,Milk,pn34,RLC_NEG_MTB_10440591,283.2636,,negative,-0.44,,0.029,Downregulated,octadecanoate (n-C18:0),1,octadecanoatenc180,rLC_neg_mtb_3887045,TRUE,TRUE,FALSE,Mass within 25 ppm,0.353028187447016,Reliably detected
1091,Milk,pn34,RLC_NEG_MTB_4960889,213.1854,,negative,-0.43,,0.029,Downregulated,,0,,rLC_neg_mtb_3831422,TRUE,TRUE,FALSE,Mass within 25 ppm,0.46907549429955,Reliably detected
1092,Milk,pn12,RLC_NEG_MTB_4799250,441.2651,,negative,-0.4,,0.029,Downregulated,,0,,rLC_neg_mtb_3727325,FALSE,FALSE,FALSE,Mass within 25 ppm,0.679863882272913,Not detected
1093,Milk,pn12,RLC_NEG_MTB_5518018,414.2863,,negative,-0.4,,0.029,Downregulated,,0,,,,,,,,No matched supplement feature
1094,Milk,pn34,RLC_NEG_MTB_6758879,598.4535,,negative,-0.45,,0.03,Downregulated,,0,,rLC_neg_mtb_3928095,TRUE,TRUE,FALSE,Mass within 25 ppm,18.3803717682184,Reliably detected
1095,Milk,pn34,RLC_NEG_MTB_5237628,1063.812,,negative,-0.44,,0.03,Downregulated,,0,,rLC_neg_mtb_214069,TRUE,FALSE,FALSE,Mass within 25 ppm,1.88002789978331,Detected
1096,Milk,pn34,RLC_NEG_MTB_6641228,740.496,,negative,-0.42,,0.03,Downregulated,,0,,rLC_neg_mtb_4335023,TRUE,TRUE,FALSE,Mass within 25 ppm,14.179886034202,Reliably detected
1097,Milk,pn34,RLC_NEG_MTB_6618083,1268.914,,negative,-0.44,,0.03,Downregulated,,0,,rLC_neg_mtb_5242292,TRUE,TRUE,FALSE,Mass within 25 ppm,7.09272955817382,Reliably detected
1098,Milk,pn12,RLC_NEG_MTB_5541562,503.339,,negative,-0.41,,0.03,Downregulated,,0,,rLC_neg_mtb_3798396,TRUE,TRUE,FALSE,Mass within 25 ppm,8.54287719733358,Reliably detected
1099,Milk,pn12,RLC_NEG_MTB_5485659,412.2877,,negative,-0.42,,0.03,Downregulated,,0,,,,,,,,No matched supplement feature
1100,Milk,pn12,RLC_NEG_MTB_6576221,736.4651,,negative,-0.41,,0.03,Downregulated,,0,,,,,,,,No matched supplement feature
1101,Milk,pn12,RLC_POS_MTB_2364850,279.2275,,positive,-0.42,,0.031,Downregulated,Hexadecanoate (n-C16:0),1,hexadecanoatenc160,,,,,,,No matched supplement feature
1102,Milk,pn12,RLC_NEG_MTB_5900223,279.2325,,negative,-0.41,,0.031,Downregulated,linoleic acid (all cis C18:2) n-6,1,linoleicacidallcisc182n6,rLC_neg_mtb_3969757,TRUE,TRUE,TRUE,Mass within 25 ppm,5.01371789023336,Supplement-abundant
1103,Milk,pn12,RLC_NEG_MTB_6243817,610.4351,,negative,-0.41,,0.031,Downregulated,,0,,,,,,,,No matched supplement feature
1104,Milk,pn12,RLC_NEG_MTB_5017500,402.2333,,negative,-0.41,,0.031,Downregulated,,0,,,,,,,,No matched supplement feature
1105,Milk,pn12,RLC_NEG_MTB_6245489,723.4468,,negative,-0.41,,0.031,Downregulated,,0,,,,,,,,No matched supplement feature
1106,Milk,pn12,RLC_NEG_MTB_3649772,618.0771,,negative,-0.41,,0.031,Downregulated,,0,,,,,,,,No matched supplement feature
1107,Milk,pn34,RLC_NEG_MTB_5086760,266.2189,,negative,-0.42,,0.032,Downregulated,,0,,,,,,,,No matched supplement feature
1108,Milk,pn34,RLC_POS_MTB_4881421,683.5441,,positive,-0.42,,0.032,Downregulated,,0,,,,,,,,No matched supplement feature
1109,Milk,pn34,RLC_NEG_MTB_6759554,634.4286,,negative,-0.43,,0.032,Downregulated,,0,,,,,,,,No matched supplement feature
1110,Milk,pn34,RLC_POS_MTB_4448066,769.4951,,positive,-0.43,,0.032,Downregulated,13C of PE(P-16:0/20:4)/PE(O-16:1/20:4) [rLC_pos_mtb_4448054],0,13cofpep160204peo161204rlcposmtb4448054,,,,,,,No matched supplement feature
1111,Milk,pn34,RLC_NEG_MTB_6577332,794.4874,,negative,-0.43,,0.032,Downregulated,,0,,rLC_neg_mtb_4242115,TRUE,TRUE,FALSE,Mass within 25 ppm,18.5021537388783,Reliably detected
1112,Milk,pn34,RLC_POS_MTB_5650144,639.5668,,positive,-0.43,,0.032,Downregulated,,0,,,,,,,,No matched supplement feature
1113,Milk,pn34,RLC_NEG_MTB_1422194,898.2661,,negative,0.45,,0.032,Upregulated,,0,,,,,,,,No matched supplement feature
1114,Milk,pn34,RLC_NEG_MTB_1749693,130.0224,,negative,0.43,,0.032,Upregulated,Mesaconate,3,mesaconate,rLC_neg_mtb_1298171,TRUE,TRUE,FALSE,Mass within 25 ppm,9.99837718658536,Reliably detected
1115,Milk,pn12,RLC_NEG_MTB_819330,355.0461,,negative,-0.41,,0.032,Downregulated,S-Formylglutathione,1,sformylglutathione,rLC_neg_mtb_5684770,TRUE,TRUE,FALSE,Mass within 25 ppm,0.844961410720478,Reliably detected
1116,Milk,pn12,RLC_NEG_MTB_7665002,790.5239,,negative,-0.44,,0.032,Downregulated,PE(40:6)_[M-H]-,0,pe406mh,rLC_neg_mtb_5233495,TRUE,TRUE,FALSE,Mass within 25 ppm,5.31290412063644,Reliably detected
1117,Milk,pn12,RLC_NEG_MTB_5232123,769.444,,negative,-0.41,,0.032,Downregulated,,0,,rLC_neg_mtb_3838040,TRUE,TRUE,FALSE,Mass within 25 ppm,12.8665989719146,Reliably detected
1118,Milk,pn12,RLC_NEG_MTB_5197114,480.2168,,negative,-0.43,,0.032,Downregulated,,0,,,,,,,,No matched supplement feature
1119,Milk,pn12,RLC_NEG_MTB_6586354,1255.896,,negative,-0.41,,0.032,Downregulated,,0,,rLC_neg_mtb_5241981,TRUE,TRUE,FALSE,Mass within 25 ppm,0,Reliably detected
1120,Milk,pn12,RLC_NEG_MTB_4883155,228.205,,negative,-0.41,,0.032,Downregulated,tetradecanoate (n-C14:0),1,tetradecanoatenc140,rLC_neg_mtb_3886490,TRUE,TRUE,FALSE,Mass within 25 ppm,0.876405754859842,Reliably detected
1121,Milk,pn12,RLC_NEG_MTB_5629612,665.5022,,negative,-0.41,,0.032,Downregulated,,0,,rLC_neg_mtb_4309080,TRUE,TRUE,FALSE,Mass within 25 ppm,1.05183613766067,Reliably detected
1122,Milk,pn12,RLC_NEG_MTB_6577899,823.4773,,negative,-0.41,,0.032,Downregulated,,0,,,,,,,,No matched supplement feature
1123,Milk,pn12,RLC_NEG_MTB_5200612,673.484,,negative,-0.42,,0.032,Downregulated,,0,,rLC_neg_mtb_4380580,TRUE,TRUE,FALSE,Mass within 25 ppm,9.65139889613784,Reliably detected
1124,Milk,pn12,RLC_POS_MTB_3033203,297.2427,,positive,-0.41,,0.032,Downregulated,13(S)-HODE,3,13shode,,,,,,,No matched supplement feature
1125,Milk,1421d,RLC_POS_MTB_3862271,998.6075,,positive,-0.48,,0.033,Downregulated,,0,,,,,,,,No matched supplement feature
1126,Milk,pn34,RLC_NEG_MTB_5019454,544.1836,,negative,-0.43,,0.033,Downregulated,Dextrin,5,dextrin,,,,,,,No matched supplement feature
1127,Milk,pn34,RLC_POS_MTB_9866486,515.0114,,positive,-0.44,,0.033,Downregulated,,0,,rLC_pos_mtb_727547,TRUE,TRUE,TRUE,Mass within 25 ppm,4.07759626850933,Supplement-abundant
1128,Milk,pn34,RLC_NEG_MTB_1203190,87.0089,,negative,0.43,,0.033,Upregulated,(R)-Glycerate,8,rglycerate,rLC_neg_mtb_117211,TRUE,TRUE,FALSE,Mass within 25 ppm,1.14930903544607,Reliably detected
1129,Milk,pn34,RLC_NEG_MTB_7380134,663.4575,,negative,-0.43,,0.033,Downregulated,,0,,,,,,,,No matched supplement feature
1130,Milk,pn34,RLC_POS_MTB_4473773,593.4562,,positive,-0.43,,0.033,Downregulated,N-retinylidene-N-retinylethanolamine,1,nretinylidenenretinylethanolamine,rLC_pos_mtb_3637605,TRUE,TRUE,FALSE,Mass within 25 ppm,22.4115917470044,Reliably detected
1131,Milk,pn12,RLC_NEG_MTB_5176382,755.4157,,negative,-0.43,,0.033,Downregulated,,0,,,,,,,,No matched supplement feature
1132,Milk,pn12,RLC_NEG_MTB_5852853,561.3574,,negative,-0.41,,0.033,Downregulated,,0,,,,,,,,No matched supplement feature
1133,Milk,pn12,RLC_NEG_MTB_5019841,569.4183,,negative,-0.4,,0.033,Downregulated,,0,,,,,,,,No matched supplement feature
1134,Milk,pn12,RLC_NEG_MTB_5177145,821.4852,,negative,-0.43,,0.033,Downregulated,,0,,,,,,,,No matched supplement feature
1135,Milk,pn12,RLC_NEG_MTB_4962814,334.231,,negative,-0.42,,0.033,Downregulated,,0,,rLC_neg_mtb_4282792,TRUE,TRUE,FALSE,Mass within 25 ppm,19.7472117535157,Reliably detected
1136,Milk,pn12,RLC_NEG_MTB_5762904,441.2529,,negative,-0.41,,0.033,Downregulated,,0,,rLC_neg_mtb_4331500,TRUE,TRUE,FALSE,Mass within 25 ppm,0.45325460604501,Reliably detected
1137,Milk,pn34,RLC_NEG_MTB_5326032,306.2518,,negative,-0.43,,0.034,Downregulated,"(8Z,11Z,14Z)-Icosatrienoic acid",1,8z11z14zicosatrienoicacid,rLC_neg_mtb_4072620,TRUE,TRUE,FALSE,Mass within 25 ppm,1.63264613076965,Reliably detected
1138,Milk,pn34,RLC_POS_MTB_4190966,599.4072,,positive,-0.43,,0.034,Downregulated,"2-Hexaprenyl-3-methyl-5-hydroxy-6-methoxy-1,4-benzoquinone",2,2hexaprenyl3methyl5hydroxy6methoxy14benzoquinone,,,,,,,No matched supplement feature
1139,Milk,pn34,RLC_NEG_MTB_6643302,840.4937,,negative,-0.43,,0.034,Downregulated,,0,,,,,,,,No matched supplement feature
1140,Milk,pn34,RLC_POS_MTB_5412007,625.5555,,positive,-0.42,,0.034,Downregulated,,0,,,,,,,,No matched supplement feature
1141,Milk,pn34,RLC_NEG_MTB_6576709,765.4926,,negative,-0.42,,0.034,Downregulated,,0,,,,,,,,No matched supplement feature
1142,Milk,pn34,RLC_NEG_MTB_6759916,655.4774,,negative,-0.42,,0.034,Downregulated,2-Acyl-1-(1-alkenyl)-sn-glycero-3-phosphate,1,2acyl11alkenylsnglycero3phosphate,,,,,,,No matched supplement feature
1143,Milk,pn34,RLC_NEG_MTB_1679033,524.0748,,negative,-0.41,,0.034,Downregulated,,0,,rLC_neg_mtb_1606201,TRUE,TRUE,FALSE,Mass within 25 ppm,5.15196286923949,Reliably detected
1144,Milk,pn12,RLC_NEG_MTB_3608040,144.111,,negative,-0.4,,0.034,Downregulated,Octanoic acid,1,octanoicacid,,,,,,,No matched supplement feature
1145,Milk,pn12,RLC_NEG_MTB_6576435,749.483,,negative,-0.41,,0.034,Downregulated,,0,,,,,,,,No matched supplement feature
1146,Milk,pn12,RLC_NEG_MTB_5966792,694.4156,,negative,-0.43,,0.034,Downregulated,,0,,rLC_neg_mtb_3819111,TRUE,TRUE,FALSE,Mass within 25 ppm,16.1284097905165,Reliably detected
1147,Milk,pn12,RLC_POS_MTB_2397628,337.2664,,positive,-0.4,,0.034,Downregulated,,0,,,,,,,,No matched supplement feature
1148,Milk,pn12,RLC_NEG_MTB_6245505,724.4481,,negative,-0.41,,0.034,Downregulated,,0,,,,,,,,No matched supplement feature
1149,Milk,pn12,RLC_NEG_MTB_4797009,306.1981,,negative,-0.41,,0.034,Downregulated,cis-11-retinol,2,cis11retinol,,,,,,,No matched supplement feature
1150,Milk,pn12,RLC_NEG_MTB_3610648,302.0989,,negative,-0.4,,0.034,Downregulated,gamma-Glutamyl-beta-cyanoalanine,2,gammaglutamylbetacyanoalanine,,,,,,,No matched supplement feature
1151,Milk,pn12,RLC_NEG_MTB_3894889,401.197,,negative,-0.42,,0.034,Downregulated,,0,,,,,,,,No matched supplement feature
1152,Milk,pn34,RLC_NEG_MTB_1658307,882.2683,,negative,0.45,,0.035,Upregulated,,0,,,,,,,,No matched supplement feature
1153,Milk,pn34,RLC_NEG_MTB_2111665,316.0353,,negative,0.45,,0.035,Upregulated,,0,,,,,,,,No matched supplement feature
1154,Milk,pn34,RLC_NEG_MTB_6673225,713.4637,,negative,-0.43,,0.035,Downregulated,,0,,rLC_neg_mtb_1506040,TRUE,TRUE,FALSE,Mass within 25 ppm,13.595461302345,Reliably detected
1155,Milk,pn34,RLC_NEG_MTB_7024357,808.5023,,negative,-0.43,,0.035,Downregulated,,0,,rLC_neg_mtb_4079264,TRUE,TRUE,FALSE,Mass within 25 ppm,4.45265767387204,Reliably detected
1156,Milk,pn34,RLC_NEG_MTB_2139029,329.0263,,negative,0.44,,0.035,Upregulated,Selenocystathionine,2,selenocystathionine,rLC_neg_mtb_1070014,TRUE,TRUE,FALSE,Mass within 25 ppm,0.607854513689459,Reliably detected
1157,Milk,pn34,RLC_POS_MTB_590840,247.0877,,positive,-0.43,,0.035,Downregulated,Biotin,1,biotin,rLC_pos_mtb_5879,TRUE,TRUE,FALSE,Mass within 25 ppm,15.7836203253666,Reliably detected
1158,Milk,pn34,RLC_NEG_MTB_6332540,639.4341,,negative,-0.42,,0.035,Downregulated,,0,,rLC_neg_mtb_4358079,TRUE,TRUE,FALSE,Mass within 25 ppm,18.4534766742699,Reliably detected
1159,Milk,pn34,RLC_NEG_MTB_4935222,183.0117,,negative,0.42,,0.035,Upregulated,,0,,rLC_neg_mtb_4474263,TRUE,TRUE,FALSE,Mass within 25 ppm,1.09282511140882,Reliably detected
1160,Milk,pn34,RLC_NEG_MTB_3579927,557.058,,negative,-0.42,,0.035,Downregulated,,0,,,,,,,,No matched supplement feature
1161,Milk,pn34,RLC_NEG_MTB_6673243,715.4626,,negative,-0.42,,0.035,Downregulated,,0,,,,,,,,No matched supplement feature
1162,Milk,pn12,RLC_NEG_MTB_4795244,199.5951,,negative,-0.41,,0.035,Downregulated,,0,,,,,,,,No matched supplement feature
1163,Milk,pn12,RLC_NEG_MTB_4586438,171.1392,,negative,-0.4,,0.035,Downregulated,Decanoic acid_[M-H]-,0,decanoicacidmh,rLC_neg_mtb_3643640,TRUE,TRUE,FALSE,Mass within 25 ppm,5.25890464029066,Reliably detected
1164,Milk,pn12,RLC_NEG_MTB_7666441,880.5268,,negative,-0.4,,0.035,Downregulated,Phosphatidylserine,1,phosphatidylserine,rLC_neg_mtb_4660310,TRUE,TRUE,FALSE,Mass within 25 ppm,1.02211644200523,Reliably detected
1165,Milk,pn12,RLC_POS_MTB_4287902,556.4855,,positive,-0.43,,0.035,Downregulated,,0,,,,,,,,No matched supplement feature
1166,Milk,pn12,RLC_NEG_MTB_3610365,285.1188,,negative,-0.4,,0.035,Downregulated,,0,,rLC_neg_mtb_1176763,TRUE,TRUE,FALSE,Mass within 25 ppm,2.10439038973983,Reliably detected
1167,Milk,pn12,RLC_NEG_MTB_5330969,659.4551,,negative,-0.41,,0.035,Downregulated,,0,,,,,,,,No matched supplement feature
1168,Milk,pn12,RLC_NEG_MTB_6273480,740.4578,,negative,-0.4,,0.035,Downregulated,,0,,rLC_neg_mtb_4705377,TRUE,TRUE,FALSE,Mass within 25 ppm,23.2283331645262,Reliably detected
1169,Milk,pn12,RLC_NEG_MTB_3645951,445.1073,,negative,-0.4,,0.035,Downregulated,,0,,rLC_neg_mtb_1277760,TRUE,TRUE,FALSE,Mass within 25 ppm,4.0439850777016,Reliably detected
1170,Milk,pn12,RLC_NEG_MTB_5199372,601.226,,negative,-0.42,,0.035,Downregulated,,0,,,,,,,,No matched supplement feature
1171,Milk,pn12,RLC_POS_MTB_4317716,575.4081,,positive,-0.41,,0.035,Downregulated,,0,,,,,,,,No matched supplement feature
1172,Milk,pn12,RLC_NEG_MTB_1674308,127.0036,,negative,0.43,,0.035,Upregulated,2-Oxoglutarate,1,2oxoglutarate,rLC_neg_mtb_7216525,TRUE,TRUE,FALSE,Mass within 25 ppm,20.472279745837,Reliably detected
1173,Milk,pn12,RLC_NEG_MTB_3616040,603.0961,,negative,-0.4,,0.035,Downregulated,,0,,,,,,,,No matched supplement feature
1174,Milk,pn12,RLC_NEG_MTB_3577324,430.131,,negative,-0.4,,0.035,Downregulated,,0,,rLC_neg_mtb_1357251,TRUE,TRUE,FALSE,Mass within 25 ppm,15.1119036464093,Reliably detected
1175,Milk,pn12,RLC_POS_MTB_4781213,710.5366,,positive,-0.42,,0.035,Downregulated,,0,,,,,,,,No matched supplement feature
1176,Milk,pn34,RLC_NEG_MTB_1748591,59.014,,negative,0.43,,0.036,Upregulated,Acetate,3,acetate,rLC_neg_mtb_831187,TRUE,TRUE,FALSE,Mass within 25 ppm,0,Reliably detected
1177,Milk,pn34,RLC_POS_MTB_4741308,509.4569,,positive,-0.42,,0.036,Downregulated,,0,,,,,,,,No matched supplement feature
1178,Milk,pn12,RLC_NEG_MTB_6544813,750.4788,,negative,-0.4,,0.036,Downregulated,,0,,,,,,,,No matched supplement feature
1179,Milk,pn12,RLC_NEG_MTB_6542842,625.4479,,negative,-0.4,,0.036,Downregulated,,0,,rLC_neg_mtb_4636620,TRUE,TRUE,FALSE,Mass within 25 ppm,13.7499570313863,Reliably detected
1180,Milk,pn12,RLC_NEG_MTB_6023760,678.4063,,negative,-0.41,,0.036,Downregulated,,0,,rLC_neg_mtb_4009960,TRUE,TRUE,FALSE,Mass within 25 ppm,7.37026889540962,Reliably detected
1181,Milk,pn12,RLC_NEG_MTB_4991361,581.2944,,negative,-0.4,,0.036,Downregulated,,0,,rLC_neg_mtb_3728779,TRUE,TRUE,FALSE,Mass within 25 ppm,17.0306670706135,Reliably detected
1182,Milk,pn12,RLC_NEG_MTB_5252194,305.2487,,negative,-0.41,,0.036,Downregulated,Dihomo-g-linolenic acid; Eicosatrienoic acid_[M-H]-,1,dihomoglinolenicacideicosatrienoicacidmh,rLC_neg_mtb_4141426,TRUE,TRUE,FALSE,Mass within 25 ppm,2.94842419831185,Reliably detected
1183,Milk,pn12,RLC_NEG_MTB_6212221,597.4163,,negative,-0.41,,0.036,Downregulated,,0,,rLC_neg_mtb_4239960,TRUE,TRUE,FALSE,Mass within 25 ppm,23.9369804586103,Reliably detected
1184,Milk,pn12,RLC_NEG_MTB_5326751,355.3182,,negative,0.41,,0.036,Upregulated,Docosanoic acid,1,docosanoicacid,rLC_neg_mtb_4330616,TRUE,TRUE,FALSE,Mass within 25 ppm,2.25149794980442,Reliably detected
1185,Milk,pn12,RLC_NEG_MTB_6304027,809.4659,,negative,-0.4,,0.036,Downregulated,,0,,rLC_neg_mtb_4102016,TRUE,TRUE,FALSE,Mass within 25 ppm,13.959627275488,Reliably detected
1186,Milk,pn12,RLC_NEG_MTB_5044759,543.1785,,negative,-0.4,,0.036,Downregulated,,0,,,,,,,,No matched supplement feature
1187,Milk,pn12,RLC_NEG_MTB_5379682,445.2655,,negative,-0.4,,0.036,Downregulated,,0,,,,,,,,No matched supplement feature
1188,Milk,pn12,RLC_NEG_MTB_7636277,835.5184,,negative,-0.4,,0.036,Downregulated,PI(34:1)_[M-H]-,0,pi341mh,rLC_neg_mtb_5134398,FALSE,FALSE,FALSE,Mass within 25 ppm,12.3275238778938,Not detected
1189,Milk,pn12,RLC_NEG_MTB_7602670,794.5569,,negative,-0.41,,0.036,Downregulated,,0,,rLC_neg_mtb_5541488,TRUE,TRUE,FALSE,Mass within 25 ppm,5.78935677097641,Reliably detected
1190,Milk,pn12,RLC_NEG_MTB_5387400,901.458,,negative,-0.4,,0.036,Downregulated,,0,,,,,,,,No matched supplement feature
1191,Milk,pn12,RLC_NEG_MTB_5172909,453.1942,,negative,-0.4,,0.036,Downregulated,,0,,rLC_neg_mtb_3970759,TRUE,TRUE,FALSE,Mass within 25 ppm,3.30982840297145,Reliably detected
1192,Milk,pn12,RLC_NEG_MTB_5487927,504.3419,,negative,-0.4,,0.036,Downregulated,,0,,,,,,,,No matched supplement feature
1193,Milk,pn12,RLC_NEG_MTB_6303360,775.4441,,negative,-0.39,,0.036,Downregulated,,0,,,,,,,,No matched supplement feature
1194,Milk,pn12,RLC_NEG_MTB_5428905,337.2354,,negative,-0.4,,0.036,Downregulated,DiHETrE; Putative_Known_Oxylipin_C20H34O4_[M-H]-,7,dihetreputativeknownoxylipinc20h34o4mh,rLC_neg_mtb_4429280,TRUE,TRUE,FALSE,Mass within 25 ppm,0,Reliably detected
1195,Milk,pn12,RLC_NEG_MTB_1321753,794.2067,,negative,0.41,,0.036,Upregulated,,0,,,,,,,,No matched supplement feature
1196,Milk,pn12,RLC_NEG_MTB_1802465,260.1237,,negative,-0.41,,0.036,Downregulated,,0,,,,,,,,No matched supplement feature
1197,Milk,pn12,RLC_NEG_MTB_6609640,795.4861,,negative,-0.4,,0.036,Downregulated,,0,,rLC_neg_mtb_4264411,TRUE,TRUE,FALSE,Mass within 25 ppm,23.2556794769223,Reliably detected
1198,Milk,pn12,RLC_NEG_MTB_6422710,740.4629,,negative,-0.41,,0.036,Downregulated,,0,,rLC_neg_mtb_4705377,TRUE,TRUE,FALSE,Mass within 25 ppm,16.340862284388,Reliably detected
1199,Milk,pn12,RLC_POS_MTB_5994773,655.5652,,positive,-0.41,,0.036,Downregulated,,0,,,,,,,,No matched supplement feature
1200,Milk,pn12,RLC_NEG_MTB_5223845,277.5352,,negative,-0.41,,0.036,Downregulated,,0,,,,,,,,No matched supplement feature
1201,Milk,pn12,RLC_NEG_MTB_6246193,765.4576,,negative,-0.4,,0.036,Downregulated,,0,,,,,,,,No matched supplement feature
1202,Milk,pn12,RLC_NEG_MTB_6390662,730.4417,,negative,-0.4,,0.036,Downregulated,,0,,,,,,,,No matched supplement feature
1203,Milk,1421d,RLC_NEG_MTB_6362378,749.463,,negative,0.46,,0.037,Upregulated,,0,,,,,,,,No matched supplement feature
1204,Milk,pn34,RLC_NEG_MTB_6362744,773.4456,,negative,-0.43,,0.037,Downregulated,,0,,,,,,,,No matched supplement feature
1205,Milk,pn34,RLC_NEG_MTB_6390866,743.4547,,negative,-0.43,,0.037,Downregulated,,0,,,,,,,,No matched supplement feature
1206,Milk,pn34,RLC_NEG_MTB_5096673,848.5641,,negative,-0.41,,0.037,Downregulated,,0,,rLC_neg_mtb_5234153,TRUE,TRUE,FALSE,Mass within 25 ppm,0.942768195942197,Reliably detected
1207,Milk,pn34,RLC_NEG_MTB_3619212,760.0872,,negative,-0.42,,0.037,Downregulated,,0,,,,,,,,No matched supplement feature
1208,Milk,pn12,RLC_NEG_MTB_5680966,632.366,,negative,-0.41,,0.037,Downregulated,,0,,rLC_neg_mtb_3928434,TRUE,TRUE,FALSE,Mass within 25 ppm,16.2883010306214,Reliably detected
1209,Milk,pn12,RLC_NEG_MTB_5180069,1035.646,,negative,-0.4,,0.037,Downregulated,,0,,,,,,,,No matched supplement feature
1210,Milk,pn12,RLC_NEG_MTB_5223837,277.425,,negative,-0.39,,0.037,Downregulated,,0,,,,,,,,No matched supplement feature
1211,Milk,pn12,RLC_NEG_MTB_5651590,413.2941,,negative,-0.4,,0.037,Downregulated,glycolithocholate,1,glycolithocholate,rLC_neg_mtb_4283558,TRUE,TRUE,FALSE,Mass within 25 ppm,2.6615358707483,Reliably detected
1212,Milk,pn12,RLC_NEG_MTB_6639437,639.4648,,negative,-0.4,,0.037,Downregulated,,0,,,,,,,,No matched supplement feature
1213,Milk,pn12,RLC_NEG_MTB_6214468,709.4319,,negative,-0.4,,0.037,Downregulated,,0,,rLC_neg_mtb_3837243,TRUE,TRUE,FALSE,Mass within 25 ppm,18.1832328603227,Reliably detected
1214,Milk,pn12,RLC_NEG_MTB_7692200,672.4849,,negative,-0.39,,0.037,Downregulated,,0,,,,,,,,No matched supplement feature
1215,Milk,pn12,RLC_NEG_MTB_4766716,333.1932,,negative,-0.4,,0.037,Downregulated,,0,,,,,,,,No matched supplement feature
1216,Milk,pn12,RLC_NEG_MTB_6057541,759.428,,negative,-0.4,,0.037,Downregulated,,0,,,,,,,,No matched supplement feature
1217,Milk,pn12,RLC_NEG_MTB_5196692,454.2653,,negative,-0.41,,0.037,Downregulated,,0,,rLC_neg_mtb_3926599,TRUE,TRUE,FALSE,Mass within 25 ppm,2.42148659894558,Reliably detected
1218,Milk,pn34,RLC_NEG_MTB_4796611,284.147,,negative,-0.43,,0.038,Downregulated,,0,,,,,,,,No matched supplement feature
1219,Milk,pn34,RLC_NEG_MTB_3586195,841.0852,,negative,-0.42,,0.038,Downregulated,,0,,rLC_neg_mtb_1589508,TRUE,TRUE,FALSE,Mass within 25 ppm,24.8494675139383,Reliably detected
1220,Milk,pn34,RLC_NEG_MTB_5193663,291.2323,,negative,-0.44,,0.038,Downregulated,"5alpha-androstane-3alpha,17beta-diol",1,5alphaandrostane3alpha17betadiol,,,,,,,No matched supplement feature
1221,Milk,pn34,RLC_NEG_MTB_6301934,695.4536,,negative,-0.41,,0.038,Downregulated,,0,,rLC_neg_mtb_4754208,TRUE,TRUE,FALSE,Mass within 25 ppm,18.6924864543027,Reliably detected
1222,Milk,pn34,RLC_NEG_MTB_6996206,777.4048,,negative,-0.42,,0.038,Downregulated,,0,,,,,,,,No matched supplement feature
1223,Milk,pn34,RLC_NEG_MTB_2294965,201.0266,,negative,0.43,,0.038,Upregulated,,0,,rLC_neg_mtb_2286459,TRUE,TRUE,TRUE,Mass within 25 ppm,4.47703950291657,Supplement-abundant
1224,Milk,pn34,RLC_NEG_MTB_1674899,185.0228,,negative,-0.44,,0.038,Downregulated,L-Arabinose,6,larabinose,rLC_neg_mtb_1315626,TRUE,TRUE,FALSE,Mass within 25 ppm,19.45668293825,Reliably detected
1225,Milk,pn12,RLC_NEG_MTB_3614562,525.1078,,negative,-0.41,,0.038,Downregulated,,0,,,,,,,,No matched supplement feature
1226,Milk,pn12,RLC_NEG_MTB_3643087,301.0964,,negative,-0.4,,0.038,Downregulated,,0,,rLC_neg_mtb_1565546,TRUE,TRUE,FALSE,Mass within 25 ppm,7.63880793410129,Reliably detected
1227,Milk,pn12,RLC_NEG_MTB_4964795,466.2836,,negative,-0.39,,0.038,Downregulated,Prostaglandin PGE2 glyceryl ester,1,prostaglandinpge2glycerylester,rLC_neg_mtb_3779765,TRUE,TRUE,FALSE,Mass within 25 ppm,3.64583657264772,Reliably detected
1228,Milk,pn12,RLC_NEG_MTB_158384,1563.085,,negative,0.42,,0.038,Upregulated,,0,,,,,,,,No matched supplement feature
1229,Milk,pn12,RLC_NEG_MTB_6576001,721.4348,,negative,-0.4,,0.038,Downregulated,,0,,,,,,,,No matched supplement feature
1230,Milk,pn12,RLC_NEG_MTB_6272274,652.4442,,negative,-0.39,,0.038,Downregulated,,0,,,,,,,,No matched supplement feature
1231,Milk,1421d,RLC_NEG_MTB_6362817,777.4562,,negative,0.44,,0.039,Upregulated,,0,,,,,,,,No matched supplement feature
1232,Milk,pn34,RLC_POS_MTB_4779345,596.5254,,positive,-0.41,,0.039,Downregulated,,0,,,,,,,,No matched supplement feature
1233,Milk,pn34,RLC_NEG_MTB_5351189,333.2692,,negative,-0.41,,0.039,Downregulated,,0,,,,,,,,No matched supplement feature
1234,Milk,pn34,RLC_NEG_MTB_6578276,841.4868,,negative,-0.44,,0.039,Downregulated,,0,,,,,,,,No matched supplement feature
1235,Milk,pn34,RLC_NEG_MTB_7321203,644.4974,,negative,-0.42,,0.039,Downregulated,,0,,,,,,,,No matched supplement feature
1236,Milk,pn34,RLC_NEG_MTB_5047498,737.3816,,negative,-0.42,,0.039,Downregulated,,0,,,,,,,,No matched supplement feature
1237,Milk,pn34,RLC_POS_MTB_4742854,582.5073,,positive,-0.42,,0.039,Downregulated,,0,,,,,,,,No matched supplement feature
1238,Milk,pn34,RLC_NEG_MTB_1930991,423.0878,,negative,-0.41,,0.039,Downregulated,,0,,rLC_neg_mtb_1524666,TRUE,FALSE,FALSE,Mass within 25 ppm,8.50894455525832,Detected
1239,Milk,pn34,RLC_NEG_MTB_6360979,661.4324,,negative,-0.43,,0.039,Downregulated,,0,,,,,,,,No matched supplement feature
1240,Milk,pn12,RLC_NEG_MTB_5352731,413.2213,,negative,-0.39,,0.039,Downregulated,,0,,rLC_neg_mtb_4097831,TRUE,TRUE,FALSE,Mass within 25 ppm,1.21000392522412,Reliably detected
1241,Milk,pn12,RLC_POS_MTB_4913370,560.508,,positive,-0.4,,0.039,Downregulated,,0,,,,,,,,No matched supplement feature
1242,Milk,pn12,RLC_NEG_MTB_10734065,554.345,,negative,-0.41,,0.039,Downregulated,,0,,rLC_neg_mtb_4403233,TRUE,TRUE,FALSE,Mass within 25 ppm,0.541178936530523,Reliably detected
1243,Milk,pn34,RLC_NEG_MTB_6608662,735.4658,,negative,-0.42,,0.04,Downregulated,,0,,,,,,,,No matched supplement feature
1244,Milk,pn34,RLC_NEG_MTB_5086408,244.9853,,negative,0.42,,0.04,Upregulated,dITP,1,ditp,,,,,,,No matched supplement feature
1245,Milk,pn34,RLC_POS_MTB_5413263,699.555,,positive,-0.41,,0.04,Downregulated,,0,,,,,,,,No matched supplement feature
1246,Milk,pn34,RLC_NEG_MTB_2028328,203.0817,,negative,0.44,,0.04,Upregulated,Tryptophan_[M-H]-,2,tryptophanmh,rLC_neg_mtb_1602951,TRUE,TRUE,FALSE,Mass within 25 ppm,0.98482434908388,Reliably detected
1247,Milk,pn34,RLC_POS_MTB_6023996,671.5845,,positive,-0.4,,0.04,Downregulated,,0,,,,,,,,No matched supplement feature
1248,Milk,pn34,RLC_NEG_MTB_7353818,642.4979,,negative,-0.42,,0.04,Downregulated,glucocerebroside,1,glucocerebroside,,,,,,,No matched supplement feature
1249,Milk,pn34,RLC_NEG_MTB_5121941,802.5634,,negative,-0.4,,0.04,Downregulated,,0,,rLC_neg_mtb_5357549,TRUE,TRUE,FALSE,Mass within 25 ppm,0.747603929360244,Reliably detected
1250,Milk,pn34,RLC_NEG_MTB_6423576,785.4644,,negative,-0.42,,0.04,Downregulated,,0,,rLC_neg_mtb_4122819,TRUE,TRUE,FALSE,Mass within 25 ppm,17.0596801081417,Reliably detected
1251,Milk,pn34,RLC_NEG_MTB_6022948,626.4073,,negative,-0.42,,0.04,Downregulated,,0,,,,,,,,No matched supplement feature
1252,Milk,pn12,RLC_NEG_MTB_4964840,468.2838,,negative,-0.4,,0.04,Downregulated,13'-carboxy-alpha-tocotrienol,1,13carboxyalphatocotrienol,,,,,,,No matched supplement feature
1253,Milk,pn12,RLC_NEG_MTB_3571642,143.1077,,negative,-0.39,,0.04,Downregulated,Octanoic acid,1,octanoicacid,rLC_neg_mtb_2746289,TRUE,TRUE,FALSE,Mass within 25 ppm,3.49388430483006,Reliably detected
1254,Milk,pn12,RLC_NEG_MTB_3645624,429.129,,negative,-0.39,,0.04,Downregulated,,0,,rLC_neg_mtb_1255661,TRUE,TRUE,FALSE,Mass within 25 ppm,6.29185393671832,Reliably detected
1255,Milk,pn34,RLC_NEG_MTB_5068516,553.377,,negative,-0.42,,0.041,Downregulated,,0,,,,,,,,No matched supplement feature
1256,Milk,pn34,RLC_NEG_MTB_6761497,730.4763,,negative,-0.43,,0.041,Downregulated,,0,,,,,,,,No matched supplement feature
1257,Milk,pn34,RLC_NEG_MTB_4821723,199.6251,,negative,-0.38,,0.041,Downregulated,,0,,,,,,,,No matched supplement feature
1258,Milk,pn34,RLC_NEG_MTB_5070624,721.5652,,negative,-0.41,,0.041,Downregulated,,0,,,,,,,,No matched supplement feature
1259,Milk,pn34,RLC_NEG_MTB_6791380,662.4465,,negative,-0.42,,0.041,Downregulated,,0,,,,,,,,No matched supplement feature
1260,Milk,pn34,RLC_NEG_MTB_6608645,734.4681,,negative,-0.42,,0.041,Downregulated,,0,,rLC_neg_mtb_4873431,TRUE,TRUE,FALSE,Mass within 25 ppm,11.1644174223021,Reliably detected
1261,Milk,pn34,RLC_POS_MTB_5110953,525.4774,,positive,-0.42,,0.041,Downregulated,,0,,,,,,,,No matched supplement feature
1262,Milk,pn34,RLC_NEG_MTB_5849444,385.256,,negative,-0.41,,0.041,Downregulated,,0,,rLC_neg_mtb_3970407,TRUE,TRUE,FALSE,Mass within 25 ppm,4.41263081835357,Reliably detected
1263,Milk,pn34,RLC_POS_MTB_1674918,532.9844,,positive,-0.43,,0.041,Downregulated,,0,,rLC_pos_mtb_790640,TRUE,TRUE,FALSE,Mass within 25 ppm,3.18959696070438,Reliably detected
1264,Milk,pn12,RLC_NEG_MTB_4798200,375.1976,,negative,-0.4,,0.041,Downregulated,,0,,,,,,,,No matched supplement feature
1265,Milk,pn12,RLC_NEG_MTB_1947281,,,negative,0.39,,0.041,Upregulated,,0,,,,,,,,No matched supplement feature
1266,Milk,pn12,RLC_POS_MTB_5384077,653.5522,,positive,-0.4,,0.041,Downregulated,DG(40:5)_[M-H2O+H]+,0,dg405mh2oh,,,,,,,No matched supplement feature
1267,Milk,pn12,RLC_NEG_MTB_4987753,334.2286,,negative,-0.39,,0.041,Downregulated,,0,,rLC_neg_mtb_4282792,TRUE,TRUE,FALSE,Mass within 25 ppm,12.5664074794327,Reliably detected
1268,Milk,pn12,RLC_NEG_MTB_1317743,462.0062,,negative,0.4,,0.041,Upregulated,,0,,,,,,,,No matched supplement feature
1269,Milk,pn12,RLC_NEG_MTB_6245965,751.4428,,negative,-0.39,,0.041,Downregulated,,0,,rLC_neg_mtb_3950826,TRUE,TRUE,FALSE,Mass within 25 ppm,19.9612007487132,Reliably detected
1270,Milk,pn12,RLC_NEG_MTB_6243868,612.4359,,negative,-0.39,,0.041,Downregulated,,0,,,,,,,,No matched supplement feature
1271,Milk,pn12,RLC_NEG_MTB_7666459,881.5255,,negative,-0.38,,0.041,Downregulated,,0,,rLC_neg_mtb_4288479,TRUE,TRUE,FALSE,Mass within 25 ppm,3.2897625085893,Reliably detected
1272,Milk,pn12,RLC_NEG_MTB_3619188,759.0851,,negative,-0.39,,0.041,Downregulated,,0,,,,,,,,No matched supplement feature
1273,Milk,pn12,RLC_NEG_MTB_6515676,827.4761,,negative,-0.39,,0.041,Downregulated,,0,,rLC_neg_mtb_3893295,TRUE,TRUE,FALSE,Mass within 25 ppm,12.0847951403545,Reliably detected
1274,Milk,pn12,RLC_NEG_MTB_4823369,287.1853,,negative,-0.39,,0.041,Downregulated,,0,,,,,,,,No matched supplement feature
1275,Milk,pn12,RLC_NEG_MTB_6606744,615.4196,,negative,-0.39,,0.041,Downregulated,,0,,,,,,,,No matched supplement feature
1276,Milk,pn12,RLC_NEG_MTB_4530839,487.1162,,negative,-0.39,,0.041,Downregulated,,0,,rLC_neg_mtb_1178960,TRUE,TRUE,FALSE,Mass within 25 ppm,18.681723177489,Reliably detected
1277,Milk,pn12,RLC_NEG_MTB_4795241,199.1712,,negative,-0.39,,0.041,Downregulated,Lauric acid_[M-H]-,1,lauricacidmh,rLC_neg_mtb_4495724,TRUE,TRUE,FALSE,Mass within 25 ppm,0.502080874199719,Reliably detected
1278,Milk,pn12,RLC_NEG_MTB_6148671,562.3757,,negative,-0.4,,0.041,Downregulated,,0,,rLC_neg_mtb_3762752,TRUE,TRUE,FALSE,Mass within 25 ppm,0.355634016233263,Reliably detected
1279,Milk,1421d,RLC_NEG_MTB_6056185,706.4153,,negative,0.44,,0.042,Upregulated,,0,,rLC_neg_mtb_3871110,TRUE,TRUE,FALSE,Mass within 25 ppm,15.2882233541732,Reliably detected
1280,Milk,1421d,RLC_NEG_MTB_1375190,834.1517,,negative,0.45,,0.042,Upregulated,,0,,,,,,,,No matched supplement feature
1281,Milk,pn34,RLC_NEG_MTB_394778,324.0435,,negative,-0.41,,0.042,Downregulated,,0,,,,,,,,No matched supplement feature
1282,Milk,pn34,RLC_NEG_MTB_5115344,357.2722,,negative,0.42,,0.042,Upregulated,,0,,rLC_neg_mtb_4192639,TRUE,TRUE,FALSE,Mass within 25 ppm,17.3534140322461,Reliably detected
1283,Milk,pn34,RLC_NEG_MTB_6673208,712.4651,,negative,-0.42,,0.042,Downregulated,,0,,rLC_neg_mtb_4637511,TRUE,TRUE,FALSE,Mass within 25 ppm,14.4570574863546,Reliably detected
1284,Milk,pn34,RLC_NEG_MTB_6054637,653.4075,,negative,-0.4,,0.042,Downregulated,,0,,rLC_neg_mtb_3949293,TRUE,TRUE,FALSE,Mass within 25 ppm,15.1511116784096,Reliably detected
1285,Milk,pn34,RLC_NEG_MTB_4906642,226.1891,,negative,-0.42,,0.042,Downregulated,,0,,rLC_neg_mtb_3831615,TRUE,TRUE,FALSE,Mass within 25 ppm,4.4210990764093,Reliably detected
1286,Milk,pn34,RLC_NEG_MTB_6793928,800.4787,,negative,-0.41,,0.042,Downregulated,,0,,rLC_neg_mtb_4032416,TRUE,TRUE,FALSE,Mass within 25 ppm,7.12078983307009,Reliably detected
1287,Milk,pn34,RLC_NEG_MTB_6732820,728.4815,,negative,-0.42,,0.042,Downregulated,,0,,rLC_neg_mtb_4779385,TRUE,TRUE,FALSE,Mass within 25 ppm,6.86354517207313,Reliably detected
1288,Milk,pn34,RLC_NEG_MTB_5086097,229.2076,,negative,-0.42,,0.042,Downregulated,,0,,,,,,,,No matched supplement feature
1289,Milk,pn34,RLC_NEG_MTB_6607860,682.4736,,negative,-0.41,,0.042,Downregulated,,0,,,,,,,,No matched supplement feature
1290,Milk,pn34,RLC_NEG_MTB_5541960,525.3022,,negative,-0.43,,0.042,Downregulated,,0,,,,,,,,No matched supplement feature
1291,Milk,pn34,RLC_NEG_MTB_10755209,203.0319,,negative,-0.43,,0.042,Downregulated,,0,,rLC_neg_mtb_1704575,TRUE,TRUE,FALSE,Mass within 25 ppm,0,Reliably detected
1292,Milk,pn34,RLC_NEG_MTB_6607086,638.4668,,negative,-0.41,,0.042,Downregulated,,0,,,,,,,,No matched supplement feature
1293,Milk,pn34,RLC_POS_MTB_5617408,670.5546,,positive,-0.43,,0.042,Downregulated,,0,,,,,,,,No matched supplement feature
1294,Milk,pn34,RLC_NEG_MTB_6544673,738.4669,,negative,-0.4,,0.042,Downregulated,,0,,rLC_neg_mtb_4310214,TRUE,TRUE,FALSE,Mass within 25 ppm,8.26028846003402,Reliably detected
1295,Milk,pn34,RLC_NEG_MTB_6791833,686.4678,,negative,-0.41,,0.042,Downregulated,,0,,rLC_neg_mtb_4940487,TRUE,TRUE,FALSE,Mass within 25 ppm,12.0907341129034,Reliably detected
1296,Milk,pn34,RLC_NEG_MTB_4772581,673.136,,negative,-0.41,,0.042,Downregulated,,0,,,,,,,,No matched supplement feature
1297,Milk,pn34,RLC_NEG_MTB_6543590,666.4587,,negative,-0.41,,0.042,Downregulated,,0,,,,,,,,No matched supplement feature
1298,Milk,pn34,RLC_NEG_MTB_7625164,287.9936,,negative,-0.4,,0.042,Downregulated,,0,,rLC_neg_mtb_6065882,TRUE,TRUE,FALSE,Mass within 25 ppm,0.347229817787326,Reliably detected
1299,Milk,pn34,RLC_NEG_MTB_4940348,568.4242,,negative,-0.44,,0.042,Downregulated,,0,,,,,,,,No matched supplement feature
1300,Milk,pn12,RLC_NEG_MTB_1956045,552.1429,,negative,-0.39,,0.042,Downregulated,,0,,rLC_neg_mtb_1302402,TRUE,TRUE,FALSE,Mass within 25 ppm,3.8033487578944,Reliably detected
1301,Milk,pn12,RLC_NEG_MTB_1263161,465.0723,,negative,-0.39,,0.042,Downregulated,,0,,,,,,,,No matched supplement feature
1302,Milk,pn34,RLC_NEG_MTB_6791897,689.4636,,negative,-0.41,,0.043,Downregulated,,0,,,,,,,,No matched supplement feature
1303,Milk,pn34,RLC_POS_MTB_5143354,524.4767,,positive,-0.41,,0.043,Downregulated,,0,,,,,,,,No matched supplement feature
1304,Milk,pn34,RLC_NEG_MTB_5227024,455.1185,,negative,0.43,,0.043,Upregulated,5-S-glutathionyl-aminochrome reduced,1,5sglutathionylaminochromereduced,rLC_neg_mtb_1143524,TRUE,TRUE,FALSE,Mass within 25 ppm,0.659168551240645,Reliably detected
1305,Milk,pn12,RLC_NEG_MTB_4024242,241.181,,negative,-0.39,,0.043,Downregulated,,0,,rLC_neg_mtb_3391639,TRUE,TRUE,FALSE,Mass within 25 ppm,8.70722936381611,Reliably detected
1306,Milk,pn12,RLC_POS_MTB_4288629,598.4865,,positive,-0.4,,0.043,Downregulated,,0,,rLC_pos_mtb_3142599,TRUE,TRUE,FALSE,Mass within 25 ppm,0.167088118555867,Reliably detected
1307,Milk,pn12,RLC_NEG_MTB_6369539,1194.844,,negative,-0.39,,0.043,Downregulated,,0,,,,,,,,No matched supplement feature
1308,Milk,pn34,RLC_NEG_MTB_5089095,412.2087,,negative,-0.42,,0.044,Downregulated,,0,,,,,,,,No matched supplement feature
1309,Milk,pn34,RLC_NEG_MTB_7465923,321.056,,negative,0.4,,0.044,Upregulated,,0,,rLC_neg_mtb_5397795,TRUE,TRUE,FALSE,Mass within 25 ppm,2.80324141920468,Reliably detected
1310,Milk,pn34,RLC_NEG_MTB_5091753,569.1946,,negative,-0.42,,0.044,Downregulated,,0,,,,,,,,No matched supplement feature
1311,Milk,pn34,RLC_NEG_MTB_976072,251.0053,,negative,0.41,,0.044,Upregulated,,0,,,,,,,,No matched supplement feature
1312,Milk,pn34,RLC_NEG_MTB_6574287,624.4523,,negative,-0.41,,0.044,Downregulated,,0,,rLC_neg_mtb_4656867,TRUE,TRUE,FALSE,Mass within 25 ppm,4.80418694489271,Reliably detected
1313,Milk,pn34,RLC_NEG_MTB_7024337,807.5034,,negative,-0.41,,0.044,Downregulated,,0,,rLC_neg_mtb_4197377,TRUE,TRUE,FALSE,Mass within 25 ppm,0.743031479366711,Reliably detected
1314,Milk,pn34,RLC_NEG_MTB_6361023,663.4249,,negative,-0.42,,0.044,Downregulated,,0,,,,,,,,No matched supplement feature
1315,Milk,pn34,RLC_NEG_MTB_1857878,554.1349,,negative,0.43,,0.044,Upregulated,,0,,,,,,,,No matched supplement feature
1316,Milk,pn34,RLC_NEG_MTB_3615734,588.1176,,negative,-0.42,,0.044,Downregulated,,0,,,,,,,,No matched supplement feature
1317,Milk,pn34,RLC_NEG_MTB_6791817,685.474,,negative,-0.4,,0.044,Downregulated,,0,,rLC_neg_mtb_4455922,TRUE,TRUE,FALSE,Mass within 25 ppm,15.7552727644782,Reliably detected
1318,Milk,pn34,RLC_POS_MTB_4915758,706.5865,,positive,0.41,,0.044,Upregulated,,0,,rLC_pos_mtb_4008940,TRUE,TRUE,FALSE,Mass within 25 ppm,1.6983087534369,Reliably detected
1319,Milk,pn12,RLC_NEG_MTB_3646267,460.0881,,negative,-0.39,,0.044,Downregulated,,0,,,,,,,,No matched supplement feature
1320,Milk,pn12,RLC_NEG_MTB_4764128,202.1809,,negative,-0.39,,0.044,Downregulated,,0,,,,,,,,No matched supplement feature
1321,Milk,pn12,RLC_NEG_MTB_6577851,821.484,,negative,-0.39,,0.044,Downregulated,,0,,,,,,,,No matched supplement feature
1322,Milk,pn34,RLC_NEG_MTB_4799216,439.2689,,negative,-0.37,,0.045,Downregulated,stearidonyl carnitine,1,stearidonylcarnitine,rLC_neg_mtb_4498425,TRUE,TRUE,FALSE,Mass within 25 ppm,1.13825624604041,Reliably detected
1323,Milk,pn34,RLC_POS_MTB_5009976,572.525,,positive,-0.41,,0.045,Downregulated,,0,,,,,,,,No matched supplement feature
1324,Milk,pn34,RLC_NEG_MTB_2611040,314.106,,negative,0.4,,0.045,Upregulated,Dihydropteroate,1,dihydropteroate,rLC_neg_mtb_1300201,TRUE,TRUE,FALSE,Mass within 25 ppm,4.13871310859294,Reliably detected
1325,Milk,pn34,RLC_NEG_MTB_5043795,477.3916,,negative,-0.42,,0.045,Downregulated,VLCDCA_C30H54O4_[M-H]-,0,vlcdcac30h54o4mh,rLC_neg_mtb_4260315,TRUE,TRUE,FALSE,Mass within 25 ppm,4.81782444222913,Reliably detected
1326,Milk,pn34,RLC_POS_MTB_7090586,774.6041,,positive,0.4,,0.045,Upregulated,,0,,rLC_pos_mtb_6274439,TRUE,TRUE,FALSE,Mass within 25 ppm,3.09836655401865,Reliably detected
1327,Milk,pn34,RLC_POS_MTB_5111620,564.4688,,positive,-0.41,,0.045,Downregulated,,0,,,,,,,,No matched supplement feature
1328,Milk,pn34,RLC_NEG_MTB_6704225,756.4727,,negative,-0.41,,0.045,Downregulated,,0,,,,,,,,No matched supplement feature
1329,Milk,pn12,RLC_NEG_MTB_5174443,582.4568,,negative,-0.4,,0.045,Downregulated,,0,,,,,,,,No matched supplement feature
1330,Milk,pn12,RLC_NEG_MTB_4563201,329.1276,,negative,-0.39,,0.045,Downregulated,,0,,rLC_neg_mtb_1414622,TRUE,TRUE,FALSE,Mass within 25 ppm,16.7111233186214,Reliably detected
1331,Milk,pn12,RLC_POS_MTB_1346681,475.9136,,positive,0.41,,0.045,Upregulated,,0,,,,,,,,No matched supplement feature
1332,Milk,pn12,RLC_NEG_MTB_2417424,502.2221,,negative,-0.4,,0.045,Downregulated,,0,,,,,,,,No matched supplement feature
1333,Milk,pn12,RLC_NEG_MTB_6245585,729.4372,,negative,-0.39,,0.045,Downregulated,,0,,,,,,,,No matched supplement feature
1334,Milk,pn12,RLC_POS_MTB_4016918,453.3865,,positive,-0.39,,0.045,Downregulated,,0,,,,,,,,No matched supplement feature
1335,Milk,1421d,RLC_NEG_MTB_4743452,725.4758,,negative,-0.44,,0.046,Downregulated,,0,,,,,,,,No matched supplement feature
1336,Milk,pn34,RLC_NEG_MTB_6362759,774.4467,,negative,-0.41,,0.046,Downregulated,,0,,,,,,,,No matched supplement feature
1337,Milk,pn34,RLC_NEG_MTB_7324876,799.5151,,negative,-0.4,,0.046,Downregulated,,0,,rLC_neg_mtb_4592001,TRUE,TRUE,FALSE,Mass within 25 ppm,21.5125767902092,Reliably detected
1338,Milk,pn34,RLC_POS_MTB_5042367,646.5254,,positive,-0.41,,0.046,Downregulated,,0,,,,,,,,No matched supplement feature
1339,Milk,pn34,RLC_NEG_MTB_5146683,605.4077,,negative,-0.42,,0.046,Downregulated,,0,,rLC_neg_mtb_4029462,TRUE,TRUE,FALSE,Mass within 25 ppm,3.63392800365406,Reliably detected
1340,Milk,pn34,RLC_NEG_MTB_4502171,442.2758,,negative,-0.41,,0.046,Downregulated,,0,,rLC_neg_mtb_3946313,TRUE,TRUE,FALSE,Mass within 25 ppm,18.7662183651181,Reliably detected
1341,Milk,pn12,RLC_NEG_MTB_5306190,571.2117,,negative,-0.4,,0.046,Downregulated,,0,,rLC_neg_mtb_4285155,TRUE,TRUE,FALSE,Mass within 25 ppm,2.9761206582829,Reliably detected
1342,Milk,pn12,RLC_NEG_MTB_2492549,473.1962,,negative,-0.4,,0.046,Downregulated,,0,,,,,,,,No matched supplement feature
1343,Milk,pn12,RLC_POS_MTB_2365407,311.1948,,positive,-0.4,,0.046,Downregulated,,0,,,,,,,,No matched supplement feature
1344,Milk,pn12,RLC_NEG_MTB_5280297,648.4863,,negative,-0.39,,0.046,Downregulated,PE(O-30:0)_[M-H]-,0,peo300mh,,,,,,,No matched supplement feature
1345,Milk,pn12,RLC_POS_MTB_4053121,630.4763,,positive,-0.39,,0.046,Downregulated,,0,,,,,,,,No matched supplement feature
1346,Milk,pn12,RLC_NEG_MTB_6334092,726.4456,,negative,-0.39,,0.046,Downregulated,,0,,rLC_neg_mtb_3989517,TRUE,TRUE,FALSE,Mass within 25 ppm,1.51422441778407,Reliably detected
1347,Milk,1421d,RLC_NEG_MTB_5089471,435.2057,,negative,0.44,,0.047,Upregulated,,0,,rLC_neg_mtb_2752603,TRUE,TRUE,FALSE,Mass within 25 ppm,5.97422215046865,Reliably detected
1348,Milk,1421d,RLC_NEG_MTB_1781729,172.0721,,negative,-0.44,,0.047,Downregulated,5-Guanidino-2-oxopentanoate,1,5guanidino2oxopentanoate,,,,,,,No matched supplement feature
1349,Milk,1421d,RLC_NEG_MTB_1370134,311.1084,,negative,0.44,,0.047,Upregulated,,0,,rLC_neg_mtb_2397463,TRUE,TRUE,FALSE,Mass within 25 ppm,15.4289439275073,Reliably detected
1350,Milk,1421d,RLC_NEG_MTB_1314650,187.0719,,negative,0.43,,0.047,Upregulated,D-Glutamate,4,dglutamate,rLC_neg_mtb_1175578,TRUE,TRUE,FALSE,Mass within 25 ppm,2.13821987856664,Reliably detected
1351,Milk,1421d,RLC_POS_MTB_158823,287.0645,,positive,0.44,,0.047,Upregulated,N1-(5-Phospho-D-ribosyl)glycinamide,1,n15phosphodribosylglycinamide,,,,,,,No matched supplement feature
1352,Milk,pn34,RLC_NEG_MTB_5041535,310.2073,,negative,-0.41,,0.047,Downregulated,,0,,rLC_neg_mtb_3778056,TRUE,TRUE,FALSE,Mass within 25 ppm,4.19072843246362,Reliably detected
1353,Milk,pn34,RLC_NEG_MTB_6704278,758.4725,,negative,-0.41,,0.047,Downregulated,,0,,,,,,,,No matched supplement feature
1354,Milk,pn34,RLC_POS_MTB_2967594,377.1436,,positive,0.46,,0.047,Upregulated,Riboflavin,1,riboflavin,,,,,,,No matched supplement feature
1355,Milk,pn34,RLC_NEG_MTB_5016927,370.2155,,negative,-0.41,,0.047,Downregulated,Tamoxifen,2,tamoxifen,,,,,,,No matched supplement feature
1356,Milk,pn34,RLC_POS_MTB_4779199,587.4662,,positive,-0.41,,0.047,Downregulated,,0,,,,,,,,No matched supplement feature
1357,Milk,pn34,RLC_POS_MTB_4778561,547.4739,,positive,-0.41,,0.047,Downregulated,,0,,,,,,,,No matched supplement feature
1358,Milk,pn34,RLC_NEG_MTB_6362096,729.439,,negative,-0.41,,0.047,Downregulated,,0,,,,,,,,No matched supplement feature
1359,Milk,pn34,RLC_NEG_MTB_6359872,589.4386,,negative,-0.42,,0.047,Downregulated,,0,,rLC_neg_mtb_4029228,TRUE,TRUE,FALSE,Mass within 25 ppm,13.7417004794718,Reliably detected
1360,Milk,pn34,RLC_NEG_MTB_6451322,671.454,,negative,-0.42,,0.047,Downregulated,,0,,rLC_neg_mtb_4522077,TRUE,TRUE,FALSE,Mass within 25 ppm,16.8288666592386,Reliably detected
1361,Milk,pn34,RLC_NEG_MTB_6761517,731.4742,,negative,-0.42,,0.047,Downregulated,,0,,,,,,,,No matched supplement feature
1362,Milk,pn12,RLC_NEG_MTB_4586346,167.1069,,negative,-0.4,,0.047,Downregulated,"5-Hydroperoxy-6-trans-8,11,14-cis-eicosatetraenoate",10,5hydroperoxy6trans81114ciseicosatetraenoate,rLC_neg_mtb_2719184,TRUE,TRUE,FALSE,Mass within 25 ppm,2.39368307028666,Reliably detected
1363,Milk,pn12,RLC_NEG_MTB_6362291,744.4558,,negative,-0.38,,0.047,Downregulated,,0,,,,,,,,No matched supplement feature
1364,Milk,pn12,RLC_NEG_MTB_1787733,699.1959,,negative,0.39,,0.047,Upregulated,,0,,rLC_neg_mtb_1258979,TRUE,TRUE,FALSE,Mass within 25 ppm,15.4465534234317,Reliably detected
1365,Milk,pn12,RLC_NEG_MTB_6090172,756.4357,,negative,-0.38,,0.047,Downregulated,1-alkenyl 2-acylglycerol 3-phosphoethanolamine plasmalogen,1,1alkenyl2acylglycerol3phosphoethanolamineplasmalogen,,,,,,,No matched supplement feature
1366,Milk,pn12,RLC_NEG_MTB_5995503,703.407,,negative,-0.39,,0.047,Downregulated,,0,,,,,,,,No matched supplement feature
1367,Milk,pn12,RLC_NEG_MTB_5223835,277.3348,,negative,-0.4,,0.047,Downregulated,,0,,,,,,,,No matched supplement feature
1368,Milk,pn12,RLC_POS_MTB_4222768,583.4336,,positive,-0.39,,0.047,Downregulated,,0,,,,,,,,No matched supplement feature
1369,Milk,pn12,RLC_NEG_MTB_6577492,803.4761,,negative,-0.39,,0.047,Downregulated,,0,,rLC_neg_mtb_3910740,TRUE,TRUE,FALSE,Mass within 25 ppm,14.1881485399344,Reliably detected
1370,Milk,pn12,RLC_NEG_MTB_5489626,576.3427,,negative,-0.39,,0.047,Downregulated,,0,,rLC_neg_mtb_3948220,TRUE,TRUE,FALSE,Mass within 25 ppm,18.3921735403384,Reliably detected
1371,Milk,pn12,RLC_NEG_MTB_6873690,298.1555,,negative,0.39,,0.047,Upregulated,,0,,rLC_neg_mtb_4964998,TRUE,TRUE,FALSE,Mass within 25 ppm,1.00618535672134,Reliably detected
1372,Milk,pn12,RLC_NEG_MTB_5274202,277.3538,,negative,-0.4,,0.047,Downregulated,,0,,,,,,,,No matched supplement feature
1373,Milk,pn12,RLC_NEG_MTB_5251919,277.4753,,negative,-0.38,,0.047,Downregulated,,0,,,,,,,,No matched supplement feature
1374,Milk,pn12,RLC_NEG_MTB_5356121,635.455,,negative,-0.4,,0.047,Downregulated,,0,,rLC_neg_mtb_4703721,TRUE,TRUE,FALSE,Mass within 25 ppm,3.77683559730446,Reliably detected
1375,Milk,pn12,RLC_NEG_MTB_5225655,377.2089,,negative,-0.39,,0.047,Downregulated,,0,,rLC_neg_mtb_4007438,TRUE,TRUE,FALSE,Mass within 25 ppm,1.59063307997178,Reliably detected
1376,Milk,pn12,RLC_NEG_MTB_5351303,338.2385,,negative,-0.37,,0.047,Downregulated,"11,12-DHET",4,1112dhet,rLC_neg_mtb_4117241,TRUE,TRUE,FALSE,Mass within 25 ppm,0.591299092996386,Reliably detected
1377,Milk,pn12,RLC_NEG_MTB_7725087,695.5269,,negative,-0.39,,0.047,Downregulated,,0,,rLC_neg_mtb_5558954,TRUE,TRUE,FALSE,Mass within 25 ppm,12.9396627837823,Reliably detected
1378,Milk,1421d,RLC_NEG_MTB_1411291,201.0166,,negative,0.43,,0.048,Upregulated,Orotate,6,orotate,,,,,,,No matched supplement feature
1379,Milk,pn12,RLC_NEG_MTB_3612744,429.088,,negative,-0.38,,0.048,Downregulated,,0,,rLC_neg_mtb_1335750,TRUE,TRUE,FALSE,Mass within 25 ppm,13.2841648328237,Reliably detected
1380,Milk,pn12,RLC_NEG_MTB_4560859,172.1423,,negative,-0.38,,0.048,Downregulated,,0,,,,,,,,No matched supplement feature
1381,Milk,pn12,RLC_NEG_MTB_6272996,706.4375,,negative,-0.39,,0.048,Downregulated,,0,,rLC_neg_mtb_3871110,TRUE,TRUE,FALSE,Mass within 25 ppm,16.137569096018,Reliably detected
1382,Milk,pn34,RLC_NEG_MTB_6790494,612.3645,,negative,-0.39,,0.049,Downregulated,,0,,,,,,,,No matched supplement feature
1383,Milk,pn34,RLC_NEG_MTB_6368755,1148.836,,negative,-0.4,,0.049,Downregulated,,0,,,,,,,,No matched supplement feature
1384,Milk,pn34,RLC_NEG_MTB_6610923,864.4944,,negative,-0.4,,0.049,Downregulated,,0,,,,,,,,No matched supplement feature
1385,Milk,pn34,RLC_NEG_MTB_7021911,667.4957,,negative,-0.41,,0.049,Downregulated,,0,,,,,,,,No matched supplement feature
1386,Milk,pn34,RLC_POS_MTB_5110923,523.474,,positive,-0.4,,0.049,Downregulated,,0,,,,,,,,No matched supplement feature
1387,Milk,pn34,RLC_NEG_MTB_7324541,785.5023,,negative,-0.41,,0.049,Downregulated,,0,,rLC_neg_mtb_4457360,TRUE,TRUE,FALSE,Mass within 25 ppm,17.0588570031725,Reliably detected
1388,Milk,pn34,RLC_NEG_MTB_5179025,960.6622,,negative,-0.42,,0.049,Downregulated,,0,,,,,,,,No matched supplement feature
1389,Milk,pn34,RLC_NEG_MTB_7023843,781.5046,,negative,-0.4,,0.049,Downregulated,,0,,rLC_neg_mtb_4171925,TRUE,TRUE,FALSE,Mass within 25 ppm,2.04732860731382,Reliably detected
1390,Milk,pn34,RLC_NEG_MTB_168083,415.3843,,negative,-0.4,,0.049,Downregulated,,0,,,,,,,,No matched supplement feature
1391,Milk,pn34,RLC_NEG_MTB_6484111,760.4656,,negative,-0.43,,0.049,Downregulated,,0,,,,,,,,No matched supplement feature
1392,Milk,pn34,RLC_NEG_MTB_6024136,702.4082,,negative,-0.41,,0.049,Downregulated,,0,,,,,,,,No matched supplement feature
1393,Milk,pn12,RLC_NEG_MTB_6450296,616.4258,,negative,-0.38,,0.049,Downregulated,,0,,,,,,,,No matched supplement feature
1394,Milk,pn12,RLC_NEG_MTB_5332848,793.4435,,negative,-0.4,,0.049,Downregulated,,0,,,,,,,,No matched supplement feature
1395,Milk,1421d,RLC_POS_MTB_9970005,813.6776,,positive,0.44,,0.05,Upregulated,,0,,rLC_pos_mtb_5796561,TRUE,TRUE,FALSE,Mass within 25 ppm,4.67013256056892,Reliably detected
1396,Milk,pn34,RLC_NEG_MTB_6391728,788.4634,,negative,-0.4,,0.05,Downregulated,,0,,,,,,,,No matched supplement feature
1397,Milk,pn34,RLC_POS_MTB_5111599,563.4661,,positive,-0.4,,0.05,Downregulated,,0,,,,,,,,No matched supplement feature
1398,Milk,pn34,RLC_POS_MTB_4779488,604.444,,positive,-0.41,,0.05,Downregulated,,0,,rLC_pos_mtb_2741938,TRUE,TRUE,FALSE,Mass within 25 ppm,18.6945171959045,Reliably detected
1399,Milk,pn34,RLC_NEG_MTB_6361405,685.4324,,negative,-0.41,,0.05,Downregulated,,0,,,,,,,,No matched supplement feature
1400,Milk,pn34,RLC_NEG_MTB_6368786,1150.836,,negative,-0.41,,0.05,Downregulated,,0,,,,,,,,No matched supplement feature
1401,Milk,pn12,RLC_NEG_MTB_5045299,578.3452,,negative,-0.39,,0.05,Downregulated,,0,,rLC_neg_mtb_3987717,TRUE,TRUE,FALSE,Mass within 25 ppm,1.03744161378324,Reliably detected
1402,Milk,pn12,RLC_NEG_MTB_5231771,745.4977,,negative,-0.39,,0.05,Downregulated,Phosphatidic acid (phospholipids),1,phosphatidicacidphospholipids,rLC_neg_mtb_4241611,TRUE,FALSE,FALSE,Mass within 25 ppm,0.134138594108013,Detected
